DEBUG - 2025-11-30 03:41:17 --> Session: Class initialized using 'CodeIgniter\Session\Handlers\FileHandler' driver.
DEBUG - 2025-11-30 03:41:24 --> Session: Class initialized using 'CodeIgniter\Session\Handlers\FileHandler' driver.
DEBUG - 2025-11-30 03:41:25 --> Session: Class initialized using 'CodeIgniter\Session\Handlers\FileHandler' driver.
DEBUG - 2025-11-30 03:41:25 --> Session: Class initialized using 'CodeIgniter\Session\Handlers\FileHandler' driver.
DEBUG - 2025-11-30 03:41:25 --> Session: Class initialized using 'CodeIgniter\Session\Handlers\FileHandler' driver.
DEBUG - 2025-11-30 03:41:31 --> Session: Class initialized using 'CodeIgniter\Session\Handlers\FileHandler' driver.
DEBUG - 2025-11-30 03:41:32 --> Session: Class initialized using 'CodeIgniter\Session\Handlers\FileHandler' driver.
DEBUG - 2025-11-30 03:41:34 --> Session: Class initialized using 'CodeIgniter\Session\Handlers\FileHandler' driver.
DEBUG - 2025-11-30 03:41:35 --> Session: Class initialized using 'CodeIgniter\Session\Handlers\FileHandler' driver.
DEBUG - 2025-11-30 03:41:38 --> Session: Class initialized using 'CodeIgniter\Session\Handlers\FileHandler' driver.
DEBUG - 2025-11-30 03:41:46 --> Session: Class initialized using 'CodeIgniter\Session\Handlers\FileHandler' driver.
DEBUG - 2025-11-30 03:46:09 --> Session: Class initialized using 'CodeIgniter\Session\Handlers\FileHandler' driver.
DEBUG - 2025-11-30 03:48:46 --> Session: Class initialized using 'CodeIgniter\Session\Handlers\FileHandler' driver.
DEBUG - 2025-11-30 03:48:48 --> Session: Class initialized using 'CodeIgniter\Session\Handlers\FileHandler' driver.
DEBUG - 2025-11-30 03:48:50 --> Session: Class initialized using 'CodeIgniter\Session\Handlers\FileHandler' driver.
DEBUG - 2025-11-30 03:49:26 --> Session: Class initialized using 'CodeIgniter\Session\Handlers\FileHandler' driver.
DEBUG - 2025-11-30 03:49:44 --> Session: Class initialized using 'CodeIgniter\Session\Handlers\FileHandler' driver.
DEBUG - 2025-11-30 03:49:45 --> Session: Class initialized using 'CodeIgniter\Session\Handlers\FileHandler' driver.
DEBUG - 2025-11-30 03:49:51 --> Session: Class initialized using 'CodeIgniter\Session\Handlers\FileHandler' driver.
DEBUG - 2025-11-30 03:49:51 --> Session: Class initialized using 'CodeIgniter\Session\Handlers\FileHandler' driver.
DEBUG - 2025-11-30 03:52:26 --> Session: Class initialized using 'CodeIgniter\Session\Handlers\FileHandler' driver.
DEBUG - 2025-11-30 03:52:27 --> Session: Class initialized using 'CodeIgniter\Session\Handlers\FileHandler' driver.
DEBUG - 2025-11-30 03:52:32 --> Session: Class initialized using 'CodeIgniter\Session\Handlers\FileHandler' driver.
DEBUG - 2025-11-30 03:55:40 --> Session: Class initialized using 'CodeIgniter\Session\Handlers\FileHandler' driver.
DEBUG - 2025-11-30 03:55:40 --> Session: Class initialized using 'CodeIgniter\Session\Handlers\FileHandler' driver.
DEBUG - 2025-11-30 03:55:44 --> Session: Class initialized using 'CodeIgniter\Session\Handlers\FileHandler' driver.
DEBUG - 2025-11-30 03:55:45 --> Session: Class initialized using 'CodeIgniter\Session\Handlers\FileHandler' driver.
DEBUG - 2025-11-30 03:55:47 --> Session: Class initialized using 'CodeIgniter\Session\Handlers\FileHandler' driver.
DEBUG - 2025-11-30 03:55:54 --> Session: Class initialized using 'CodeIgniter\Session\Handlers\FileHandler' driver.
DEBUG - 2025-11-30 03:55:54 --> Session: Class initialized using 'CodeIgniter\Session\Handlers\FileHandler' driver.
DEBUG - 2025-11-30 04:08:59 --> Session: Class initialized using 'CodeIgniter\Session\Handlers\FileHandler' driver.
DEBUG - 2025-11-30 04:09:01 --> Session: Class initialized using 'CodeIgniter\Session\Handlers\FileHandler' driver.
DEBUG - 2025-11-30 04:09:01 --> Session: Class initialized using 'CodeIgniter\Session\Handlers\FileHandler' driver.
DEBUG - 2025-11-30 04:09:05 --> Session: Class initialized using 'CodeIgniter\Session\Handlers\FileHandler' driver.
DEBUG - 2025-11-30 04:09:05 --> Session: Class initialized using 'CodeIgniter\Session\Handlers\FileHandler' driver.
DEBUG - 2025-11-30 04:09:07 --> Session: Class initialized using 'CodeIgniter\Session\Handlers\FileHandler' driver.
DEBUG - 2025-11-30 04:10:45 --> Session: Class initialized using 'CodeIgniter\Session\Handlers\FileHandler' driver.
DEBUG - 2025-11-30 04:10:48 --> Session: Class initialized using 'CodeIgniter\Session\Handlers\FileHandler' driver.
DEBUG - 2025-11-30 04:13:40 --> Session: Class initialized using 'CodeIgniter\Session\Handlers\FileHandler' driver.
DEBUG - 2025-11-30 04:13:48 --> Session: Class initialized using 'CodeIgniter\Session\Handlers\FileHandler' driver.
DEBUG - 2025-11-30 04:13:51 --> Session: Class initialized using 'CodeIgniter\Session\Handlers\FileHandler' driver.
DEBUG - 2025-11-30 04:14:35 --> Session: Class initialized using 'CodeIgniter\Session\Handlers\FileHandler' driver.
DEBUG - 2025-11-30 04:14:36 --> Session: Class initialized using 'CodeIgniter\Session\Handlers\FileHandler' driver.
DEBUG - 2025-11-30 04:14:37 --> Session: Class initialized using 'CodeIgniter\Session\Handlers\FileHandler' driver.
CRITICAL - 2025-11-30 04:14:37 --> ErrorException: Undefined variable $mapel
[Method: GET, Route: dashboard/pengajar/materi/semua]
in APPPATH\Views\dashboard\pengajar\materi.php on line 19.
 1 APPPATH\Views\dashboard\pengajar\materi.php(19): CodeIgniter\Debug\Exceptions->errorHandler(2, 'Undefined variable $mapel', 'C:\\xampp\\htdocs\\LangkahPeduliNew\\app\\Views\\dashboard\\pengajar\\materi.php', 19)
 2 SYSTEMPATH\View\View.php(226): include('C:\\xampp\\htdocs\\LangkahPeduliNew\\app\\Views\\dashboard\\pengajar\\materi.php')
 3 SYSTEMPATH\View\View.php(229): CodeIgniter\View\View->CodeIgniter\View\{closure}()
 4 SYSTEMPATH\Common.php(1167): CodeIgniter\View\View->render('dashboard/pengajar/materi', [], true)
 5 APPPATH\Controllers\Materi.php(36): view('dashboard/pengajar/materi', [...])
 6 SYSTEMPATH\CodeIgniter.php(933): App\Controllers\Materi->index('true')
 7 SYSTEMPATH\CodeIgniter.php(507): CodeIgniter\CodeIgniter->runController(Object(App\Controllers\Materi))
 8 SYSTEMPATH\CodeIgniter.php(354): CodeIgniter\CodeIgniter->handleRequest(null, Object(Config\Cache), false)
 9 SYSTEMPATH\Boot.php(363): CodeIgniter\CodeIgniter->run()
10 SYSTEMPATH\Boot.php(68): CodeIgniter\Boot::runCodeIgniter(Object(CodeIgniter\CodeIgniter))
11 FCPATH\index.php(59): CodeIgniter\Boot::bootWeb(Object(Config\Paths))
12 SYSTEMPATH\rewrite.php(44): require_once('C:\\xampp\\htdocs\\LangkahPeduliNew\\public\\index.php')
DEBUG - 2025-11-30 04:14:58 --> Session: Class initialized using 'CodeIgniter\Session\Handlers\FileHandler' driver.
CRITICAL - 2025-11-30 04:14:58 --> ErrorException: Undefined variable $mapel
[Method: GET, Route: dashboard/pengajar/materi/semua]
in APPPATH\Views\dashboard\pengajar\materi.php on line 19.
 1 APPPATH\Views\dashboard\pengajar\materi.php(19): CodeIgniter\Debug\Exceptions->errorHandler(2, 'Undefined variable $mapel', 'C:\\xampp\\htdocs\\LangkahPeduliNew\\app\\Views\\dashboard\\pengajar\\materi.php', 19)
 2 SYSTEMPATH\View\View.php(226): include('C:\\xampp\\htdocs\\LangkahPeduliNew\\app\\Views\\dashboard\\pengajar\\materi.php')
 3 SYSTEMPATH\View\View.php(229): CodeIgniter\View\View->CodeIgniter\View\{closure}()
 4 SYSTEMPATH\Common.php(1167): CodeIgniter\View\View->render('dashboard/pengajar/materi', [], true)
 5 APPPATH\Controllers\Materi.php(36): view('dashboard/pengajar/materi', [...])
 6 SYSTEMPATH\CodeIgniter.php(933): App\Controllers\Materi->index('true')
 7 SYSTEMPATH\CodeIgniter.php(507): CodeIgniter\CodeIgniter->runController(Object(App\Controllers\Materi))
 8 SYSTEMPATH\CodeIgniter.php(354): CodeIgniter\CodeIgniter->handleRequest(null, Object(Config\Cache), false)
 9 SYSTEMPATH\Boot.php(363): CodeIgniter\CodeIgniter->run()
10 SYSTEMPATH\Boot.php(68): CodeIgniter\Boot::runCodeIgniter(Object(CodeIgniter\CodeIgniter))
11 FCPATH\index.php(59): CodeIgniter\Boot::bootWeb(Object(Config\Paths))
12 SYSTEMPATH\rewrite.php(44): require_once('C:\\xampp\\htdocs\\LangkahPeduliNew\\public\\index.php')
DEBUG - 2025-11-30 04:14:59 --> Session: Class initialized using 'CodeIgniter\Session\Handlers\FileHandler' driver.
CRITICAL - 2025-11-30 04:14:59 --> ErrorException: Undefined variable $mapel
[Method: GET, Route: dashboard/pengajar/materi/semua]
in APPPATH\Views\dashboard\pengajar\materi.php on line 19.
 1 APPPATH\Views\dashboard\pengajar\materi.php(19): CodeIgniter\Debug\Exceptions->errorHandler(2, 'Undefined variable $mapel', 'C:\\xampp\\htdocs\\LangkahPeduliNew\\app\\Views\\dashboard\\pengajar\\materi.php', 19)
 2 SYSTEMPATH\View\View.php(226): include('C:\\xampp\\htdocs\\LangkahPeduliNew\\app\\Views\\dashboard\\pengajar\\materi.php')
 3 SYSTEMPATH\View\View.php(229): CodeIgniter\View\View->CodeIgniter\View\{closure}()
 4 SYSTEMPATH\Common.php(1167): CodeIgniter\View\View->render('dashboard/pengajar/materi', [], true)
 5 APPPATH\Controllers\Materi.php(36): view('dashboard/pengajar/materi', [...])
 6 SYSTEMPATH\CodeIgniter.php(933): App\Controllers\Materi->index('true')
 7 SYSTEMPATH\CodeIgniter.php(507): CodeIgniter\CodeIgniter->runController(Object(App\Controllers\Materi))
 8 SYSTEMPATH\CodeIgniter.php(354): CodeIgniter\CodeIgniter->handleRequest(null, Object(Config\Cache), false)
 9 SYSTEMPATH\Boot.php(363): CodeIgniter\CodeIgniter->run()
10 SYSTEMPATH\Boot.php(68): CodeIgniter\Boot::runCodeIgniter(Object(CodeIgniter\CodeIgniter))
11 FCPATH\index.php(59): CodeIgniter\Boot::bootWeb(Object(Config\Paths))
12 SYSTEMPATH\rewrite.php(44): require_once('C:\\xampp\\htdocs\\LangkahPeduliNew\\public\\index.php')
DEBUG - 2025-11-30 04:15:00 --> Session: Class initialized using 'CodeIgniter\Session\Handlers\FileHandler' driver.
CRITICAL - 2025-11-30 04:15:00 --> ErrorException: Undefined variable $mapel
[Method: GET, Route: dashboard/pengajar/materi]
in APPPATH\Views\dashboard\pengajar\materi.php on line 19.
 1 APPPATH\Views\dashboard\pengajar\materi.php(19): CodeIgniter\Debug\Exceptions->errorHandler(2, 'Undefined variable $mapel', 'C:\\xampp\\htdocs\\LangkahPeduliNew\\app\\Views\\dashboard\\pengajar\\materi.php', 19)
 2 SYSTEMPATH\View\View.php(226): include('C:\\xampp\\htdocs\\LangkahPeduliNew\\app\\Views\\dashboard\\pengajar\\materi.php')
 3 SYSTEMPATH\View\View.php(229): CodeIgniter\View\View->CodeIgniter\View\{closure}()
 4 SYSTEMPATH\Common.php(1167): CodeIgniter\View\View->render('dashboard/pengajar/materi', [], true)
 5 APPPATH\Controllers\Materi.php(36): view('dashboard/pengajar/materi', [...])
 6 SYSTEMPATH\CodeIgniter.php(933): App\Controllers\Materi->index()
 7 SYSTEMPATH\CodeIgniter.php(507): CodeIgniter\CodeIgniter->runController(Object(App\Controllers\Materi))
 8 SYSTEMPATH\CodeIgniter.php(354): CodeIgniter\CodeIgniter->handleRequest(null, Object(Config\Cache), false)
 9 SYSTEMPATH\Boot.php(363): CodeIgniter\CodeIgniter->run()
10 SYSTEMPATH\Boot.php(68): CodeIgniter\Boot::runCodeIgniter(Object(CodeIgniter\CodeIgniter))
11 FCPATH\index.php(59): CodeIgniter\Boot::bootWeb(Object(Config\Paths))
12 SYSTEMPATH\rewrite.php(44): require_once('C:\\xampp\\htdocs\\LangkahPeduliNew\\public\\index.php')
DEBUG - 2025-11-30 04:15:01 --> Session: Class initialized using 'CodeIgniter\Session\Handlers\FileHandler' driver.
DEBUG - 2025-11-30 04:15:02 --> Session: Class initialized using 'CodeIgniter\Session\Handlers\FileHandler' driver.
CRITICAL - 2025-11-30 04:15:02 --> ErrorException: Undefined variable $mapel
[Method: GET, Route: dashboard/pengajar/materi]
in APPPATH\Views\dashboard\pengajar\materi.php on line 19.
 1 APPPATH\Views\dashboard\pengajar\materi.php(19): CodeIgniter\Debug\Exceptions->errorHandler(2, 'Undefined variable $mapel', 'C:\\xampp\\htdocs\\LangkahPeduliNew\\app\\Views\\dashboard\\pengajar\\materi.php', 19)
 2 SYSTEMPATH\View\View.php(226): include('C:\\xampp\\htdocs\\LangkahPeduliNew\\app\\Views\\dashboard\\pengajar\\materi.php')
 3 SYSTEMPATH\View\View.php(229): CodeIgniter\View\View->CodeIgniter\View\{closure}()
 4 SYSTEMPATH\Common.php(1167): CodeIgniter\View\View->render('dashboard/pengajar/materi', [], true)
 5 APPPATH\Controllers\Materi.php(36): view('dashboard/pengajar/materi', [...])
 6 SYSTEMPATH\CodeIgniter.php(933): App\Controllers\Materi->index()
 7 SYSTEMPATH\CodeIgniter.php(507): CodeIgniter\CodeIgniter->runController(Object(App\Controllers\Materi))
 8 SYSTEMPATH\CodeIgniter.php(354): CodeIgniter\CodeIgniter->handleRequest(null, Object(Config\Cache), false)
 9 SYSTEMPATH\Boot.php(363): CodeIgniter\CodeIgniter->run()
10 SYSTEMPATH\Boot.php(68): CodeIgniter\Boot::runCodeIgniter(Object(CodeIgniter\CodeIgniter))
11 FCPATH\index.php(59): CodeIgniter\Boot::bootWeb(Object(Config\Paths))
12 SYSTEMPATH\rewrite.php(44): require_once('C:\\xampp\\htdocs\\LangkahPeduliNew\\public\\index.php')
DEBUG - 2025-11-30 04:17:34 --> Session: Class initialized using 'CodeIgniter\Session\Handlers\FileHandler' driver.
DEBUG - 2025-11-30 04:18:06 --> Session: Class initialized using 'CodeIgniter\Session\Handlers\FileHandler' driver.
DEBUG - 2025-11-30 04:18:09 --> Session: Class initialized using 'CodeIgniter\Session\Handlers\FileHandler' driver.
DEBUG - 2025-11-30 04:20:16 --> Session: Class initialized using 'CodeIgniter\Session\Handlers\FileHandler' driver.
DEBUG - 2025-11-30 04:21:31 --> Session: Class initialized using 'CodeIgniter\Session\Handlers\FileHandler' driver.
DEBUG - 2025-11-30 04:23:26 --> Session: Class initialized using 'CodeIgniter\Session\Handlers\FileHandler' driver.
DEBUG - 2025-11-30 04:23:28 --> Session: Class initialized using 'CodeIgniter\Session\Handlers\FileHandler' driver.
DEBUG - 2025-11-30 04:23:29 --> Session: Class initialized using 'CodeIgniter\Session\Handlers\FileHandler' driver.
DEBUG - 2025-11-30 04:23:31 --> Session: Class initialized using 'CodeIgniter\Session\Handlers\FileHandler' driver.
DEBUG - 2025-11-30 04:23:54 --> Session: Class initialized using 'CodeIgniter\Session\Handlers\FileHandler' driver.
DEBUG - 2025-11-30 04:23:56 --> Session: Class initialized using 'CodeIgniter\Session\Handlers\FileHandler' driver.
DEBUG - 2025-11-30 04:24:08 --> Session: Class initialized using 'CodeIgniter\Session\Handlers\FileHandler' driver.
DEBUG - 2025-11-30 05:19:56 --> Session: Class initialized using 'CodeIgniter\Session\Handlers\FileHandler' driver.
DEBUG - 2025-11-30 05:19:57 --> Session: Class initialized using 'CodeIgniter\Session\Handlers\FileHandler' driver.
DEBUG - 2025-11-30 05:19:57 --> Session: Class initialized using 'CodeIgniter\Session\Handlers\FileHandler' driver.
DEBUG - 2025-11-30 05:20:00 --> Session: Class initialized using 'CodeIgniter\Session\Handlers\FileHandler' driver.
DEBUG - 2025-11-30 05:33:46 --> Session: Class initialized using 'CodeIgniter\Session\Handlers\FileHandler' driver.
DEBUG - 2025-11-30 05:33:48 --> Session: Class initialized using 'CodeIgniter\Session\Handlers\FileHandler' driver.
DEBUG - 2025-11-30 05:47:32 --> Session: Class initialized using 'CodeIgniter\Session\Handlers\FileHandler' driver.
DEBUG - 2025-11-30 05:47:34 --> Session: Class initialized using 'CodeIgniter\Session\Handlers\FileHandler' driver.
DEBUG - 2025-11-30 06:19:17 --> Session: Class initialized using 'CodeIgniter\Session\Handlers\FileHandler' driver.
ERROR - 2025-11-30 06:44:00 --> mysqli_sql_exception: Table 'newlangkah.mata_pelajaran' doesn't exist in C:\xampp\htdocs\LangkahPeduliNew\system\Database\MySQLi\Connection.php:327
Stack trace:
#0 C:\xampp\htdocs\LangkahPeduliNew\system\Database\MySQLi\Connection.php(327): mysqli->query('SELECT *\nFROM `...', 0)
#1 C:\xampp\htdocs\LangkahPeduliNew\system\Database\BaseConnection.php(729): CodeIgniter\Database\MySQLi\Connection->execute('SELECT *\nFROM `...')
#2 C:\xampp\htdocs\LangkahPeduliNew\system\Database\BaseConnection.php(646): CodeIgniter\Database\BaseConnection->simpleQuery('SELECT *\nFROM `...')
#3 C:\xampp\htdocs\LangkahPeduliNew\system\Database\BaseBuilder.php(1649): CodeIgniter\Database\BaseConnection->query('SELECT *\nFROM `...', Array, false)
#4 C:\xampp\htdocs\LangkahPeduliNew\system\Model.php(286): CodeIgniter\Database\BaseBuilder->get()
#5 C:\xampp\htdocs\LangkahPeduliNew\system\BaseModel.php(677): CodeIgniter\Model->doFindAll(0, 0)
#6 C:\xampp\htdocs\LangkahPeduliNew\app\Controllers\Materi.php(48): CodeIgniter\BaseModel->findAll()
#7 C:\xampp\htdocs\LangkahPeduliNew\system\CodeIgniter.php(933): App\Controllers\Materi->tambah()
#8 C:\xampp\htdocs\LangkahPeduliNew\system\CodeIgniter.php(507): CodeIgniter\CodeIgniter->runController(Object(App\Controllers\Materi))
#9 C:\xampp\htdocs\LangkahPeduliNew\system\CodeIgniter.php(354): CodeIgniter\CodeIgniter->handleRequest(NULL, Object(Config\Cache), false)
#10 C:\xampp\htdocs\LangkahPeduliNew\system\Boot.php(363): CodeIgniter\CodeIgniter->run()
#11 C:\xampp\htdocs\LangkahPeduliNew\system\Boot.php(68): CodeIgniter\Boot::runCodeIgniter(Object(CodeIgniter\CodeIgniter))
#12 C:\xampp\htdocs\LangkahPeduliNew\public\index.php(59): CodeIgniter\Boot::bootWeb(Object(Config\Paths))
#13 C:\xampp\htdocs\LangkahPeduliNew\system\rewrite.php(44): require_once('C:\\xampp\\htdocs...')
#14 {main}
CRITICAL - 2025-11-30 06:44:00 --> CodeIgniter\Database\Exceptions\DatabaseException: Table 'newlangkah.mata_pelajaran' doesn't exist
[Method: GET, Route: dashboard/pengajar/materi/tambah]
in SYSTEMPATH\Database\BaseConnection.php on line 684.
 1 SYSTEMPATH\Database\BaseBuilder.php(1649): CodeIgniter\Database\BaseConnection->query('SELECT *
FROM `mata_pelajaran`', [], false)
 2 SYSTEMPATH\Model.php(286): CodeIgniter\Database\BaseBuilder->get()
 3 SYSTEMPATH\BaseModel.php(677): CodeIgniter\Model->doFindAll(0, 0)
 4 APPPATH\Controllers\Materi.php(48): CodeIgniter\BaseModel->findAll()
 5 SYSTEMPATH\CodeIgniter.php(933): App\Controllers\Materi->tambah()
 6 SYSTEMPATH\CodeIgniter.php(507): CodeIgniter\CodeIgniter->runController(Object(App\Controllers\Materi))
 7 SYSTEMPATH\CodeIgniter.php(354): CodeIgniter\CodeIgniter->handleRequest(null, Object(Config\Cache), false)
 8 SYSTEMPATH\Boot.php(363): CodeIgniter\CodeIgniter->run()
 9 SYSTEMPATH\Boot.php(68): CodeIgniter\Boot::runCodeIgniter(Object(CodeIgniter\CodeIgniter))
10 FCPATH\index.php(59): CodeIgniter\Boot::bootWeb(Object(Config\Paths))
11 SYSTEMPATH\rewrite.php(44): require_once('C:\\xampp\\htdocs\\LangkahPeduliNew\\public\\index.php')
CRITICAL - 2025-11-30 06:44:00 --> [Caused by] CodeIgniter\Database\Exceptions\DatabaseException: Table 'newlangkah.mata_pelajaran' doesn't exist
in SYSTEMPATH\Database\MySQLi\Connection.php on line 332.
 1 SYSTEMPATH\Database\BaseConnection.php(729): CodeIgniter\Database\MySQLi\Connection->execute('SELECT *
FROM `mata_pelajaran`')
 2 SYSTEMPATH\Database\BaseConnection.php(646): CodeIgniter\Database\BaseConnection->simpleQuery('SELECT *
FROM `mata_pelajaran`')
 3 SYSTEMPATH\Database\BaseBuilder.php(1649): CodeIgniter\Database\BaseConnection->query('SELECT *
FROM `mata_pelajaran`', [], false)
 4 SYSTEMPATH\Model.php(286): CodeIgniter\Database\BaseBuilder->get()
 5 SYSTEMPATH\BaseModel.php(677): CodeIgniter\Model->doFindAll(0, 0)
 6 APPPATH\Controllers\Materi.php(48): CodeIgniter\BaseModel->findAll()
 7 SYSTEMPATH\CodeIgniter.php(933): App\Controllers\Materi->tambah()
 8 SYSTEMPATH\CodeIgniter.php(507): CodeIgniter\CodeIgniter->runController(Object(App\Controllers\Materi))
 9 SYSTEMPATH\CodeIgniter.php(354): CodeIgniter\CodeIgniter->handleRequest(null, Object(Config\Cache), false)
10 SYSTEMPATH\Boot.php(363): CodeIgniter\CodeIgniter->run()
11 SYSTEMPATH\Boot.php(68): CodeIgniter\Boot::runCodeIgniter(Object(CodeIgniter\CodeIgniter))
12 FCPATH\index.php(59): CodeIgniter\Boot::bootWeb(Object(Config\Paths))
13 SYSTEMPATH\rewrite.php(44): require_once('C:\\xampp\\htdocs\\LangkahPeduliNew\\public\\index.php')
CRITICAL - 2025-11-30 06:44:00 --> [Caused by] mysqli_sql_exception: Table 'newlangkah.mata_pelajaran' doesn't exist
in SYSTEMPATH\Database\MySQLi\Connection.php on line 327.
 1 SYSTEMPATH\Database\MySQLi\Connection.php(327): mysqli->query('SELECT *
FROM `mata_pelajaran`', 0)
 2 SYSTEMPATH\Database\BaseConnection.php(729): CodeIgniter\Database\MySQLi\Connection->execute('SELECT *
FROM `mata_pelajaran`')
 3 SYSTEMPATH\Database\BaseConnection.php(646): CodeIgniter\Database\BaseConnection->simpleQuery('SELECT *
FROM `mata_pelajaran`')
 4 SYSTEMPATH\Database\BaseBuilder.php(1649): CodeIgniter\Database\BaseConnection->query('SELECT *
FROM `mata_pelajaran`', [], false)
 5 SYSTEMPATH\Model.php(286): CodeIgniter\Database\BaseBuilder->get()
 6 SYSTEMPATH\BaseModel.php(677): CodeIgniter\Model->doFindAll(0, 0)
 7 APPPATH\Controllers\Materi.php(48): CodeIgniter\BaseModel->findAll()
 8 SYSTEMPATH\CodeIgniter.php(933): App\Controllers\Materi->tambah()
 9 SYSTEMPATH\CodeIgniter.php(507): CodeIgniter\CodeIgniter->runController(Object(App\Controllers\Materi))
10 SYSTEMPATH\CodeIgniter.php(354): CodeIgniter\CodeIgniter->handleRequest(null, Object(Config\Cache), false)
11 SYSTEMPATH\Boot.php(363): CodeIgniter\CodeIgniter->run()
12 SYSTEMPATH\Boot.php(68): CodeIgniter\Boot::runCodeIgniter(Object(CodeIgniter\CodeIgniter))
13 FCPATH\index.php(59): CodeIgniter\Boot::bootWeb(Object(Config\Paths))
14 SYSTEMPATH\rewrite.php(44): require_once('C:\\xampp\\htdocs\\LangkahPeduliNew\\public\\index.php')
ERROR - 2025-11-30 06:44:05 --> mysqli_sql_exception: Table 'newlangkah.mata_pelajaran' doesn't exist in C:\xampp\htdocs\LangkahPeduliNew\system\Database\MySQLi\Connection.php:327
Stack trace:
#0 C:\xampp\htdocs\LangkahPeduliNew\system\Database\MySQLi\Connection.php(327): mysqli->query('SELECT *\nFROM `...', 0)
#1 C:\xampp\htdocs\LangkahPeduliNew\system\Database\BaseConnection.php(729): CodeIgniter\Database\MySQLi\Connection->execute('SELECT *\nFROM `...')
#2 C:\xampp\htdocs\LangkahPeduliNew\system\Database\BaseConnection.php(646): CodeIgniter\Database\BaseConnection->simpleQuery('SELECT *\nFROM `...')
#3 C:\xampp\htdocs\LangkahPeduliNew\system\Database\BaseBuilder.php(1649): CodeIgniter\Database\BaseConnection->query('SELECT *\nFROM `...', Array, false)
#4 C:\xampp\htdocs\LangkahPeduliNew\system\Model.php(286): CodeIgniter\Database\BaseBuilder->get()
#5 C:\xampp\htdocs\LangkahPeduliNew\system\BaseModel.php(677): CodeIgniter\Model->doFindAll(0, 0)
#6 C:\xampp\htdocs\LangkahPeduliNew\app\Controllers\Materi.php(48): CodeIgniter\BaseModel->findAll()
#7 C:\xampp\htdocs\LangkahPeduliNew\system\CodeIgniter.php(933): App\Controllers\Materi->tambah()
#8 C:\xampp\htdocs\LangkahPeduliNew\system\CodeIgniter.php(507): CodeIgniter\CodeIgniter->runController(Object(App\Controllers\Materi))
#9 C:\xampp\htdocs\LangkahPeduliNew\system\CodeIgniter.php(354): CodeIgniter\CodeIgniter->handleRequest(NULL, Object(Config\Cache), false)
#10 C:\xampp\htdocs\LangkahPeduliNew\system\Boot.php(363): CodeIgniter\CodeIgniter->run()
#11 C:\xampp\htdocs\LangkahPeduliNew\system\Boot.php(68): CodeIgniter\Boot::runCodeIgniter(Object(CodeIgniter\CodeIgniter))
#12 C:\xampp\htdocs\LangkahPeduliNew\public\index.php(59): CodeIgniter\Boot::bootWeb(Object(Config\Paths))
#13 C:\xampp\htdocs\LangkahPeduliNew\system\rewrite.php(44): require_once('C:\\xampp\\htdocs...')
#14 {main}
CRITICAL - 2025-11-30 06:44:05 --> CodeIgniter\Database\Exceptions\DatabaseException: Table 'newlangkah.mata_pelajaran' doesn't exist
[Method: GET, Route: dashboard/pengajar/materi/tambah]
in SYSTEMPATH\Database\BaseConnection.php on line 684.
 1 SYSTEMPATH\Database\BaseBuilder.php(1649): CodeIgniter\Database\BaseConnection->query('SELECT *
FROM `mata_pelajaran`', [], false)
 2 SYSTEMPATH\Model.php(286): CodeIgniter\Database\BaseBuilder->get()
 3 SYSTEMPATH\BaseModel.php(677): CodeIgniter\Model->doFindAll(0, 0)
 4 APPPATH\Controllers\Materi.php(48): CodeIgniter\BaseModel->findAll()
 5 SYSTEMPATH\CodeIgniter.php(933): App\Controllers\Materi->tambah()
 6 SYSTEMPATH\CodeIgniter.php(507): CodeIgniter\CodeIgniter->runController(Object(App\Controllers\Materi))
 7 SYSTEMPATH\CodeIgniter.php(354): CodeIgniter\CodeIgniter->handleRequest(null, Object(Config\Cache), false)
 8 SYSTEMPATH\Boot.php(363): CodeIgniter\CodeIgniter->run()
 9 SYSTEMPATH\Boot.php(68): CodeIgniter\Boot::runCodeIgniter(Object(CodeIgniter\CodeIgniter))
10 FCPATH\index.php(59): CodeIgniter\Boot::bootWeb(Object(Config\Paths))
11 SYSTEMPATH\rewrite.php(44): require_once('C:\\xampp\\htdocs\\LangkahPeduliNew\\public\\index.php')
CRITICAL - 2025-11-30 06:44:05 --> [Caused by] CodeIgniter\Database\Exceptions\DatabaseException: Table 'newlangkah.mata_pelajaran' doesn't exist
in SYSTEMPATH\Database\MySQLi\Connection.php on line 332.
 1 SYSTEMPATH\Database\BaseConnection.php(729): CodeIgniter\Database\MySQLi\Connection->execute('SELECT *
FROM `mata_pelajaran`')
 2 SYSTEMPATH\Database\BaseConnection.php(646): CodeIgniter\Database\BaseConnection->simpleQuery('SELECT *
FROM `mata_pelajaran`')
 3 SYSTEMPATH\Database\BaseBuilder.php(1649): CodeIgniter\Database\BaseConnection->query('SELECT *
FROM `mata_pelajaran`', [], false)
 4 SYSTEMPATH\Model.php(286): CodeIgniter\Database\BaseBuilder->get()
 5 SYSTEMPATH\BaseModel.php(677): CodeIgniter\Model->doFindAll(0, 0)
 6 APPPATH\Controllers\Materi.php(48): CodeIgniter\BaseModel->findAll()
 7 SYSTEMPATH\CodeIgniter.php(933): App\Controllers\Materi->tambah()
 8 SYSTEMPATH\CodeIgniter.php(507): CodeIgniter\CodeIgniter->runController(Object(App\Controllers\Materi))
 9 SYSTEMPATH\CodeIgniter.php(354): CodeIgniter\CodeIgniter->handleRequest(null, Object(Config\Cache), false)
10 SYSTEMPATH\Boot.php(363): CodeIgniter\CodeIgniter->run()
11 SYSTEMPATH\Boot.php(68): CodeIgniter\Boot::runCodeIgniter(Object(CodeIgniter\CodeIgniter))
12 FCPATH\index.php(59): CodeIgniter\Boot::bootWeb(Object(Config\Paths))
13 SYSTEMPATH\rewrite.php(44): require_once('C:\\xampp\\htdocs\\LangkahPeduliNew\\public\\index.php')
CRITICAL - 2025-11-30 06:44:05 --> [Caused by] mysqli_sql_exception: Table 'newlangkah.mata_pelajaran' doesn't exist
in SYSTEMPATH\Database\MySQLi\Connection.php on line 327.
 1 SYSTEMPATH\Database\MySQLi\Connection.php(327): mysqli->query('SELECT *
FROM `mata_pelajaran`', 0)
 2 SYSTEMPATH\Database\BaseConnection.php(729): CodeIgniter\Database\MySQLi\Connection->execute('SELECT *
FROM `mata_pelajaran`')
 3 SYSTEMPATH\Database\BaseConnection.php(646): CodeIgniter\Database\BaseConnection->simpleQuery('SELECT *
FROM `mata_pelajaran`')
 4 SYSTEMPATH\Database\BaseBuilder.php(1649): CodeIgniter\Database\BaseConnection->query('SELECT *
FROM `mata_pelajaran`', [], false)
 5 SYSTEMPATH\Model.php(286): CodeIgniter\Database\BaseBuilder->get()
 6 SYSTEMPATH\BaseModel.php(677): CodeIgniter\Model->doFindAll(0, 0)
 7 APPPATH\Controllers\Materi.php(48): CodeIgniter\BaseModel->findAll()
 8 SYSTEMPATH\CodeIgniter.php(933): App\Controllers\Materi->tambah()
 9 SYSTEMPATH\CodeIgniter.php(507): CodeIgniter\CodeIgniter->runController(Object(App\Controllers\Materi))
10 SYSTEMPATH\CodeIgniter.php(354): CodeIgniter\CodeIgniter->handleRequest(null, Object(Config\Cache), false)
11 SYSTEMPATH\Boot.php(363): CodeIgniter\CodeIgniter->run()
12 SYSTEMPATH\Boot.php(68): CodeIgniter\Boot::runCodeIgniter(Object(CodeIgniter\CodeIgniter))
13 FCPATH\index.php(59): CodeIgniter\Boot::bootWeb(Object(Config\Paths))
14 SYSTEMPATH\rewrite.php(44): require_once('C:\\xampp\\htdocs\\LangkahPeduliNew\\public\\index.php')
DEBUG - 2025-11-30 06:44:06 --> Session: Class initialized using 'CodeIgniter\Session\Handlers\FileHandler' driver.
ERROR - 2025-11-30 06:44:06 --> mysqli_sql_exception: Table 'newlangkah.mata_pelajaran' doesn't exist in C:\xampp\htdocs\LangkahPeduliNew\system\Database\MySQLi\Connection.php:327
Stack trace:
#0 C:\xampp\htdocs\LangkahPeduliNew\system\Database\MySQLi\Connection.php(327): mysqli->query('SELECT *\nFROM `...', 0)
#1 C:\xampp\htdocs\LangkahPeduliNew\system\Database\BaseConnection.php(729): CodeIgniter\Database\MySQLi\Connection->execute('SELECT *\nFROM `...')
#2 C:\xampp\htdocs\LangkahPeduliNew\system\Database\BaseConnection.php(646): CodeIgniter\Database\BaseConnection->simpleQuery('SELECT *\nFROM `...')
#3 C:\xampp\htdocs\LangkahPeduliNew\system\Database\BaseBuilder.php(1649): CodeIgniter\Database\BaseConnection->query('SELECT *\nFROM `...', Array, false)
#4 C:\xampp\htdocs\LangkahPeduliNew\system\Model.php(286): CodeIgniter\Database\BaseBuilder->get()
#5 C:\xampp\htdocs\LangkahPeduliNew\system\BaseModel.php(677): CodeIgniter\Model->doFindAll(0, 0)
#6 C:\xampp\htdocs\LangkahPeduliNew\app\Controllers\Materi.php(30): CodeIgniter\BaseModel->findAll()
#7 C:\xampp\htdocs\LangkahPeduliNew\system\CodeIgniter.php(933): App\Controllers\Materi->index()
#8 C:\xampp\htdocs\LangkahPeduliNew\system\CodeIgniter.php(507): CodeIgniter\CodeIgniter->runController(Object(App\Controllers\Materi))
#9 C:\xampp\htdocs\LangkahPeduliNew\system\CodeIgniter.php(354): CodeIgniter\CodeIgniter->handleRequest(NULL, Object(Config\Cache), false)
#10 C:\xampp\htdocs\LangkahPeduliNew\system\Boot.php(363): CodeIgniter\CodeIgniter->run()
#11 C:\xampp\htdocs\LangkahPeduliNew\system\Boot.php(68): CodeIgniter\Boot::runCodeIgniter(Object(CodeIgniter\CodeIgniter))
#12 C:\xampp\htdocs\LangkahPeduliNew\public\index.php(59): CodeIgniter\Boot::bootWeb(Object(Config\Paths))
#13 C:\xampp\htdocs\LangkahPeduliNew\system\rewrite.php(44): require_once('C:\\xampp\\htdocs...')
#14 {main}
CRITICAL - 2025-11-30 06:44:06 --> CodeIgniter\Database\Exceptions\DatabaseException: Table 'newlangkah.mata_pelajaran' doesn't exist
[Method: GET, Route: dashboard/pengajar/materi]
in SYSTEMPATH\Database\BaseConnection.php on line 684.
 1 SYSTEMPATH\Database\BaseBuilder.php(1649): CodeIgniter\Database\BaseConnection->query('SELECT *
FROM `mata_pelajaran`
WHERE `pengajar` = :pengajar:', [...], false)
 2 SYSTEMPATH\Model.php(286): CodeIgniter\Database\BaseBuilder->get()
 3 SYSTEMPATH\BaseModel.php(677): CodeIgniter\Model->doFindAll(0, 0)
 4 APPPATH\Controllers\Materi.php(30): CodeIgniter\BaseModel->findAll()
 5 SYSTEMPATH\CodeIgniter.php(933): App\Controllers\Materi->index()
 6 SYSTEMPATH\CodeIgniter.php(507): CodeIgniter\CodeIgniter->runController(Object(App\Controllers\Materi))
 7 SYSTEMPATH\CodeIgniter.php(354): CodeIgniter\CodeIgniter->handleRequest(null, Object(Config\Cache), false)
 8 SYSTEMPATH\Boot.php(363): CodeIgniter\CodeIgniter->run()
 9 SYSTEMPATH\Boot.php(68): CodeIgniter\Boot::runCodeIgniter(Object(CodeIgniter\CodeIgniter))
10 FCPATH\index.php(59): CodeIgniter\Boot::bootWeb(Object(Config\Paths))
11 SYSTEMPATH\rewrite.php(44): require_once('C:\\xampp\\htdocs\\LangkahPeduliNew\\public\\index.php')
CRITICAL - 2025-11-30 06:44:06 --> [Caused by] CodeIgniter\Database\Exceptions\DatabaseException: Table 'newlangkah.mata_pelajaran' doesn't exist
in SYSTEMPATH\Database\MySQLi\Connection.php on line 332.
 1 SYSTEMPATH\Database\BaseConnection.php(729): CodeIgniter\Database\MySQLi\Connection->execute('SELECT *
FROM `mata_pelajaran`
WHERE `pengajar` = \'1ag\'')
 2 SYSTEMPATH\Database\BaseConnection.php(646): CodeIgniter\Database\BaseConnection->simpleQuery('SELECT *
FROM `mata_pelajaran`
WHERE `pengajar` = \'1ag\'')
 3 SYSTEMPATH\Database\BaseBuilder.php(1649): CodeIgniter\Database\BaseConnection->query('SELECT *
FROM `mata_pelajaran`
WHERE `pengajar` = :pengajar:', [...], false)
 4 SYSTEMPATH\Model.php(286): CodeIgniter\Database\BaseBuilder->get()
 5 SYSTEMPATH\BaseModel.php(677): CodeIgniter\Model->doFindAll(0, 0)
 6 APPPATH\Controllers\Materi.php(30): CodeIgniter\BaseModel->findAll()
 7 SYSTEMPATH\CodeIgniter.php(933): App\Controllers\Materi->index()
 8 SYSTEMPATH\CodeIgniter.php(507): CodeIgniter\CodeIgniter->runController(Object(App\Controllers\Materi))
 9 SYSTEMPATH\CodeIgniter.php(354): CodeIgniter\CodeIgniter->handleRequest(null, Object(Config\Cache), false)
10 SYSTEMPATH\Boot.php(363): CodeIgniter\CodeIgniter->run()
11 SYSTEMPATH\Boot.php(68): CodeIgniter\Boot::runCodeIgniter(Object(CodeIgniter\CodeIgniter))
12 FCPATH\index.php(59): CodeIgniter\Boot::bootWeb(Object(Config\Paths))
13 SYSTEMPATH\rewrite.php(44): require_once('C:\\xampp\\htdocs\\LangkahPeduliNew\\public\\index.php')
CRITICAL - 2025-11-30 06:44:06 --> [Caused by] mysqli_sql_exception: Table 'newlangkah.mata_pelajaran' doesn't exist
in SYSTEMPATH\Database\MySQLi\Connection.php on line 327.
 1 SYSTEMPATH\Database\MySQLi\Connection.php(327): mysqli->query('SELECT *
FROM `mata_pelajaran`
WHERE `pengajar` = \'1ag\'', 0)
 2 SYSTEMPATH\Database\BaseConnection.php(729): CodeIgniter\Database\MySQLi\Connection->execute('SELECT *
FROM `mata_pelajaran`
WHERE `pengajar` = \'1ag\'')
 3 SYSTEMPATH\Database\BaseConnection.php(646): CodeIgniter\Database\BaseConnection->simpleQuery('SELECT *
FROM `mata_pelajaran`
WHERE `pengajar` = \'1ag\'')
 4 SYSTEMPATH\Database\BaseBuilder.php(1649): CodeIgniter\Database\BaseConnection->query('SELECT *
FROM `mata_pelajaran`
WHERE `pengajar` = :pengajar:', [...], false)
 5 SYSTEMPATH\Model.php(286): CodeIgniter\Database\BaseBuilder->get()
 6 SYSTEMPATH\BaseModel.php(677): CodeIgniter\Model->doFindAll(0, 0)
 7 APPPATH\Controllers\Materi.php(30): CodeIgniter\BaseModel->findAll()
 8 SYSTEMPATH\CodeIgniter.php(933): App\Controllers\Materi->index()
 9 SYSTEMPATH\CodeIgniter.php(507): CodeIgniter\CodeIgniter->runController(Object(App\Controllers\Materi))
10 SYSTEMPATH\CodeIgniter.php(354): CodeIgniter\CodeIgniter->handleRequest(null, Object(Config\Cache), false)
11 SYSTEMPATH\Boot.php(363): CodeIgniter\CodeIgniter->run()
12 SYSTEMPATH\Boot.php(68): CodeIgniter\Boot::runCodeIgniter(Object(CodeIgniter\CodeIgniter))
13 FCPATH\index.php(59): CodeIgniter\Boot::bootWeb(Object(Config\Paths))
14 SYSTEMPATH\rewrite.php(44): require_once('C:\\xampp\\htdocs\\LangkahPeduliNew\\public\\index.php')
DEBUG - 2025-11-30 06:44:08 --> Session: Class initialized using 'CodeIgniter\Session\Handlers\FileHandler' driver.
ERROR - 2025-11-30 06:44:08 --> mysqli_sql_exception: Table 'newlangkah.mata_pelajaran' doesn't exist in C:\xampp\htdocs\LangkahPeduliNew\system\Database\MySQLi\Connection.php:327
Stack trace:
#0 C:\xampp\htdocs\LangkahPeduliNew\system\Database\MySQLi\Connection.php(327): mysqli->query('SELECT *\nFROM `...', 0)
#1 C:\xampp\htdocs\LangkahPeduliNew\system\Database\BaseConnection.php(729): CodeIgniter\Database\MySQLi\Connection->execute('SELECT *\nFROM `...')
#2 C:\xampp\htdocs\LangkahPeduliNew\system\Database\BaseConnection.php(646): CodeIgniter\Database\BaseConnection->simpleQuery('SELECT *\nFROM `...')
#3 C:\xampp\htdocs\LangkahPeduliNew\system\Database\BaseBuilder.php(1649): CodeIgniter\Database\BaseConnection->query('SELECT *\nFROM `...', Array, false)
#4 C:\xampp\htdocs\LangkahPeduliNew\system\Model.php(286): CodeIgniter\Database\BaseBuilder->get()
#5 C:\xampp\htdocs\LangkahPeduliNew\system\BaseModel.php(677): CodeIgniter\Model->doFindAll(0, 0)
#6 C:\xampp\htdocs\LangkahPeduliNew\app\Controllers\Materi.php(26): CodeIgniter\BaseModel->findAll()
#7 C:\xampp\htdocs\LangkahPeduliNew\system\CodeIgniter.php(933): App\Controllers\Materi->index('true')
#8 C:\xampp\htdocs\LangkahPeduliNew\system\CodeIgniter.php(507): CodeIgniter\CodeIgniter->runController(Object(App\Controllers\Materi))
#9 C:\xampp\htdocs\LangkahPeduliNew\system\CodeIgniter.php(354): CodeIgniter\CodeIgniter->handleRequest(NULL, Object(Config\Cache), false)
#10 C:\xampp\htdocs\LangkahPeduliNew\system\Boot.php(363): CodeIgniter\CodeIgniter->run()
#11 C:\xampp\htdocs\LangkahPeduliNew\system\Boot.php(68): CodeIgniter\Boot::runCodeIgniter(Object(CodeIgniter\CodeIgniter))
#12 C:\xampp\htdocs\LangkahPeduliNew\public\index.php(59): CodeIgniter\Boot::bootWeb(Object(Config\Paths))
#13 C:\xampp\htdocs\LangkahPeduliNew\system\rewrite.php(44): require_once('C:\\xampp\\htdocs...')
#14 {main}
CRITICAL - 2025-11-30 06:44:08 --> CodeIgniter\Database\Exceptions\DatabaseException: Table 'newlangkah.mata_pelajaran' doesn't exist
[Method: GET, Route: dashboard/pengajar/materi/semua]
in SYSTEMPATH\Database\BaseConnection.php on line 684.
 1 SYSTEMPATH\Database\BaseBuilder.php(1649): CodeIgniter\Database\BaseConnection->query('SELECT *
FROM `mata_pelajaran`', [], false)
 2 SYSTEMPATH\Model.php(286): CodeIgniter\Database\BaseBuilder->get()
 3 SYSTEMPATH\BaseModel.php(677): CodeIgniter\Model->doFindAll(0, 0)
 4 APPPATH\Controllers\Materi.php(26): CodeIgniter\BaseModel->findAll()
 5 SYSTEMPATH\CodeIgniter.php(933): App\Controllers\Materi->index('true')
 6 SYSTEMPATH\CodeIgniter.php(507): CodeIgniter\CodeIgniter->runController(Object(App\Controllers\Materi))
 7 SYSTEMPATH\CodeIgniter.php(354): CodeIgniter\CodeIgniter->handleRequest(null, Object(Config\Cache), false)
 8 SYSTEMPATH\Boot.php(363): CodeIgniter\CodeIgniter->run()
 9 SYSTEMPATH\Boot.php(68): CodeIgniter\Boot::runCodeIgniter(Object(CodeIgniter\CodeIgniter))
10 FCPATH\index.php(59): CodeIgniter\Boot::bootWeb(Object(Config\Paths))
11 SYSTEMPATH\rewrite.php(44): require_once('C:\\xampp\\htdocs\\LangkahPeduliNew\\public\\index.php')
CRITICAL - 2025-11-30 06:44:08 --> [Caused by] CodeIgniter\Database\Exceptions\DatabaseException: Table 'newlangkah.mata_pelajaran' doesn't exist
in SYSTEMPATH\Database\MySQLi\Connection.php on line 332.
 1 SYSTEMPATH\Database\BaseConnection.php(729): CodeIgniter\Database\MySQLi\Connection->execute('SELECT *
FROM `mata_pelajaran`')
 2 SYSTEMPATH\Database\BaseConnection.php(646): CodeIgniter\Database\BaseConnection->simpleQuery('SELECT *
FROM `mata_pelajaran`')
 3 SYSTEMPATH\Database\BaseBuilder.php(1649): CodeIgniter\Database\BaseConnection->query('SELECT *
FROM `mata_pelajaran`', [], false)
 4 SYSTEMPATH\Model.php(286): CodeIgniter\Database\BaseBuilder->get()
 5 SYSTEMPATH\BaseModel.php(677): CodeIgniter\Model->doFindAll(0, 0)
 6 APPPATH\Controllers\Materi.php(26): CodeIgniter\BaseModel->findAll()
 7 SYSTEMPATH\CodeIgniter.php(933): App\Controllers\Materi->index('true')
 8 SYSTEMPATH\CodeIgniter.php(507): CodeIgniter\CodeIgniter->runController(Object(App\Controllers\Materi))
 9 SYSTEMPATH\CodeIgniter.php(354): CodeIgniter\CodeIgniter->handleRequest(null, Object(Config\Cache), false)
10 SYSTEMPATH\Boot.php(363): CodeIgniter\CodeIgniter->run()
11 SYSTEMPATH\Boot.php(68): CodeIgniter\Boot::runCodeIgniter(Object(CodeIgniter\CodeIgniter))
12 FCPATH\index.php(59): CodeIgniter\Boot::bootWeb(Object(Config\Paths))
13 SYSTEMPATH\rewrite.php(44): require_once('C:\\xampp\\htdocs\\LangkahPeduliNew\\public\\index.php')
CRITICAL - 2025-11-30 06:44:08 --> [Caused by] mysqli_sql_exception: Table 'newlangkah.mata_pelajaran' doesn't exist
in SYSTEMPATH\Database\MySQLi\Connection.php on line 327.
 1 SYSTEMPATH\Database\MySQLi\Connection.php(327): mysqli->query('SELECT *
FROM `mata_pelajaran`', 0)
 2 SYSTEMPATH\Database\BaseConnection.php(729): CodeIgniter\Database\MySQLi\Connection->execute('SELECT *
FROM `mata_pelajaran`')
 3 SYSTEMPATH\Database\BaseConnection.php(646): CodeIgniter\Database\BaseConnection->simpleQuery('SELECT *
FROM `mata_pelajaran`')
 4 SYSTEMPATH\Database\BaseBuilder.php(1649): CodeIgniter\Database\BaseConnection->query('SELECT *
FROM `mata_pelajaran`', [], false)
 5 SYSTEMPATH\Model.php(286): CodeIgniter\Database\BaseBuilder->get()
 6 SYSTEMPATH\BaseModel.php(677): CodeIgniter\Model->doFindAll(0, 0)
 7 APPPATH\Controllers\Materi.php(26): CodeIgniter\BaseModel->findAll()
 8 SYSTEMPATH\CodeIgniter.php(933): App\Controllers\Materi->index('true')
 9 SYSTEMPATH\CodeIgniter.php(507): CodeIgniter\CodeIgniter->runController(Object(App\Controllers\Materi))
10 SYSTEMPATH\CodeIgniter.php(354): CodeIgniter\CodeIgniter->handleRequest(null, Object(Config\Cache), false)
11 SYSTEMPATH\Boot.php(363): CodeIgniter\CodeIgniter->run()
12 SYSTEMPATH\Boot.php(68): CodeIgniter\Boot::runCodeIgniter(Object(CodeIgniter\CodeIgniter))
13 FCPATH\index.php(59): CodeIgniter\Boot::bootWeb(Object(Config\Paths))
14 SYSTEMPATH\rewrite.php(44): require_once('C:\\xampp\\htdocs\\LangkahPeduliNew\\public\\index.php')
DEBUG - 2025-11-30 06:44:09 --> Session: Class initialized using 'CodeIgniter\Session\Handlers\FileHandler' driver.
ERROR - 2025-11-30 06:44:09 --> mysqli_sql_exception: Table 'newlangkah.mata_pelajaran' doesn't exist in C:\xampp\htdocs\LangkahPeduliNew\system\Database\MySQLi\Connection.php:327
Stack trace:
#0 C:\xampp\htdocs\LangkahPeduliNew\system\Database\MySQLi\Connection.php(327): mysqli->query('SELECT *\nFROM `...', 0)
#1 C:\xampp\htdocs\LangkahPeduliNew\system\Database\BaseConnection.php(729): CodeIgniter\Database\MySQLi\Connection->execute('SELECT *\nFROM `...')
#2 C:\xampp\htdocs\LangkahPeduliNew\system\Database\BaseConnection.php(646): CodeIgniter\Database\BaseConnection->simpleQuery('SELECT *\nFROM `...')
#3 C:\xampp\htdocs\LangkahPeduliNew\system\Database\BaseBuilder.php(1649): CodeIgniter\Database\BaseConnection->query('SELECT *\nFROM `...', Array, false)
#4 C:\xampp\htdocs\LangkahPeduliNew\system\Model.php(286): CodeIgniter\Database\BaseBuilder->get()
#5 C:\xampp\htdocs\LangkahPeduliNew\system\BaseModel.php(677): CodeIgniter\Model->doFindAll(0, 0)
#6 C:\xampp\htdocs\LangkahPeduliNew\app\Controllers\Materi.php(30): CodeIgniter\BaseModel->findAll()
#7 C:\xampp\htdocs\LangkahPeduliNew\system\CodeIgniter.php(933): App\Controllers\Materi->index()
#8 C:\xampp\htdocs\LangkahPeduliNew\system\CodeIgniter.php(507): CodeIgniter\CodeIgniter->runController(Object(App\Controllers\Materi))
#9 C:\xampp\htdocs\LangkahPeduliNew\system\CodeIgniter.php(354): CodeIgniter\CodeIgniter->handleRequest(NULL, Object(Config\Cache), false)
#10 C:\xampp\htdocs\LangkahPeduliNew\system\Boot.php(363): CodeIgniter\CodeIgniter->run()
#11 C:\xampp\htdocs\LangkahPeduliNew\system\Boot.php(68): CodeIgniter\Boot::runCodeIgniter(Object(CodeIgniter\CodeIgniter))
#12 C:\xampp\htdocs\LangkahPeduliNew\public\index.php(59): CodeIgniter\Boot::bootWeb(Object(Config\Paths))
#13 C:\xampp\htdocs\LangkahPeduliNew\system\rewrite.php(44): require_once('C:\\xampp\\htdocs...')
#14 {main}
CRITICAL - 2025-11-30 06:44:09 --> CodeIgniter\Database\Exceptions\DatabaseException: Table 'newlangkah.mata_pelajaran' doesn't exist
[Method: GET, Route: dashboard/pengajar/materi]
in SYSTEMPATH\Database\BaseConnection.php on line 684.
 1 SYSTEMPATH\Database\BaseBuilder.php(1649): CodeIgniter\Database\BaseConnection->query('SELECT *
FROM `mata_pelajaran`
WHERE `pengajar` = :pengajar:', [...], false)
 2 SYSTEMPATH\Model.php(286): CodeIgniter\Database\BaseBuilder->get()
 3 SYSTEMPATH\BaseModel.php(677): CodeIgniter\Model->doFindAll(0, 0)
 4 APPPATH\Controllers\Materi.php(30): CodeIgniter\BaseModel->findAll()
 5 SYSTEMPATH\CodeIgniter.php(933): App\Controllers\Materi->index()
 6 SYSTEMPATH\CodeIgniter.php(507): CodeIgniter\CodeIgniter->runController(Object(App\Controllers\Materi))
 7 SYSTEMPATH\CodeIgniter.php(354): CodeIgniter\CodeIgniter->handleRequest(null, Object(Config\Cache), false)
 8 SYSTEMPATH\Boot.php(363): CodeIgniter\CodeIgniter->run()
 9 SYSTEMPATH\Boot.php(68): CodeIgniter\Boot::runCodeIgniter(Object(CodeIgniter\CodeIgniter))
10 FCPATH\index.php(59): CodeIgniter\Boot::bootWeb(Object(Config\Paths))
11 SYSTEMPATH\rewrite.php(44): require_once('C:\\xampp\\htdocs\\LangkahPeduliNew\\public\\index.php')
CRITICAL - 2025-11-30 06:44:09 --> [Caused by] CodeIgniter\Database\Exceptions\DatabaseException: Table 'newlangkah.mata_pelajaran' doesn't exist
in SYSTEMPATH\Database\MySQLi\Connection.php on line 332.
 1 SYSTEMPATH\Database\BaseConnection.php(729): CodeIgniter\Database\MySQLi\Connection->execute('SELECT *
FROM `mata_pelajaran`
WHERE `pengajar` = \'1ag\'')
 2 SYSTEMPATH\Database\BaseConnection.php(646): CodeIgniter\Database\BaseConnection->simpleQuery('SELECT *
FROM `mata_pelajaran`
WHERE `pengajar` = \'1ag\'')
 3 SYSTEMPATH\Database\BaseBuilder.php(1649): CodeIgniter\Database\BaseConnection->query('SELECT *
FROM `mata_pelajaran`
WHERE `pengajar` = :pengajar:', [...], false)
 4 SYSTEMPATH\Model.php(286): CodeIgniter\Database\BaseBuilder->get()
 5 SYSTEMPATH\BaseModel.php(677): CodeIgniter\Model->doFindAll(0, 0)
 6 APPPATH\Controllers\Materi.php(30): CodeIgniter\BaseModel->findAll()
 7 SYSTEMPATH\CodeIgniter.php(933): App\Controllers\Materi->index()
 8 SYSTEMPATH\CodeIgniter.php(507): CodeIgniter\CodeIgniter->runController(Object(App\Controllers\Materi))
 9 SYSTEMPATH\CodeIgniter.php(354): CodeIgniter\CodeIgniter->handleRequest(null, Object(Config\Cache), false)
10 SYSTEMPATH\Boot.php(363): CodeIgniter\CodeIgniter->run()
11 SYSTEMPATH\Boot.php(68): CodeIgniter\Boot::runCodeIgniter(Object(CodeIgniter\CodeIgniter))
12 FCPATH\index.php(59): CodeIgniter\Boot::bootWeb(Object(Config\Paths))
13 SYSTEMPATH\rewrite.php(44): require_once('C:\\xampp\\htdocs\\LangkahPeduliNew\\public\\index.php')
CRITICAL - 2025-11-30 06:44:09 --> [Caused by] mysqli_sql_exception: Table 'newlangkah.mata_pelajaran' doesn't exist
in SYSTEMPATH\Database\MySQLi\Connection.php on line 327.
 1 SYSTEMPATH\Database\MySQLi\Connection.php(327): mysqli->query('SELECT *
FROM `mata_pelajaran`
WHERE `pengajar` = \'1ag\'', 0)
 2 SYSTEMPATH\Database\BaseConnection.php(729): CodeIgniter\Database\MySQLi\Connection->execute('SELECT *
FROM `mata_pelajaran`
WHERE `pengajar` = \'1ag\'')
 3 SYSTEMPATH\Database\BaseConnection.php(646): CodeIgniter\Database\BaseConnection->simpleQuery('SELECT *
FROM `mata_pelajaran`
WHERE `pengajar` = \'1ag\'')
 4 SYSTEMPATH\Database\BaseBuilder.php(1649): CodeIgniter\Database\BaseConnection->query('SELECT *
FROM `mata_pelajaran`
WHERE `pengajar` = :pengajar:', [...], false)
 5 SYSTEMPATH\Model.php(286): CodeIgniter\Database\BaseBuilder->get()
 6 SYSTEMPATH\BaseModel.php(677): CodeIgniter\Model->doFindAll(0, 0)
 7 APPPATH\Controllers\Materi.php(30): CodeIgniter\BaseModel->findAll()
 8 SYSTEMPATH\CodeIgniter.php(933): App\Controllers\Materi->index()
 9 SYSTEMPATH\CodeIgniter.php(507): CodeIgniter\CodeIgniter->runController(Object(App\Controllers\Materi))
10 SYSTEMPATH\CodeIgniter.php(354): CodeIgniter\CodeIgniter->handleRequest(null, Object(Config\Cache), false)
11 SYSTEMPATH\Boot.php(363): CodeIgniter\CodeIgniter->run()
12 SYSTEMPATH\Boot.php(68): CodeIgniter\Boot::runCodeIgniter(Object(CodeIgniter\CodeIgniter))
13 FCPATH\index.php(59): CodeIgniter\Boot::bootWeb(Object(Config\Paths))
14 SYSTEMPATH\rewrite.php(44): require_once('C:\\xampp\\htdocs\\LangkahPeduliNew\\public\\index.php')
CRITICAL - 2025-11-30 06:53:08 --> ErrorException: Undefined array key "kode_mapel"
[Method: GET, Route: dashboard/pengajar/materi/tambah]
in APPPATH\Views\dashboard\pengajar\tambah_materi.php on line 16.
 1 APPPATH\Views\dashboard\pengajar\tambah_materi.php(16): CodeIgniter\Debug\Exceptions->errorHandler(2, 'Undefined array key "kode_mapel"', 'C:\\xampp\\htdocs\\LangkahPeduliNew\\app\\Views\\dashboard\\pengajar\\tambah_materi.php', 16)
 2 SYSTEMPATH\View\View.php(226): include('C:\\xampp\\htdocs\\LangkahPeduliNew\\app\\Views\\dashboard\\pengajar\\tambah_materi.php')
 3 SYSTEMPATH\View\View.php(229): CodeIgniter\View\View->CodeIgniter\View\{closure}()
 4 SYSTEMPATH\Common.php(1167): CodeIgniter\View\View->render('dashboard/pengajar/tambah_materi', [], true)
 5 APPPATH\Controllers\Materi.php(50): view('dashboard/pengajar/tambah_materi', [...])
 6 SYSTEMPATH\CodeIgniter.php(933): App\Controllers\Materi->tambah()
 7 SYSTEMPATH\CodeIgniter.php(507): CodeIgniter\CodeIgniter->runController(Object(App\Controllers\Materi))
 8 SYSTEMPATH\CodeIgniter.php(354): CodeIgniter\CodeIgniter->handleRequest(null, Object(Config\Cache), false)
 9 SYSTEMPATH\Boot.php(363): CodeIgniter\CodeIgniter->run()
10 SYSTEMPATH\Boot.php(68): CodeIgniter\Boot::runCodeIgniter(Object(CodeIgniter\CodeIgniter))
11 FCPATH\index.php(59): CodeIgniter\Boot::bootWeb(Object(Config\Paths))
12 SYSTEMPATH\rewrite.php(44): require_once('C:\\xampp\\htdocs\\LangkahPeduliNew\\public\\index.php')
CRITICAL - 2025-11-30 06:53:09 --> ErrorException: Undefined array key "kode_mapel"
[Method: GET, Route: dashboard/pengajar/materi/tambah]
in APPPATH\Views\dashboard\pengajar\tambah_materi.php on line 16.
 1 APPPATH\Views\dashboard\pengajar\tambah_materi.php(16): CodeIgniter\Debug\Exceptions->errorHandler(2, 'Undefined array key "kode_mapel"', 'C:\\xampp\\htdocs\\LangkahPeduliNew\\app\\Views\\dashboard\\pengajar\\tambah_materi.php', 16)
 2 SYSTEMPATH\View\View.php(226): include('C:\\xampp\\htdocs\\LangkahPeduliNew\\app\\Views\\dashboard\\pengajar\\tambah_materi.php')
 3 SYSTEMPATH\View\View.php(229): CodeIgniter\View\View->CodeIgniter\View\{closure}()
 4 SYSTEMPATH\Common.php(1167): CodeIgniter\View\View->render('dashboard/pengajar/tambah_materi', [], true)
 5 APPPATH\Controllers\Materi.php(50): view('dashboard/pengajar/tambah_materi', [...])
 6 SYSTEMPATH\CodeIgniter.php(933): App\Controllers\Materi->tambah()
 7 SYSTEMPATH\CodeIgniter.php(507): CodeIgniter\CodeIgniter->runController(Object(App\Controllers\Materi))
 8 SYSTEMPATH\CodeIgniter.php(354): CodeIgniter\CodeIgniter->handleRequest(null, Object(Config\Cache), false)
 9 SYSTEMPATH\Boot.php(363): CodeIgniter\CodeIgniter->run()
10 SYSTEMPATH\Boot.php(68): CodeIgniter\Boot::runCodeIgniter(Object(CodeIgniter\CodeIgniter))
11 FCPATH\index.php(59): CodeIgniter\Boot::bootWeb(Object(Config\Paths))
12 SYSTEMPATH\rewrite.php(44): require_once('C:\\xampp\\htdocs\\LangkahPeduliNew\\public\\index.php')
CRITICAL - 2025-11-30 06:53:10 --> ErrorException: Undefined array key "kode_mapel"
[Method: GET, Route: dashboard/pengajar/materi/tambah]
in APPPATH\Views\dashboard\pengajar\tambah_materi.php on line 16.
 1 APPPATH\Views\dashboard\pengajar\tambah_materi.php(16): CodeIgniter\Debug\Exceptions->errorHandler(2, 'Undefined array key "kode_mapel"', 'C:\\xampp\\htdocs\\LangkahPeduliNew\\app\\Views\\dashboard\\pengajar\\tambah_materi.php', 16)
 2 SYSTEMPATH\View\View.php(226): include('C:\\xampp\\htdocs\\LangkahPeduliNew\\app\\Views\\dashboard\\pengajar\\tambah_materi.php')
 3 SYSTEMPATH\View\View.php(229): CodeIgniter\View\View->CodeIgniter\View\{closure}()
 4 SYSTEMPATH\Common.php(1167): CodeIgniter\View\View->render('dashboard/pengajar/tambah_materi', [], true)
 5 APPPATH\Controllers\Materi.php(50): view('dashboard/pengajar/tambah_materi', [...])
 6 SYSTEMPATH\CodeIgniter.php(933): App\Controllers\Materi->tambah()
 7 SYSTEMPATH\CodeIgniter.php(507): CodeIgniter\CodeIgniter->runController(Object(App\Controllers\Materi))
 8 SYSTEMPATH\CodeIgniter.php(354): CodeIgniter\CodeIgniter->handleRequest(null, Object(Config\Cache), false)
 9 SYSTEMPATH\Boot.php(363): CodeIgniter\CodeIgniter->run()
10 SYSTEMPATH\Boot.php(68): CodeIgniter\Boot::runCodeIgniter(Object(CodeIgniter\CodeIgniter))
11 FCPATH\index.php(59): CodeIgniter\Boot::bootWeb(Object(Config\Paths))
12 SYSTEMPATH\rewrite.php(44): require_once('C:\\xampp\\htdocs\\LangkahPeduliNew\\public\\index.php')
DEBUG - 2025-11-30 06:53:16 --> Session: Class initialized using 'CodeIgniter\Session\Handlers\FileHandler' driver.
ERROR - 2025-11-30 06:53:16 --> mysqli_sql_exception: Unknown column 'pengajar' in 'where clause' in C:\xampp\htdocs\LangkahPeduliNew\system\Database\MySQLi\Connection.php:327
Stack trace:
#0 C:\xampp\htdocs\LangkahPeduliNew\system\Database\MySQLi\Connection.php(327): mysqli->query('SELECT *\nFROM `...', 0)
#1 C:\xampp\htdocs\LangkahPeduliNew\system\Database\BaseConnection.php(729): CodeIgniter\Database\MySQLi\Connection->execute('SELECT *\nFROM `...')
#2 C:\xampp\htdocs\LangkahPeduliNew\system\Database\BaseConnection.php(646): CodeIgniter\Database\BaseConnection->simpleQuery('SELECT *\nFROM `...')
#3 C:\xampp\htdocs\LangkahPeduliNew\system\Database\BaseBuilder.php(1649): CodeIgniter\Database\BaseConnection->query('SELECT *\nFROM `...', Array, false)
#4 C:\xampp\htdocs\LangkahPeduliNew\system\Model.php(286): CodeIgniter\Database\BaseBuilder->get()
#5 C:\xampp\htdocs\LangkahPeduliNew\system\BaseModel.php(677): CodeIgniter\Model->doFindAll(0, 0)
#6 C:\xampp\htdocs\LangkahPeduliNew\app\Controllers\Materi.php(30): CodeIgniter\BaseModel->findAll()
#7 C:\xampp\htdocs\LangkahPeduliNew\system\CodeIgniter.php(933): App\Controllers\Materi->index()
#8 C:\xampp\htdocs\LangkahPeduliNew\system\CodeIgniter.php(507): CodeIgniter\CodeIgniter->runController(Object(App\Controllers\Materi))
#9 C:\xampp\htdocs\LangkahPeduliNew\system\CodeIgniter.php(354): CodeIgniter\CodeIgniter->handleRequest(NULL, Object(Config\Cache), false)
#10 C:\xampp\htdocs\LangkahPeduliNew\system\Boot.php(363): CodeIgniter\CodeIgniter->run()
#11 C:\xampp\htdocs\LangkahPeduliNew\system\Boot.php(68): CodeIgniter\Boot::runCodeIgniter(Object(CodeIgniter\CodeIgniter))
#12 C:\xampp\htdocs\LangkahPeduliNew\public\index.php(59): CodeIgniter\Boot::bootWeb(Object(Config\Paths))
#13 C:\xampp\htdocs\LangkahPeduliNew\system\rewrite.php(44): require_once('C:\\xampp\\htdocs...')
#14 {main}
CRITICAL - 2025-11-30 06:53:16 --> CodeIgniter\Database\Exceptions\DatabaseException: Unknown column 'pengajar' in 'where clause'
[Method: GET, Route: dashboard/pengajar/materi]
in SYSTEMPATH\Database\BaseConnection.php on line 684.
 1 SYSTEMPATH\Database\BaseBuilder.php(1649): CodeIgniter\Database\BaseConnection->query('SELECT *
FROM `mata_pelajaran`
WHERE `pengajar` = :pengajar:', [...], false)
 2 SYSTEMPATH\Model.php(286): CodeIgniter\Database\BaseBuilder->get()
 3 SYSTEMPATH\BaseModel.php(677): CodeIgniter\Model->doFindAll(0, 0)
 4 APPPATH\Controllers\Materi.php(30): CodeIgniter\BaseModel->findAll()
 5 SYSTEMPATH\CodeIgniter.php(933): App\Controllers\Materi->index()
 6 SYSTEMPATH\CodeIgniter.php(507): CodeIgniter\CodeIgniter->runController(Object(App\Controllers\Materi))
 7 SYSTEMPATH\CodeIgniter.php(354): CodeIgniter\CodeIgniter->handleRequest(null, Object(Config\Cache), false)
 8 SYSTEMPATH\Boot.php(363): CodeIgniter\CodeIgniter->run()
 9 SYSTEMPATH\Boot.php(68): CodeIgniter\Boot::runCodeIgniter(Object(CodeIgniter\CodeIgniter))
10 FCPATH\index.php(59): CodeIgniter\Boot::bootWeb(Object(Config\Paths))
11 SYSTEMPATH\rewrite.php(44): require_once('C:\\xampp\\htdocs\\LangkahPeduliNew\\public\\index.php')
CRITICAL - 2025-11-30 06:53:16 --> [Caused by] CodeIgniter\Database\Exceptions\DatabaseException: Unknown column 'pengajar' in 'where clause'
in SYSTEMPATH\Database\MySQLi\Connection.php on line 332.
 1 SYSTEMPATH\Database\BaseConnection.php(729): CodeIgniter\Database\MySQLi\Connection->execute('SELECT *
FROM `mata_pelajaran`
WHERE `pengajar` = \'1ag\'')
 2 SYSTEMPATH\Database\BaseConnection.php(646): CodeIgniter\Database\BaseConnection->simpleQuery('SELECT *
FROM `mata_pelajaran`
WHERE `pengajar` = \'1ag\'')
 3 SYSTEMPATH\Database\BaseBuilder.php(1649): CodeIgniter\Database\BaseConnection->query('SELECT *
FROM `mata_pelajaran`
WHERE `pengajar` = :pengajar:', [...], false)
 4 SYSTEMPATH\Model.php(286): CodeIgniter\Database\BaseBuilder->get()
 5 SYSTEMPATH\BaseModel.php(677): CodeIgniter\Model->doFindAll(0, 0)
 6 APPPATH\Controllers\Materi.php(30): CodeIgniter\BaseModel->findAll()
 7 SYSTEMPATH\CodeIgniter.php(933): App\Controllers\Materi->index()
 8 SYSTEMPATH\CodeIgniter.php(507): CodeIgniter\CodeIgniter->runController(Object(App\Controllers\Materi))
 9 SYSTEMPATH\CodeIgniter.php(354): CodeIgniter\CodeIgniter->handleRequest(null, Object(Config\Cache), false)
10 SYSTEMPATH\Boot.php(363): CodeIgniter\CodeIgniter->run()
11 SYSTEMPATH\Boot.php(68): CodeIgniter\Boot::runCodeIgniter(Object(CodeIgniter\CodeIgniter))
12 FCPATH\index.php(59): CodeIgniter\Boot::bootWeb(Object(Config\Paths))
13 SYSTEMPATH\rewrite.php(44): require_once('C:\\xampp\\htdocs\\LangkahPeduliNew\\public\\index.php')
CRITICAL - 2025-11-30 06:53:16 --> [Caused by] mysqli_sql_exception: Unknown column 'pengajar' in 'where clause'
in SYSTEMPATH\Database\MySQLi\Connection.php on line 327.
 1 SYSTEMPATH\Database\MySQLi\Connection.php(327): mysqli->query('SELECT *
FROM `mata_pelajaran`
WHERE `pengajar` = \'1ag\'', 0)
 2 SYSTEMPATH\Database\BaseConnection.php(729): CodeIgniter\Database\MySQLi\Connection->execute('SELECT *
FROM `mata_pelajaran`
WHERE `pengajar` = \'1ag\'')
 3 SYSTEMPATH\Database\BaseConnection.php(646): CodeIgniter\Database\BaseConnection->simpleQuery('SELECT *
FROM `mata_pelajaran`
WHERE `pengajar` = \'1ag\'')
 4 SYSTEMPATH\Database\BaseBuilder.php(1649): CodeIgniter\Database\BaseConnection->query('SELECT *
FROM `mata_pelajaran`
WHERE `pengajar` = :pengajar:', [...], false)
 5 SYSTEMPATH\Model.php(286): CodeIgniter\Database\BaseBuilder->get()
 6 SYSTEMPATH\BaseModel.php(677): CodeIgniter\Model->doFindAll(0, 0)
 7 APPPATH\Controllers\Materi.php(30): CodeIgniter\BaseModel->findAll()
 8 SYSTEMPATH\CodeIgniter.php(933): App\Controllers\Materi->index()
 9 SYSTEMPATH\CodeIgniter.php(507): CodeIgniter\CodeIgniter->runController(Object(App\Controllers\Materi))
10 SYSTEMPATH\CodeIgniter.php(354): CodeIgniter\CodeIgniter->handleRequest(null, Object(Config\Cache), false)
11 SYSTEMPATH\Boot.php(363): CodeIgniter\CodeIgniter->run()
12 SYSTEMPATH\Boot.php(68): CodeIgniter\Boot::runCodeIgniter(Object(CodeIgniter\CodeIgniter))
13 FCPATH\index.php(59): CodeIgniter\Boot::bootWeb(Object(Config\Paths))
14 SYSTEMPATH\rewrite.php(44): require_once('C:\\xampp\\htdocs\\LangkahPeduliNew\\public\\index.php')
DEBUG - 2025-11-30 06:53:17 --> Session: Class initialized using 'CodeIgniter\Session\Handlers\FileHandler' driver.
CRITICAL - 2025-11-30 06:53:17 --> ErrorException: Undefined array key "kode_mapel"
[Method: GET, Route: dashboard/pengajar/materi/semua]
in APPPATH\Views\dashboard\pengajar\materi.php on line 41.
 1 APPPATH\Views\dashboard\pengajar\materi.php(41): CodeIgniter\Debug\Exceptions->errorHandler(2, 'Undefined array key "kode_mapel"', 'C:\\xampp\\htdocs\\LangkahPeduliNew\\app\\Views\\dashboard\\pengajar\\materi.php', 41)
 2 SYSTEMPATH\View\View.php(226): include('C:\\xampp\\htdocs\\LangkahPeduliNew\\app\\Views\\dashboard\\pengajar\\materi.php')
 3 SYSTEMPATH\View\View.php(229): CodeIgniter\View\View->CodeIgniter\View\{closure}()
 4 SYSTEMPATH\Common.php(1167): CodeIgniter\View\View->render('dashboard/pengajar/materi', [], true)
 5 APPPATH\Controllers\Materi.php(39): view('dashboard/pengajar/materi', [...])
 6 SYSTEMPATH\CodeIgniter.php(933): App\Controllers\Materi->index('true')
 7 SYSTEMPATH\CodeIgniter.php(507): CodeIgniter\CodeIgniter->runController(Object(App\Controllers\Materi))
 8 SYSTEMPATH\CodeIgniter.php(354): CodeIgniter\CodeIgniter->handleRequest(null, Object(Config\Cache), false)
 9 SYSTEMPATH\Boot.php(363): CodeIgniter\CodeIgniter->run()
10 SYSTEMPATH\Boot.php(68): CodeIgniter\Boot::runCodeIgniter(Object(CodeIgniter\CodeIgniter))
11 FCPATH\index.php(59): CodeIgniter\Boot::bootWeb(Object(Config\Paths))
12 SYSTEMPATH\rewrite.php(44): require_once('C:\\xampp\\htdocs\\LangkahPeduliNew\\public\\index.php')
DEBUG - 2025-11-30 06:53:18 --> Session: Class initialized using 'CodeIgniter\Session\Handlers\FileHandler' driver.
ERROR - 2025-11-30 06:53:18 --> mysqli_sql_exception: Unknown column 'pengajar' in 'where clause' in C:\xampp\htdocs\LangkahPeduliNew\system\Database\MySQLi\Connection.php:327
Stack trace:
#0 C:\xampp\htdocs\LangkahPeduliNew\system\Database\MySQLi\Connection.php(327): mysqli->query('SELECT *\nFROM `...', 0)
#1 C:\xampp\htdocs\LangkahPeduliNew\system\Database\BaseConnection.php(729): CodeIgniter\Database\MySQLi\Connection->execute('SELECT *\nFROM `...')
#2 C:\xampp\htdocs\LangkahPeduliNew\system\Database\BaseConnection.php(646): CodeIgniter\Database\BaseConnection->simpleQuery('SELECT *\nFROM `...')
#3 C:\xampp\htdocs\LangkahPeduliNew\system\Database\BaseBuilder.php(1649): CodeIgniter\Database\BaseConnection->query('SELECT *\nFROM `...', Array, false)
#4 C:\xampp\htdocs\LangkahPeduliNew\system\Model.php(286): CodeIgniter\Database\BaseBuilder->get()
#5 C:\xampp\htdocs\LangkahPeduliNew\system\BaseModel.php(677): CodeIgniter\Model->doFindAll(0, 0)
#6 C:\xampp\htdocs\LangkahPeduliNew\app\Controllers\Materi.php(30): CodeIgniter\BaseModel->findAll()
#7 C:\xampp\htdocs\LangkahPeduliNew\system\CodeIgniter.php(933): App\Controllers\Materi->index()
#8 C:\xampp\htdocs\LangkahPeduliNew\system\CodeIgniter.php(507): CodeIgniter\CodeIgniter->runController(Object(App\Controllers\Materi))
#9 C:\xampp\htdocs\LangkahPeduliNew\system\CodeIgniter.php(354): CodeIgniter\CodeIgniter->handleRequest(NULL, Object(Config\Cache), false)
#10 C:\xampp\htdocs\LangkahPeduliNew\system\Boot.php(363): CodeIgniter\CodeIgniter->run()
#11 C:\xampp\htdocs\LangkahPeduliNew\system\Boot.php(68): CodeIgniter\Boot::runCodeIgniter(Object(CodeIgniter\CodeIgniter))
#12 C:\xampp\htdocs\LangkahPeduliNew\public\index.php(59): CodeIgniter\Boot::bootWeb(Object(Config\Paths))
#13 C:\xampp\htdocs\LangkahPeduliNew\system\rewrite.php(44): require_once('C:\\xampp\\htdocs...')
#14 {main}
CRITICAL - 2025-11-30 06:53:18 --> CodeIgniter\Database\Exceptions\DatabaseException: Unknown column 'pengajar' in 'where clause'
[Method: GET, Route: dashboard/pengajar/materi]
in SYSTEMPATH\Database\BaseConnection.php on line 684.
 1 SYSTEMPATH\Database\BaseBuilder.php(1649): CodeIgniter\Database\BaseConnection->query('SELECT *
FROM `mata_pelajaran`
WHERE `pengajar` = :pengajar:', [...], false)
 2 SYSTEMPATH\Model.php(286): CodeIgniter\Database\BaseBuilder->get()
 3 SYSTEMPATH\BaseModel.php(677): CodeIgniter\Model->doFindAll(0, 0)
 4 APPPATH\Controllers\Materi.php(30): CodeIgniter\BaseModel->findAll()
 5 SYSTEMPATH\CodeIgniter.php(933): App\Controllers\Materi->index()
 6 SYSTEMPATH\CodeIgniter.php(507): CodeIgniter\CodeIgniter->runController(Object(App\Controllers\Materi))
 7 SYSTEMPATH\CodeIgniter.php(354): CodeIgniter\CodeIgniter->handleRequest(null, Object(Config\Cache), false)
 8 SYSTEMPATH\Boot.php(363): CodeIgniter\CodeIgniter->run()
 9 SYSTEMPATH\Boot.php(68): CodeIgniter\Boot::runCodeIgniter(Object(CodeIgniter\CodeIgniter))
10 FCPATH\index.php(59): CodeIgniter\Boot::bootWeb(Object(Config\Paths))
11 SYSTEMPATH\rewrite.php(44): require_once('C:\\xampp\\htdocs\\LangkahPeduliNew\\public\\index.php')
CRITICAL - 2025-11-30 06:53:18 --> [Caused by] CodeIgniter\Database\Exceptions\DatabaseException: Unknown column 'pengajar' in 'where clause'
in SYSTEMPATH\Database\MySQLi\Connection.php on line 332.
 1 SYSTEMPATH\Database\BaseConnection.php(729): CodeIgniter\Database\MySQLi\Connection->execute('SELECT *
FROM `mata_pelajaran`
WHERE `pengajar` = \'1ag\'')
 2 SYSTEMPATH\Database\BaseConnection.php(646): CodeIgniter\Database\BaseConnection->simpleQuery('SELECT *
FROM `mata_pelajaran`
WHERE `pengajar` = \'1ag\'')
 3 SYSTEMPATH\Database\BaseBuilder.php(1649): CodeIgniter\Database\BaseConnection->query('SELECT *
FROM `mata_pelajaran`
WHERE `pengajar` = :pengajar:', [...], false)
 4 SYSTEMPATH\Model.php(286): CodeIgniter\Database\BaseBuilder->get()
 5 SYSTEMPATH\BaseModel.php(677): CodeIgniter\Model->doFindAll(0, 0)
 6 APPPATH\Controllers\Materi.php(30): CodeIgniter\BaseModel->findAll()
 7 SYSTEMPATH\CodeIgniter.php(933): App\Controllers\Materi->index()
 8 SYSTEMPATH\CodeIgniter.php(507): CodeIgniter\CodeIgniter->runController(Object(App\Controllers\Materi))
 9 SYSTEMPATH\CodeIgniter.php(354): CodeIgniter\CodeIgniter->handleRequest(null, Object(Config\Cache), false)
10 SYSTEMPATH\Boot.php(363): CodeIgniter\CodeIgniter->run()
11 SYSTEMPATH\Boot.php(68): CodeIgniter\Boot::runCodeIgniter(Object(CodeIgniter\CodeIgniter))
12 FCPATH\index.php(59): CodeIgniter\Boot::bootWeb(Object(Config\Paths))
13 SYSTEMPATH\rewrite.php(44): require_once('C:\\xampp\\htdocs\\LangkahPeduliNew\\public\\index.php')
CRITICAL - 2025-11-30 06:53:18 --> [Caused by] mysqli_sql_exception: Unknown column 'pengajar' in 'where clause'
in SYSTEMPATH\Database\MySQLi\Connection.php on line 327.
 1 SYSTEMPATH\Database\MySQLi\Connection.php(327): mysqli->query('SELECT *
FROM `mata_pelajaran`
WHERE `pengajar` = \'1ag\'', 0)
 2 SYSTEMPATH\Database\BaseConnection.php(729): CodeIgniter\Database\MySQLi\Connection->execute('SELECT *
FROM `mata_pelajaran`
WHERE `pengajar` = \'1ag\'')
 3 SYSTEMPATH\Database\BaseConnection.php(646): CodeIgniter\Database\BaseConnection->simpleQuery('SELECT *
FROM `mata_pelajaran`
WHERE `pengajar` = \'1ag\'')
 4 SYSTEMPATH\Database\BaseBuilder.php(1649): CodeIgniter\Database\BaseConnection->query('SELECT *
FROM `mata_pelajaran`
WHERE `pengajar` = :pengajar:', [...], false)
 5 SYSTEMPATH\Model.php(286): CodeIgniter\Database\BaseBuilder->get()
 6 SYSTEMPATH\BaseModel.php(677): CodeIgniter\Model->doFindAll(0, 0)
 7 APPPATH\Controllers\Materi.php(30): CodeIgniter\BaseModel->findAll()
 8 SYSTEMPATH\CodeIgniter.php(933): App\Controllers\Materi->index()
 9 SYSTEMPATH\CodeIgniter.php(507): CodeIgniter\CodeIgniter->runController(Object(App\Controllers\Materi))
10 SYSTEMPATH\CodeIgniter.php(354): CodeIgniter\CodeIgniter->handleRequest(null, Object(Config\Cache), false)
11 SYSTEMPATH\Boot.php(363): CodeIgniter\CodeIgniter->run()
12 SYSTEMPATH\Boot.php(68): CodeIgniter\Boot::runCodeIgniter(Object(CodeIgniter\CodeIgniter))
13 FCPATH\index.php(59): CodeIgniter\Boot::bootWeb(Object(Config\Paths))
14 SYSTEMPATH\rewrite.php(44): require_once('C:\\xampp\\htdocs\\LangkahPeduliNew\\public\\index.php')
DEBUG - 2025-11-30 06:53:20 --> Session: Class initialized using 'CodeIgniter\Session\Handlers\FileHandler' driver.
ERROR - 2025-11-30 06:53:20 --> mysqli_sql_exception: Unknown column 'pengajar' in 'where clause' in C:\xampp\htdocs\LangkahPeduliNew\system\Database\MySQLi\Connection.php:327
Stack trace:
#0 C:\xampp\htdocs\LangkahPeduliNew\system\Database\MySQLi\Connection.php(327): mysqli->query('SELECT *\nFROM `...', 0)
#1 C:\xampp\htdocs\LangkahPeduliNew\system\Database\BaseConnection.php(729): CodeIgniter\Database\MySQLi\Connection->execute('SELECT *\nFROM `...')
#2 C:\xampp\htdocs\LangkahPeduliNew\system\Database\BaseConnection.php(646): CodeIgniter\Database\BaseConnection->simpleQuery('SELECT *\nFROM `...')
#3 C:\xampp\htdocs\LangkahPeduliNew\system\Database\BaseBuilder.php(1649): CodeIgniter\Database\BaseConnection->query('SELECT *\nFROM `...', Array, false)
#4 C:\xampp\htdocs\LangkahPeduliNew\system\Model.php(286): CodeIgniter\Database\BaseBuilder->get()
#5 C:\xampp\htdocs\LangkahPeduliNew\system\BaseModel.php(677): CodeIgniter\Model->doFindAll(0, 0)
#6 C:\xampp\htdocs\LangkahPeduliNew\app\Controllers\Materi.php(30): CodeIgniter\BaseModel->findAll()
#7 C:\xampp\htdocs\LangkahPeduliNew\system\CodeIgniter.php(933): App\Controllers\Materi->index()
#8 C:\xampp\htdocs\LangkahPeduliNew\system\CodeIgniter.php(507): CodeIgniter\CodeIgniter->runController(Object(App\Controllers\Materi))
#9 C:\xampp\htdocs\LangkahPeduliNew\system\CodeIgniter.php(354): CodeIgniter\CodeIgniter->handleRequest(NULL, Object(Config\Cache), false)
#10 C:\xampp\htdocs\LangkahPeduliNew\system\Boot.php(363): CodeIgniter\CodeIgniter->run()
#11 C:\xampp\htdocs\LangkahPeduliNew\system\Boot.php(68): CodeIgniter\Boot::runCodeIgniter(Object(CodeIgniter\CodeIgniter))
#12 C:\xampp\htdocs\LangkahPeduliNew\public\index.php(59): CodeIgniter\Boot::bootWeb(Object(Config\Paths))
#13 C:\xampp\htdocs\LangkahPeduliNew\system\rewrite.php(44): require_once('C:\\xampp\\htdocs...')
#14 {main}
CRITICAL - 2025-11-30 06:53:20 --> CodeIgniter\Database\Exceptions\DatabaseException: Unknown column 'pengajar' in 'where clause'
[Method: GET, Route: dashboard/pengajar/materi]
in SYSTEMPATH\Database\BaseConnection.php on line 684.
 1 SYSTEMPATH\Database\BaseBuilder.php(1649): CodeIgniter\Database\BaseConnection->query('SELECT *
FROM `mata_pelajaran`
WHERE `pengajar` = :pengajar:', [...], false)
 2 SYSTEMPATH\Model.php(286): CodeIgniter\Database\BaseBuilder->get()
 3 SYSTEMPATH\BaseModel.php(677): CodeIgniter\Model->doFindAll(0, 0)
 4 APPPATH\Controllers\Materi.php(30): CodeIgniter\BaseModel->findAll()
 5 SYSTEMPATH\CodeIgniter.php(933): App\Controllers\Materi->index()
 6 SYSTEMPATH\CodeIgniter.php(507): CodeIgniter\CodeIgniter->runController(Object(App\Controllers\Materi))
 7 SYSTEMPATH\CodeIgniter.php(354): CodeIgniter\CodeIgniter->handleRequest(null, Object(Config\Cache), false)
 8 SYSTEMPATH\Boot.php(363): CodeIgniter\CodeIgniter->run()
 9 SYSTEMPATH\Boot.php(68): CodeIgniter\Boot::runCodeIgniter(Object(CodeIgniter\CodeIgniter))
10 FCPATH\index.php(59): CodeIgniter\Boot::bootWeb(Object(Config\Paths))
11 SYSTEMPATH\rewrite.php(44): require_once('C:\\xampp\\htdocs\\LangkahPeduliNew\\public\\index.php')
CRITICAL - 2025-11-30 06:53:20 --> [Caused by] CodeIgniter\Database\Exceptions\DatabaseException: Unknown column 'pengajar' in 'where clause'
in SYSTEMPATH\Database\MySQLi\Connection.php on line 332.
 1 SYSTEMPATH\Database\BaseConnection.php(729): CodeIgniter\Database\MySQLi\Connection->execute('SELECT *
FROM `mata_pelajaran`
WHERE `pengajar` = \'1ag\'')
 2 SYSTEMPATH\Database\BaseConnection.php(646): CodeIgniter\Database\BaseConnection->simpleQuery('SELECT *
FROM `mata_pelajaran`
WHERE `pengajar` = \'1ag\'')
 3 SYSTEMPATH\Database\BaseBuilder.php(1649): CodeIgniter\Database\BaseConnection->query('SELECT *
FROM `mata_pelajaran`
WHERE `pengajar` = :pengajar:', [...], false)
 4 SYSTEMPATH\Model.php(286): CodeIgniter\Database\BaseBuilder->get()
 5 SYSTEMPATH\BaseModel.php(677): CodeIgniter\Model->doFindAll(0, 0)
 6 APPPATH\Controllers\Materi.php(30): CodeIgniter\BaseModel->findAll()
 7 SYSTEMPATH\CodeIgniter.php(933): App\Controllers\Materi->index()
 8 SYSTEMPATH\CodeIgniter.php(507): CodeIgniter\CodeIgniter->runController(Object(App\Controllers\Materi))
 9 SYSTEMPATH\CodeIgniter.php(354): CodeIgniter\CodeIgniter->handleRequest(null, Object(Config\Cache), false)
10 SYSTEMPATH\Boot.php(363): CodeIgniter\CodeIgniter->run()
11 SYSTEMPATH\Boot.php(68): CodeIgniter\Boot::runCodeIgniter(Object(CodeIgniter\CodeIgniter))
12 FCPATH\index.php(59): CodeIgniter\Boot::bootWeb(Object(Config\Paths))
13 SYSTEMPATH\rewrite.php(44): require_once('C:\\xampp\\htdocs\\LangkahPeduliNew\\public\\index.php')
CRITICAL - 2025-11-30 06:53:20 --> [Caused by] mysqli_sql_exception: Unknown column 'pengajar' in 'where clause'
in SYSTEMPATH\Database\MySQLi\Connection.php on line 327.
 1 SYSTEMPATH\Database\MySQLi\Connection.php(327): mysqli->query('SELECT *
FROM `mata_pelajaran`
WHERE `pengajar` = \'1ag\'', 0)
 2 SYSTEMPATH\Database\BaseConnection.php(729): CodeIgniter\Database\MySQLi\Connection->execute('SELECT *
FROM `mata_pelajaran`
WHERE `pengajar` = \'1ag\'')
 3 SYSTEMPATH\Database\BaseConnection.php(646): CodeIgniter\Database\BaseConnection->simpleQuery('SELECT *
FROM `mata_pelajaran`
WHERE `pengajar` = \'1ag\'')
 4 SYSTEMPATH\Database\BaseBuilder.php(1649): CodeIgniter\Database\BaseConnection->query('SELECT *
FROM `mata_pelajaran`
WHERE `pengajar` = :pengajar:', [...], false)
 5 SYSTEMPATH\Model.php(286): CodeIgniter\Database\BaseBuilder->get()
 6 SYSTEMPATH\BaseModel.php(677): CodeIgniter\Model->doFindAll(0, 0)
 7 APPPATH\Controllers\Materi.php(30): CodeIgniter\BaseModel->findAll()
 8 SYSTEMPATH\CodeIgniter.php(933): App\Controllers\Materi->index()
 9 SYSTEMPATH\CodeIgniter.php(507): CodeIgniter\CodeIgniter->runController(Object(App\Controllers\Materi))
10 SYSTEMPATH\CodeIgniter.php(354): CodeIgniter\CodeIgniter->handleRequest(null, Object(Config\Cache), false)
11 SYSTEMPATH\Boot.php(363): CodeIgniter\CodeIgniter->run()
12 SYSTEMPATH\Boot.php(68): CodeIgniter\Boot::runCodeIgniter(Object(CodeIgniter\CodeIgniter))
13 FCPATH\index.php(59): CodeIgniter\Boot::bootWeb(Object(Config\Paths))
14 SYSTEMPATH\rewrite.php(44): require_once('C:\\xampp\\htdocs\\LangkahPeduliNew\\public\\index.php')
DEBUG - 2025-11-30 06:53:33 --> Session: Class initialized using 'CodeIgniter\Session\Handlers\FileHandler' driver.
DEBUG - 2025-11-30 06:53:37 --> Session: Class initialized using 'CodeIgniter\Session\Handlers\FileHandler' driver.
DEBUG - 2025-11-30 06:53:38 --> Session: Class initialized using 'CodeIgniter\Session\Handlers\FileHandler' driver.
DEBUG - 2025-11-30 06:53:40 --> Session: Class initialized using 'CodeIgniter\Session\Handlers\FileHandler' driver.
ERROR - 2025-11-30 06:53:40 --> mysqli_sql_exception: Unknown column 'pengajar' in 'where clause' in C:\xampp\htdocs\LangkahPeduliNew\system\Database\MySQLi\Connection.php:327
Stack trace:
#0 C:\xampp\htdocs\LangkahPeduliNew\system\Database\MySQLi\Connection.php(327): mysqli->query('SELECT *\nFROM `...', 0)
#1 C:\xampp\htdocs\LangkahPeduliNew\system\Database\BaseConnection.php(729): CodeIgniter\Database\MySQLi\Connection->execute('SELECT *\nFROM `...')
#2 C:\xampp\htdocs\LangkahPeduliNew\system\Database\BaseConnection.php(646): CodeIgniter\Database\BaseConnection->simpleQuery('SELECT *\nFROM `...')
#3 C:\xampp\htdocs\LangkahPeduliNew\system\Database\BaseBuilder.php(1649): CodeIgniter\Database\BaseConnection->query('SELECT *\nFROM `...', Array, false)
#4 C:\xampp\htdocs\LangkahPeduliNew\system\Model.php(286): CodeIgniter\Database\BaseBuilder->get()
#5 C:\xampp\htdocs\LangkahPeduliNew\system\BaseModel.php(677): CodeIgniter\Model->doFindAll(0, 0)
#6 C:\xampp\htdocs\LangkahPeduliNew\app\Controllers\Materi.php(30): CodeIgniter\BaseModel->findAll()
#7 C:\xampp\htdocs\LangkahPeduliNew\system\CodeIgniter.php(933): App\Controllers\Materi->index()
#8 C:\xampp\htdocs\LangkahPeduliNew\system\CodeIgniter.php(507): CodeIgniter\CodeIgniter->runController(Object(App\Controllers\Materi))
#9 C:\xampp\htdocs\LangkahPeduliNew\system\CodeIgniter.php(354): CodeIgniter\CodeIgniter->handleRequest(NULL, Object(Config\Cache), false)
#10 C:\xampp\htdocs\LangkahPeduliNew\system\Boot.php(363): CodeIgniter\CodeIgniter->run()
#11 C:\xampp\htdocs\LangkahPeduliNew\system\Boot.php(68): CodeIgniter\Boot::runCodeIgniter(Object(CodeIgniter\CodeIgniter))
#12 C:\xampp\htdocs\LangkahPeduliNew\public\index.php(59): CodeIgniter\Boot::bootWeb(Object(Config\Paths))
#13 C:\xampp\htdocs\LangkahPeduliNew\system\rewrite.php(44): require_once('C:\\xampp\\htdocs...')
#14 {main}
CRITICAL - 2025-11-30 06:53:40 --> CodeIgniter\Database\Exceptions\DatabaseException: Unknown column 'pengajar' in 'where clause'
[Method: GET, Route: dashboard/pengajar/materi]
in SYSTEMPATH\Database\BaseConnection.php on line 684.
 1 SYSTEMPATH\Database\BaseBuilder.php(1649): CodeIgniter\Database\BaseConnection->query('SELECT *
FROM `mata_pelajaran`
WHERE `pengajar` = :pengajar:', [...], false)
 2 SYSTEMPATH\Model.php(286): CodeIgniter\Database\BaseBuilder->get()
 3 SYSTEMPATH\BaseModel.php(677): CodeIgniter\Model->doFindAll(0, 0)
 4 APPPATH\Controllers\Materi.php(30): CodeIgniter\BaseModel->findAll()
 5 SYSTEMPATH\CodeIgniter.php(933): App\Controllers\Materi->index()
 6 SYSTEMPATH\CodeIgniter.php(507): CodeIgniter\CodeIgniter->runController(Object(App\Controllers\Materi))
 7 SYSTEMPATH\CodeIgniter.php(354): CodeIgniter\CodeIgniter->handleRequest(null, Object(Config\Cache), false)
 8 SYSTEMPATH\Boot.php(363): CodeIgniter\CodeIgniter->run()
 9 SYSTEMPATH\Boot.php(68): CodeIgniter\Boot::runCodeIgniter(Object(CodeIgniter\CodeIgniter))
10 FCPATH\index.php(59): CodeIgniter\Boot::bootWeb(Object(Config\Paths))
11 SYSTEMPATH\rewrite.php(44): require_once('C:\\xampp\\htdocs\\LangkahPeduliNew\\public\\index.php')
CRITICAL - 2025-11-30 06:53:40 --> [Caused by] CodeIgniter\Database\Exceptions\DatabaseException: Unknown column 'pengajar' in 'where clause'
in SYSTEMPATH\Database\MySQLi\Connection.php on line 332.
 1 SYSTEMPATH\Database\BaseConnection.php(729): CodeIgniter\Database\MySQLi\Connection->execute('SELECT *
FROM `mata_pelajaran`
WHERE `pengajar` = \'1ag\'')
 2 SYSTEMPATH\Database\BaseConnection.php(646): CodeIgniter\Database\BaseConnection->simpleQuery('SELECT *
FROM `mata_pelajaran`
WHERE `pengajar` = \'1ag\'')
 3 SYSTEMPATH\Database\BaseBuilder.php(1649): CodeIgniter\Database\BaseConnection->query('SELECT *
FROM `mata_pelajaran`
WHERE `pengajar` = :pengajar:', [...], false)
 4 SYSTEMPATH\Model.php(286): CodeIgniter\Database\BaseBuilder->get()
 5 SYSTEMPATH\BaseModel.php(677): CodeIgniter\Model->doFindAll(0, 0)
 6 APPPATH\Controllers\Materi.php(30): CodeIgniter\BaseModel->findAll()
 7 SYSTEMPATH\CodeIgniter.php(933): App\Controllers\Materi->index()
 8 SYSTEMPATH\CodeIgniter.php(507): CodeIgniter\CodeIgniter->runController(Object(App\Controllers\Materi))
 9 SYSTEMPATH\CodeIgniter.php(354): CodeIgniter\CodeIgniter->handleRequest(null, Object(Config\Cache), false)
10 SYSTEMPATH\Boot.php(363): CodeIgniter\CodeIgniter->run()
11 SYSTEMPATH\Boot.php(68): CodeIgniter\Boot::runCodeIgniter(Object(CodeIgniter\CodeIgniter))
12 FCPATH\index.php(59): CodeIgniter\Boot::bootWeb(Object(Config\Paths))
13 SYSTEMPATH\rewrite.php(44): require_once('C:\\xampp\\htdocs\\LangkahPeduliNew\\public\\index.php')
CRITICAL - 2025-11-30 06:53:40 --> [Caused by] mysqli_sql_exception: Unknown column 'pengajar' in 'where clause'
in SYSTEMPATH\Database\MySQLi\Connection.php on line 327.
 1 SYSTEMPATH\Database\MySQLi\Connection.php(327): mysqli->query('SELECT *
FROM `mata_pelajaran`
WHERE `pengajar` = \'1ag\'', 0)
 2 SYSTEMPATH\Database\BaseConnection.php(729): CodeIgniter\Database\MySQLi\Connection->execute('SELECT *
FROM `mata_pelajaran`
WHERE `pengajar` = \'1ag\'')
 3 SYSTEMPATH\Database\BaseConnection.php(646): CodeIgniter\Database\BaseConnection->simpleQuery('SELECT *
FROM `mata_pelajaran`
WHERE `pengajar` = \'1ag\'')
 4 SYSTEMPATH\Database\BaseBuilder.php(1649): CodeIgniter\Database\BaseConnection->query('SELECT *
FROM `mata_pelajaran`
WHERE `pengajar` = :pengajar:', [...], false)
 5 SYSTEMPATH\Model.php(286): CodeIgniter\Database\BaseBuilder->get()
 6 SYSTEMPATH\BaseModel.php(677): CodeIgniter\Model->doFindAll(0, 0)
 7 APPPATH\Controllers\Materi.php(30): CodeIgniter\BaseModel->findAll()
 8 SYSTEMPATH\CodeIgniter.php(933): App\Controllers\Materi->index()
 9 SYSTEMPATH\CodeIgniter.php(507): CodeIgniter\CodeIgniter->runController(Object(App\Controllers\Materi))
10 SYSTEMPATH\CodeIgniter.php(354): CodeIgniter\CodeIgniter->handleRequest(null, Object(Config\Cache), false)
11 SYSTEMPATH\Boot.php(363): CodeIgniter\CodeIgniter->run()
12 SYSTEMPATH\Boot.php(68): CodeIgniter\Boot::runCodeIgniter(Object(CodeIgniter\CodeIgniter))
13 FCPATH\index.php(59): CodeIgniter\Boot::bootWeb(Object(Config\Paths))
14 SYSTEMPATH\rewrite.php(44): require_once('C:\\xampp\\htdocs\\LangkahPeduliNew\\public\\index.php')
DEBUG - 2025-11-30 06:56:57 --> Session: Class initialized using 'CodeIgniter\Session\Handlers\FileHandler' driver.
DEBUG - 2025-11-30 06:56:59 --> Session: Class initialized using 'CodeIgniter\Session\Handlers\FileHandler' driver.
DEBUG - 2025-11-30 06:57:01 --> Session: Class initialized using 'CodeIgniter\Session\Handlers\FileHandler' driver.
DEBUG - 2025-11-30 06:57:32 --> Session: Class initialized using 'CodeIgniter\Session\Handlers\FileHandler' driver.
ERROR - 2025-11-30 06:57:32 --> mysqli_sql_exception: Unknown column 'pengajar' in 'where clause' in C:\xampp\htdocs\LangkahPeduliNew\system\Database\MySQLi\Connection.php:327
Stack trace:
#0 C:\xampp\htdocs\LangkahPeduliNew\system\Database\MySQLi\Connection.php(327): mysqli->query('SELECT *\nFROM `...', 0)
#1 C:\xampp\htdocs\LangkahPeduliNew\system\Database\BaseConnection.php(729): CodeIgniter\Database\MySQLi\Connection->execute('SELECT *\nFROM `...')
#2 C:\xampp\htdocs\LangkahPeduliNew\system\Database\BaseConnection.php(646): CodeIgniter\Database\BaseConnection->simpleQuery('SELECT *\nFROM `...')
#3 C:\xampp\htdocs\LangkahPeduliNew\system\Database\BaseBuilder.php(1649): CodeIgniter\Database\BaseConnection->query('SELECT *\nFROM `...', Array, false)
#4 C:\xampp\htdocs\LangkahPeduliNew\system\Model.php(286): CodeIgniter\Database\BaseBuilder->get()
#5 C:\xampp\htdocs\LangkahPeduliNew\system\BaseModel.php(677): CodeIgniter\Model->doFindAll(0, 0)
#6 C:\xampp\htdocs\LangkahPeduliNew\app\Controllers\Materi.php(30): CodeIgniter\BaseModel->findAll()
#7 C:\xampp\htdocs\LangkahPeduliNew\system\CodeIgniter.php(933): App\Controllers\Materi->index()
#8 C:\xampp\htdocs\LangkahPeduliNew\system\CodeIgniter.php(507): CodeIgniter\CodeIgniter->runController(Object(App\Controllers\Materi))
#9 C:\xampp\htdocs\LangkahPeduliNew\system\CodeIgniter.php(354): CodeIgniter\CodeIgniter->handleRequest(NULL, Object(Config\Cache), false)
#10 C:\xampp\htdocs\LangkahPeduliNew\system\Boot.php(363): CodeIgniter\CodeIgniter->run()
#11 C:\xampp\htdocs\LangkahPeduliNew\system\Boot.php(68): CodeIgniter\Boot::runCodeIgniter(Object(CodeIgniter\CodeIgniter))
#12 C:\xampp\htdocs\LangkahPeduliNew\public\index.php(59): CodeIgniter\Boot::bootWeb(Object(Config\Paths))
#13 C:\xampp\htdocs\LangkahPeduliNew\system\rewrite.php(44): require_once('C:\\xampp\\htdocs...')
#14 {main}
CRITICAL - 2025-11-30 06:57:32 --> CodeIgniter\Database\Exceptions\DatabaseException: Unknown column 'pengajar' in 'where clause'
[Method: GET, Route: dashboard/pengajar/materi]
in SYSTEMPATH\Database\BaseConnection.php on line 684.
 1 SYSTEMPATH\Database\BaseBuilder.php(1649): CodeIgniter\Database\BaseConnection->query('SELECT *
FROM `mata_pelajaran`
WHERE `pengajar` = :pengajar:', [...], false)
 2 SYSTEMPATH\Model.php(286): CodeIgniter\Database\BaseBuilder->get()
 3 SYSTEMPATH\BaseModel.php(677): CodeIgniter\Model->doFindAll(0, 0)
 4 APPPATH\Controllers\Materi.php(30): CodeIgniter\BaseModel->findAll()
 5 SYSTEMPATH\CodeIgniter.php(933): App\Controllers\Materi->index()
 6 SYSTEMPATH\CodeIgniter.php(507): CodeIgniter\CodeIgniter->runController(Object(App\Controllers\Materi))
 7 SYSTEMPATH\CodeIgniter.php(354): CodeIgniter\CodeIgniter->handleRequest(null, Object(Config\Cache), false)
 8 SYSTEMPATH\Boot.php(363): CodeIgniter\CodeIgniter->run()
 9 SYSTEMPATH\Boot.php(68): CodeIgniter\Boot::runCodeIgniter(Object(CodeIgniter\CodeIgniter))
10 FCPATH\index.php(59): CodeIgniter\Boot::bootWeb(Object(Config\Paths))
11 SYSTEMPATH\rewrite.php(44): require_once('C:\\xampp\\htdocs\\LangkahPeduliNew\\public\\index.php')
CRITICAL - 2025-11-30 06:57:32 --> [Caused by] CodeIgniter\Database\Exceptions\DatabaseException: Unknown column 'pengajar' in 'where clause'
in SYSTEMPATH\Database\MySQLi\Connection.php on line 332.
 1 SYSTEMPATH\Database\BaseConnection.php(729): CodeIgniter\Database\MySQLi\Connection->execute('SELECT *
FROM `mata_pelajaran`
WHERE `pengajar` = \'1ag\'')
 2 SYSTEMPATH\Database\BaseConnection.php(646): CodeIgniter\Database\BaseConnection->simpleQuery('SELECT *
FROM `mata_pelajaran`
WHERE `pengajar` = \'1ag\'')
 3 SYSTEMPATH\Database\BaseBuilder.php(1649): CodeIgniter\Database\BaseConnection->query('SELECT *
FROM `mata_pelajaran`
WHERE `pengajar` = :pengajar:', [...], false)
 4 SYSTEMPATH\Model.php(286): CodeIgniter\Database\BaseBuilder->get()
 5 SYSTEMPATH\BaseModel.php(677): CodeIgniter\Model->doFindAll(0, 0)
 6 APPPATH\Controllers\Materi.php(30): CodeIgniter\BaseModel->findAll()
 7 SYSTEMPATH\CodeIgniter.php(933): App\Controllers\Materi->index()
 8 SYSTEMPATH\CodeIgniter.php(507): CodeIgniter\CodeIgniter->runController(Object(App\Controllers\Materi))
 9 SYSTEMPATH\CodeIgniter.php(354): CodeIgniter\CodeIgniter->handleRequest(null, Object(Config\Cache), false)
10 SYSTEMPATH\Boot.php(363): CodeIgniter\CodeIgniter->run()
11 SYSTEMPATH\Boot.php(68): CodeIgniter\Boot::runCodeIgniter(Object(CodeIgniter\CodeIgniter))
12 FCPATH\index.php(59): CodeIgniter\Boot::bootWeb(Object(Config\Paths))
13 SYSTEMPATH\rewrite.php(44): require_once('C:\\xampp\\htdocs\\LangkahPeduliNew\\public\\index.php')
CRITICAL - 2025-11-30 06:57:32 --> [Caused by] mysqli_sql_exception: Unknown column 'pengajar' in 'where clause'
in SYSTEMPATH\Database\MySQLi\Connection.php on line 327.
 1 SYSTEMPATH\Database\MySQLi\Connection.php(327): mysqli->query('SELECT *
FROM `mata_pelajaran`
WHERE `pengajar` = \'1ag\'', 0)
 2 SYSTEMPATH\Database\BaseConnection.php(729): CodeIgniter\Database\MySQLi\Connection->execute('SELECT *
FROM `mata_pelajaran`
WHERE `pengajar` = \'1ag\'')
 3 SYSTEMPATH\Database\BaseConnection.php(646): CodeIgniter\Database\BaseConnection->simpleQuery('SELECT *
FROM `mata_pelajaran`
WHERE `pengajar` = \'1ag\'')
 4 SYSTEMPATH\Database\BaseBuilder.php(1649): CodeIgniter\Database\BaseConnection->query('SELECT *
FROM `mata_pelajaran`
WHERE `pengajar` = :pengajar:', [...], false)
 5 SYSTEMPATH\Model.php(286): CodeIgniter\Database\BaseBuilder->get()
 6 SYSTEMPATH\BaseModel.php(677): CodeIgniter\Model->doFindAll(0, 0)
 7 APPPATH\Controllers\Materi.php(30): CodeIgniter\BaseModel->findAll()
 8 SYSTEMPATH\CodeIgniter.php(933): App\Controllers\Materi->index()
 9 SYSTEMPATH\CodeIgniter.php(507): CodeIgniter\CodeIgniter->runController(Object(App\Controllers\Materi))
10 SYSTEMPATH\CodeIgniter.php(354): CodeIgniter\CodeIgniter->handleRequest(null, Object(Config\Cache), false)
11 SYSTEMPATH\Boot.php(363): CodeIgniter\CodeIgniter->run()
12 SYSTEMPATH\Boot.php(68): CodeIgniter\Boot::runCodeIgniter(Object(CodeIgniter\CodeIgniter))
13 FCPATH\index.php(59): CodeIgniter\Boot::bootWeb(Object(Config\Paths))
14 SYSTEMPATH\rewrite.php(44): require_once('C:\\xampp\\htdocs\\LangkahPeduliNew\\public\\index.php')
DEBUG - 2025-11-30 06:59:32 --> Session: Class initialized using 'CodeIgniter\Session\Handlers\FileHandler' driver.
ERROR - 2025-11-30 06:59:32 --> mysqli_sql_exception: Unknown column 'pengajar' in 'where clause' in C:\xampp\htdocs\LangkahPeduliNew\system\Database\MySQLi\Connection.php:327
Stack trace:
#0 C:\xampp\htdocs\LangkahPeduliNew\system\Database\MySQLi\Connection.php(327): mysqli->query('SELECT *\nFROM `...', 0)
#1 C:\xampp\htdocs\LangkahPeduliNew\system\Database\BaseConnection.php(729): CodeIgniter\Database\MySQLi\Connection->execute('SELECT *\nFROM `...')
#2 C:\xampp\htdocs\LangkahPeduliNew\system\Database\BaseConnection.php(646): CodeIgniter\Database\BaseConnection->simpleQuery('SELECT *\nFROM `...')
#3 C:\xampp\htdocs\LangkahPeduliNew\system\Database\BaseBuilder.php(1649): CodeIgniter\Database\BaseConnection->query('SELECT *\nFROM `...', Array, false)
#4 C:\xampp\htdocs\LangkahPeduliNew\system\Model.php(286): CodeIgniter\Database\BaseBuilder->get()
#5 C:\xampp\htdocs\LangkahPeduliNew\system\BaseModel.php(677): CodeIgniter\Model->doFindAll(0, 0)
#6 C:\xampp\htdocs\LangkahPeduliNew\app\Controllers\Materi.php(30): CodeIgniter\BaseModel->findAll()
#7 C:\xampp\htdocs\LangkahPeduliNew\system\CodeIgniter.php(933): App\Controllers\Materi->index()
#8 C:\xampp\htdocs\LangkahPeduliNew\system\CodeIgniter.php(507): CodeIgniter\CodeIgniter->runController(Object(App\Controllers\Materi))
#9 C:\xampp\htdocs\LangkahPeduliNew\system\CodeIgniter.php(354): CodeIgniter\CodeIgniter->handleRequest(NULL, Object(Config\Cache), false)
#10 C:\xampp\htdocs\LangkahPeduliNew\system\Boot.php(363): CodeIgniter\CodeIgniter->run()
#11 C:\xampp\htdocs\LangkahPeduliNew\system\Boot.php(68): CodeIgniter\Boot::runCodeIgniter(Object(CodeIgniter\CodeIgniter))
#12 C:\xampp\htdocs\LangkahPeduliNew\public\index.php(59): CodeIgniter\Boot::bootWeb(Object(Config\Paths))
#13 C:\xampp\htdocs\LangkahPeduliNew\system\rewrite.php(44): require_once('C:\\xampp\\htdocs...')
#14 {main}
CRITICAL - 2025-11-30 06:59:32 --> CodeIgniter\Database\Exceptions\DatabaseException: Unknown column 'pengajar' in 'where clause'
[Method: GET, Route: dashboard/pengajar/materi]
in SYSTEMPATH\Database\BaseConnection.php on line 684.
 1 SYSTEMPATH\Database\BaseBuilder.php(1649): CodeIgniter\Database\BaseConnection->query('SELECT *
FROM `mata_pelajaran`
WHERE `pengajar` = :pengajar:', [...], false)
 2 SYSTEMPATH\Model.php(286): CodeIgniter\Database\BaseBuilder->get()
 3 SYSTEMPATH\BaseModel.php(677): CodeIgniter\Model->doFindAll(0, 0)
 4 APPPATH\Controllers\Materi.php(30): CodeIgniter\BaseModel->findAll()
 5 SYSTEMPATH\CodeIgniter.php(933): App\Controllers\Materi->index()
 6 SYSTEMPATH\CodeIgniter.php(507): CodeIgniter\CodeIgniter->runController(Object(App\Controllers\Materi))
 7 SYSTEMPATH\CodeIgniter.php(354): CodeIgniter\CodeIgniter->handleRequest(null, Object(Config\Cache), false)
 8 SYSTEMPATH\Boot.php(363): CodeIgniter\CodeIgniter->run()
 9 SYSTEMPATH\Boot.php(68): CodeIgniter\Boot::runCodeIgniter(Object(CodeIgniter\CodeIgniter))
10 FCPATH\index.php(59): CodeIgniter\Boot::bootWeb(Object(Config\Paths))
11 SYSTEMPATH\rewrite.php(44): require_once('C:\\xampp\\htdocs\\LangkahPeduliNew\\public\\index.php')
CRITICAL - 2025-11-30 06:59:32 --> [Caused by] CodeIgniter\Database\Exceptions\DatabaseException: Unknown column 'pengajar' in 'where clause'
in SYSTEMPATH\Database\MySQLi\Connection.php on line 332.
 1 SYSTEMPATH\Database\BaseConnection.php(729): CodeIgniter\Database\MySQLi\Connection->execute('SELECT *
FROM `mata_pelajaran`
WHERE `pengajar` = \'1ag\'')
 2 SYSTEMPATH\Database\BaseConnection.php(646): CodeIgniter\Database\BaseConnection->simpleQuery('SELECT *
FROM `mata_pelajaran`
WHERE `pengajar` = \'1ag\'')
 3 SYSTEMPATH\Database\BaseBuilder.php(1649): CodeIgniter\Database\BaseConnection->query('SELECT *
FROM `mata_pelajaran`
WHERE `pengajar` = :pengajar:', [...], false)
 4 SYSTEMPATH\Model.php(286): CodeIgniter\Database\BaseBuilder->get()
 5 SYSTEMPATH\BaseModel.php(677): CodeIgniter\Model->doFindAll(0, 0)
 6 APPPATH\Controllers\Materi.php(30): CodeIgniter\BaseModel->findAll()
 7 SYSTEMPATH\CodeIgniter.php(933): App\Controllers\Materi->index()
 8 SYSTEMPATH\CodeIgniter.php(507): CodeIgniter\CodeIgniter->runController(Object(App\Controllers\Materi))
 9 SYSTEMPATH\CodeIgniter.php(354): CodeIgniter\CodeIgniter->handleRequest(null, Object(Config\Cache), false)
10 SYSTEMPATH\Boot.php(363): CodeIgniter\CodeIgniter->run()
11 SYSTEMPATH\Boot.php(68): CodeIgniter\Boot::runCodeIgniter(Object(CodeIgniter\CodeIgniter))
12 FCPATH\index.php(59): CodeIgniter\Boot::bootWeb(Object(Config\Paths))
13 SYSTEMPATH\rewrite.php(44): require_once('C:\\xampp\\htdocs\\LangkahPeduliNew\\public\\index.php')
CRITICAL - 2025-11-30 06:59:32 --> [Caused by] mysqli_sql_exception: Unknown column 'pengajar' in 'where clause'
in SYSTEMPATH\Database\MySQLi\Connection.php on line 327.
 1 SYSTEMPATH\Database\MySQLi\Connection.php(327): mysqli->query('SELECT *
FROM `mata_pelajaran`
WHERE `pengajar` = \'1ag\'', 0)
 2 SYSTEMPATH\Database\BaseConnection.php(729): CodeIgniter\Database\MySQLi\Connection->execute('SELECT *
FROM `mata_pelajaran`
WHERE `pengajar` = \'1ag\'')
 3 SYSTEMPATH\Database\BaseConnection.php(646): CodeIgniter\Database\BaseConnection->simpleQuery('SELECT *
FROM `mata_pelajaran`
WHERE `pengajar` = \'1ag\'')
 4 SYSTEMPATH\Database\BaseBuilder.php(1649): CodeIgniter\Database\BaseConnection->query('SELECT *
FROM `mata_pelajaran`
WHERE `pengajar` = :pengajar:', [...], false)
 5 SYSTEMPATH\Model.php(286): CodeIgniter\Database\BaseBuilder->get()
 6 SYSTEMPATH\BaseModel.php(677): CodeIgniter\Model->doFindAll(0, 0)
 7 APPPATH\Controllers\Materi.php(30): CodeIgniter\BaseModel->findAll()
 8 SYSTEMPATH\CodeIgniter.php(933): App\Controllers\Materi->index()
 9 SYSTEMPATH\CodeIgniter.php(507): CodeIgniter\CodeIgniter->runController(Object(App\Controllers\Materi))
10 SYSTEMPATH\CodeIgniter.php(354): CodeIgniter\CodeIgniter->handleRequest(null, Object(Config\Cache), false)
11 SYSTEMPATH\Boot.php(363): CodeIgniter\CodeIgniter->run()
12 SYSTEMPATH\Boot.php(68): CodeIgniter\Boot::runCodeIgniter(Object(CodeIgniter\CodeIgniter))
13 FCPATH\index.php(59): CodeIgniter\Boot::bootWeb(Object(Config\Paths))
14 SYSTEMPATH\rewrite.php(44): require_once('C:\\xampp\\htdocs\\LangkahPeduliNew\\public\\index.php')
DEBUG - 2025-11-30 06:59:34 --> Session: Class initialized using 'CodeIgniter\Session\Handlers\FileHandler' driver.
ERROR - 2025-11-30 06:59:34 --> mysqli_sql_exception: Unknown column 'pengajar' in 'where clause' in C:\xampp\htdocs\LangkahPeduliNew\system\Database\MySQLi\Connection.php:327
Stack trace:
#0 C:\xampp\htdocs\LangkahPeduliNew\system\Database\MySQLi\Connection.php(327): mysqli->query('SELECT *\nFROM `...', 0)
#1 C:\xampp\htdocs\LangkahPeduliNew\system\Database\BaseConnection.php(729): CodeIgniter\Database\MySQLi\Connection->execute('SELECT *\nFROM `...')
#2 C:\xampp\htdocs\LangkahPeduliNew\system\Database\BaseConnection.php(646): CodeIgniter\Database\BaseConnection->simpleQuery('SELECT *\nFROM `...')
#3 C:\xampp\htdocs\LangkahPeduliNew\system\Database\BaseBuilder.php(1649): CodeIgniter\Database\BaseConnection->query('SELECT *\nFROM `...', Array, false)
#4 C:\xampp\htdocs\LangkahPeduliNew\system\Model.php(286): CodeIgniter\Database\BaseBuilder->get()
#5 C:\xampp\htdocs\LangkahPeduliNew\system\BaseModel.php(677): CodeIgniter\Model->doFindAll(0, 0)
#6 C:\xampp\htdocs\LangkahPeduliNew\app\Controllers\Materi.php(30): CodeIgniter\BaseModel->findAll()
#7 C:\xampp\htdocs\LangkahPeduliNew\system\CodeIgniter.php(933): App\Controllers\Materi->index()
#8 C:\xampp\htdocs\LangkahPeduliNew\system\CodeIgniter.php(507): CodeIgniter\CodeIgniter->runController(Object(App\Controllers\Materi))
#9 C:\xampp\htdocs\LangkahPeduliNew\system\CodeIgniter.php(354): CodeIgniter\CodeIgniter->handleRequest(NULL, Object(Config\Cache), false)
#10 C:\xampp\htdocs\LangkahPeduliNew\system\Boot.php(363): CodeIgniter\CodeIgniter->run()
#11 C:\xampp\htdocs\LangkahPeduliNew\system\Boot.php(68): CodeIgniter\Boot::runCodeIgniter(Object(CodeIgniter\CodeIgniter))
#12 C:\xampp\htdocs\LangkahPeduliNew\public\index.php(59): CodeIgniter\Boot::bootWeb(Object(Config\Paths))
#13 C:\xampp\htdocs\LangkahPeduliNew\system\rewrite.php(44): require_once('C:\\xampp\\htdocs...')
#14 {main}
CRITICAL - 2025-11-30 06:59:34 --> CodeIgniter\Database\Exceptions\DatabaseException: Unknown column 'pengajar' in 'where clause'
[Method: GET, Route: dashboard/pengajar/materi]
in SYSTEMPATH\Database\BaseConnection.php on line 684.
 1 SYSTEMPATH\Database\BaseBuilder.php(1649): CodeIgniter\Database\BaseConnection->query('SELECT *
FROM `mata_pelajaran`
WHERE `pengajar` = :pengajar:', [...], false)
 2 SYSTEMPATH\Model.php(286): CodeIgniter\Database\BaseBuilder->get()
 3 SYSTEMPATH\BaseModel.php(677): CodeIgniter\Model->doFindAll(0, 0)
 4 APPPATH\Controllers\Materi.php(30): CodeIgniter\BaseModel->findAll()
 5 SYSTEMPATH\CodeIgniter.php(933): App\Controllers\Materi->index()
 6 SYSTEMPATH\CodeIgniter.php(507): CodeIgniter\CodeIgniter->runController(Object(App\Controllers\Materi))
 7 SYSTEMPATH\CodeIgniter.php(354): CodeIgniter\CodeIgniter->handleRequest(null, Object(Config\Cache), false)
 8 SYSTEMPATH\Boot.php(363): CodeIgniter\CodeIgniter->run()
 9 SYSTEMPATH\Boot.php(68): CodeIgniter\Boot::runCodeIgniter(Object(CodeIgniter\CodeIgniter))
10 FCPATH\index.php(59): CodeIgniter\Boot::bootWeb(Object(Config\Paths))
11 SYSTEMPATH\rewrite.php(44): require_once('C:\\xampp\\htdocs\\LangkahPeduliNew\\public\\index.php')
CRITICAL - 2025-11-30 06:59:34 --> [Caused by] CodeIgniter\Database\Exceptions\DatabaseException: Unknown column 'pengajar' in 'where clause'
in SYSTEMPATH\Database\MySQLi\Connection.php on line 332.
 1 SYSTEMPATH\Database\BaseConnection.php(729): CodeIgniter\Database\MySQLi\Connection->execute('SELECT *
FROM `mata_pelajaran`
WHERE `pengajar` = \'1ag\'')
 2 SYSTEMPATH\Database\BaseConnection.php(646): CodeIgniter\Database\BaseConnection->simpleQuery('SELECT *
FROM `mata_pelajaran`
WHERE `pengajar` = \'1ag\'')
 3 SYSTEMPATH\Database\BaseBuilder.php(1649): CodeIgniter\Database\BaseConnection->query('SELECT *
FROM `mata_pelajaran`
WHERE `pengajar` = :pengajar:', [...], false)
 4 SYSTEMPATH\Model.php(286): CodeIgniter\Database\BaseBuilder->get()
 5 SYSTEMPATH\BaseModel.php(677): CodeIgniter\Model->doFindAll(0, 0)
 6 APPPATH\Controllers\Materi.php(30): CodeIgniter\BaseModel->findAll()
 7 SYSTEMPATH\CodeIgniter.php(933): App\Controllers\Materi->index()
 8 SYSTEMPATH\CodeIgniter.php(507): CodeIgniter\CodeIgniter->runController(Object(App\Controllers\Materi))
 9 SYSTEMPATH\CodeIgniter.php(354): CodeIgniter\CodeIgniter->handleRequest(null, Object(Config\Cache), false)
10 SYSTEMPATH\Boot.php(363): CodeIgniter\CodeIgniter->run()
11 SYSTEMPATH\Boot.php(68): CodeIgniter\Boot::runCodeIgniter(Object(CodeIgniter\CodeIgniter))
12 FCPATH\index.php(59): CodeIgniter\Boot::bootWeb(Object(Config\Paths))
13 SYSTEMPATH\rewrite.php(44): require_once('C:\\xampp\\htdocs\\LangkahPeduliNew\\public\\index.php')
CRITICAL - 2025-11-30 06:59:34 --> [Caused by] mysqli_sql_exception: Unknown column 'pengajar' in 'where clause'
in SYSTEMPATH\Database\MySQLi\Connection.php on line 327.
 1 SYSTEMPATH\Database\MySQLi\Connection.php(327): mysqli->query('SELECT *
FROM `mata_pelajaran`
WHERE `pengajar` = \'1ag\'', 0)
 2 SYSTEMPATH\Database\BaseConnection.php(729): CodeIgniter\Database\MySQLi\Connection->execute('SELECT *
FROM `mata_pelajaran`
WHERE `pengajar` = \'1ag\'')
 3 SYSTEMPATH\Database\BaseConnection.php(646): CodeIgniter\Database\BaseConnection->simpleQuery('SELECT *
FROM `mata_pelajaran`
WHERE `pengajar` = \'1ag\'')
 4 SYSTEMPATH\Database\BaseBuilder.php(1649): CodeIgniter\Database\BaseConnection->query('SELECT *
FROM `mata_pelajaran`
WHERE `pengajar` = :pengajar:', [...], false)
 5 SYSTEMPATH\Model.php(286): CodeIgniter\Database\BaseBuilder->get()
 6 SYSTEMPATH\BaseModel.php(677): CodeIgniter\Model->doFindAll(0, 0)
 7 APPPATH\Controllers\Materi.php(30): CodeIgniter\BaseModel->findAll()
 8 SYSTEMPATH\CodeIgniter.php(933): App\Controllers\Materi->index()
 9 SYSTEMPATH\CodeIgniter.php(507): CodeIgniter\CodeIgniter->runController(Object(App\Controllers\Materi))
10 SYSTEMPATH\CodeIgniter.php(354): CodeIgniter\CodeIgniter->handleRequest(null, Object(Config\Cache), false)
11 SYSTEMPATH\Boot.php(363): CodeIgniter\CodeIgniter->run()
12 SYSTEMPATH\Boot.php(68): CodeIgniter\Boot::runCodeIgniter(Object(CodeIgniter\CodeIgniter))
13 FCPATH\index.php(59): CodeIgniter\Boot::bootWeb(Object(Config\Paths))
14 SYSTEMPATH\rewrite.php(44): require_once('C:\\xampp\\htdocs\\LangkahPeduliNew\\public\\index.php')
DEBUG - 2025-11-30 06:59:35 --> Session: Class initialized using 'CodeIgniter\Session\Handlers\FileHandler' driver.
DEBUG - 2025-11-30 06:59:36 --> Session: Class initialized using 'CodeIgniter\Session\Handlers\FileHandler' driver.
ERROR - 2025-11-30 06:59:36 --> mysqli_sql_exception: Unknown column 'pengajar' in 'where clause' in C:\xampp\htdocs\LangkahPeduliNew\system\Database\MySQLi\Connection.php:327
Stack trace:
#0 C:\xampp\htdocs\LangkahPeduliNew\system\Database\MySQLi\Connection.php(327): mysqli->query('SELECT *\nFROM `...', 0)
#1 C:\xampp\htdocs\LangkahPeduliNew\system\Database\BaseConnection.php(729): CodeIgniter\Database\MySQLi\Connection->execute('SELECT *\nFROM `...')
#2 C:\xampp\htdocs\LangkahPeduliNew\system\Database\BaseConnection.php(646): CodeIgniter\Database\BaseConnection->simpleQuery('SELECT *\nFROM `...')
#3 C:\xampp\htdocs\LangkahPeduliNew\system\Database\BaseBuilder.php(1649): CodeIgniter\Database\BaseConnection->query('SELECT *\nFROM `...', Array, false)
#4 C:\xampp\htdocs\LangkahPeduliNew\system\Model.php(286): CodeIgniter\Database\BaseBuilder->get()
#5 C:\xampp\htdocs\LangkahPeduliNew\system\BaseModel.php(677): CodeIgniter\Model->doFindAll(0, 0)
#6 C:\xampp\htdocs\LangkahPeduliNew\app\Controllers\Materi.php(30): CodeIgniter\BaseModel->findAll()
#7 C:\xampp\htdocs\LangkahPeduliNew\system\CodeIgniter.php(933): App\Controllers\Materi->index()
#8 C:\xampp\htdocs\LangkahPeduliNew\system\CodeIgniter.php(507): CodeIgniter\CodeIgniter->runController(Object(App\Controllers\Materi))
#9 C:\xampp\htdocs\LangkahPeduliNew\system\CodeIgniter.php(354): CodeIgniter\CodeIgniter->handleRequest(NULL, Object(Config\Cache), false)
#10 C:\xampp\htdocs\LangkahPeduliNew\system\Boot.php(363): CodeIgniter\CodeIgniter->run()
#11 C:\xampp\htdocs\LangkahPeduliNew\system\Boot.php(68): CodeIgniter\Boot::runCodeIgniter(Object(CodeIgniter\CodeIgniter))
#12 C:\xampp\htdocs\LangkahPeduliNew\public\index.php(59): CodeIgniter\Boot::bootWeb(Object(Config\Paths))
#13 C:\xampp\htdocs\LangkahPeduliNew\system\rewrite.php(44): require_once('C:\\xampp\\htdocs...')
#14 {main}
CRITICAL - 2025-11-30 06:59:36 --> CodeIgniter\Database\Exceptions\DatabaseException: Unknown column 'pengajar' in 'where clause'
[Method: GET, Route: dashboard/pengajar/materi]
in SYSTEMPATH\Database\BaseConnection.php on line 684.
 1 SYSTEMPATH\Database\BaseBuilder.php(1649): CodeIgniter\Database\BaseConnection->query('SELECT *
FROM `mata_pelajaran`
WHERE `pengajar` = :pengajar:', [...], false)
 2 SYSTEMPATH\Model.php(286): CodeIgniter\Database\BaseBuilder->get()
 3 SYSTEMPATH\BaseModel.php(677): CodeIgniter\Model->doFindAll(0, 0)
 4 APPPATH\Controllers\Materi.php(30): CodeIgniter\BaseModel->findAll()
 5 SYSTEMPATH\CodeIgniter.php(933): App\Controllers\Materi->index()
 6 SYSTEMPATH\CodeIgniter.php(507): CodeIgniter\CodeIgniter->runController(Object(App\Controllers\Materi))
 7 SYSTEMPATH\CodeIgniter.php(354): CodeIgniter\CodeIgniter->handleRequest(null, Object(Config\Cache), false)
 8 SYSTEMPATH\Boot.php(363): CodeIgniter\CodeIgniter->run()
 9 SYSTEMPATH\Boot.php(68): CodeIgniter\Boot::runCodeIgniter(Object(CodeIgniter\CodeIgniter))
10 FCPATH\index.php(59): CodeIgniter\Boot::bootWeb(Object(Config\Paths))
11 SYSTEMPATH\rewrite.php(44): require_once('C:\\xampp\\htdocs\\LangkahPeduliNew\\public\\index.php')
CRITICAL - 2025-11-30 06:59:36 --> [Caused by] CodeIgniter\Database\Exceptions\DatabaseException: Unknown column 'pengajar' in 'where clause'
in SYSTEMPATH\Database\MySQLi\Connection.php on line 332.
 1 SYSTEMPATH\Database\BaseConnection.php(729): CodeIgniter\Database\MySQLi\Connection->execute('SELECT *
FROM `mata_pelajaran`
WHERE `pengajar` = \'1ag\'')
 2 SYSTEMPATH\Database\BaseConnection.php(646): CodeIgniter\Database\BaseConnection->simpleQuery('SELECT *
FROM `mata_pelajaran`
WHERE `pengajar` = \'1ag\'')
 3 SYSTEMPATH\Database\BaseBuilder.php(1649): CodeIgniter\Database\BaseConnection->query('SELECT *
FROM `mata_pelajaran`
WHERE `pengajar` = :pengajar:', [...], false)
 4 SYSTEMPATH\Model.php(286): CodeIgniter\Database\BaseBuilder->get()
 5 SYSTEMPATH\BaseModel.php(677): CodeIgniter\Model->doFindAll(0, 0)
 6 APPPATH\Controllers\Materi.php(30): CodeIgniter\BaseModel->findAll()
 7 SYSTEMPATH\CodeIgniter.php(933): App\Controllers\Materi->index()
 8 SYSTEMPATH\CodeIgniter.php(507): CodeIgniter\CodeIgniter->runController(Object(App\Controllers\Materi))
 9 SYSTEMPATH\CodeIgniter.php(354): CodeIgniter\CodeIgniter->handleRequest(null, Object(Config\Cache), false)
10 SYSTEMPATH\Boot.php(363): CodeIgniter\CodeIgniter->run()
11 SYSTEMPATH\Boot.php(68): CodeIgniter\Boot::runCodeIgniter(Object(CodeIgniter\CodeIgniter))
12 FCPATH\index.php(59): CodeIgniter\Boot::bootWeb(Object(Config\Paths))
13 SYSTEMPATH\rewrite.php(44): require_once('C:\\xampp\\htdocs\\LangkahPeduliNew\\public\\index.php')
CRITICAL - 2025-11-30 06:59:36 --> [Caused by] mysqli_sql_exception: Unknown column 'pengajar' in 'where clause'
in SYSTEMPATH\Database\MySQLi\Connection.php on line 327.
 1 SYSTEMPATH\Database\MySQLi\Connection.php(327): mysqli->query('SELECT *
FROM `mata_pelajaran`
WHERE `pengajar` = \'1ag\'', 0)
 2 SYSTEMPATH\Database\BaseConnection.php(729): CodeIgniter\Database\MySQLi\Connection->execute('SELECT *
FROM `mata_pelajaran`
WHERE `pengajar` = \'1ag\'')
 3 SYSTEMPATH\Database\BaseConnection.php(646): CodeIgniter\Database\BaseConnection->simpleQuery('SELECT *
FROM `mata_pelajaran`
WHERE `pengajar` = \'1ag\'')
 4 SYSTEMPATH\Database\BaseBuilder.php(1649): CodeIgniter\Database\BaseConnection->query('SELECT *
FROM `mata_pelajaran`
WHERE `pengajar` = :pengajar:', [...], false)
 5 SYSTEMPATH\Model.php(286): CodeIgniter\Database\BaseBuilder->get()
 6 SYSTEMPATH\BaseModel.php(677): CodeIgniter\Model->doFindAll(0, 0)
 7 APPPATH\Controllers\Materi.php(30): CodeIgniter\BaseModel->findAll()
 8 SYSTEMPATH\CodeIgniter.php(933): App\Controllers\Materi->index()
 9 SYSTEMPATH\CodeIgniter.php(507): CodeIgniter\CodeIgniter->runController(Object(App\Controllers\Materi))
10 SYSTEMPATH\CodeIgniter.php(354): CodeIgniter\CodeIgniter->handleRequest(null, Object(Config\Cache), false)
11 SYSTEMPATH\Boot.php(363): CodeIgniter\CodeIgniter->run()
12 SYSTEMPATH\Boot.php(68): CodeIgniter\Boot::runCodeIgniter(Object(CodeIgniter\CodeIgniter))
13 FCPATH\index.php(59): CodeIgniter\Boot::bootWeb(Object(Config\Paths))
14 SYSTEMPATH\rewrite.php(44): require_once('C:\\xampp\\htdocs\\LangkahPeduliNew\\public\\index.php')
DEBUG - 2025-11-30 06:59:38 --> Session: Class initialized using 'CodeIgniter\Session\Handlers\FileHandler' driver.
ERROR - 2025-11-30 06:59:38 --> mysqli_sql_exception: Unknown column 'pengajar' in 'where clause' in C:\xampp\htdocs\LangkahPeduliNew\system\Database\MySQLi\Connection.php:327
Stack trace:
#0 C:\xampp\htdocs\LangkahPeduliNew\system\Database\MySQLi\Connection.php(327): mysqli->query('SELECT *\nFROM `...', 0)
#1 C:\xampp\htdocs\LangkahPeduliNew\system\Database\BaseConnection.php(729): CodeIgniter\Database\MySQLi\Connection->execute('SELECT *\nFROM `...')
#2 C:\xampp\htdocs\LangkahPeduliNew\system\Database\BaseConnection.php(646): CodeIgniter\Database\BaseConnection->simpleQuery('SELECT *\nFROM `...')
#3 C:\xampp\htdocs\LangkahPeduliNew\system\Database\BaseBuilder.php(1649): CodeIgniter\Database\BaseConnection->query('SELECT *\nFROM `...', Array, false)
#4 C:\xampp\htdocs\LangkahPeduliNew\system\Model.php(286): CodeIgniter\Database\BaseBuilder->get()
#5 C:\xampp\htdocs\LangkahPeduliNew\system\BaseModel.php(677): CodeIgniter\Model->doFindAll(0, 0)
#6 C:\xampp\htdocs\LangkahPeduliNew\app\Controllers\Materi.php(30): CodeIgniter\BaseModel->findAll()
#7 C:\xampp\htdocs\LangkahPeduliNew\system\CodeIgniter.php(933): App\Controllers\Materi->index()
#8 C:\xampp\htdocs\LangkahPeduliNew\system\CodeIgniter.php(507): CodeIgniter\CodeIgniter->runController(Object(App\Controllers\Materi))
#9 C:\xampp\htdocs\LangkahPeduliNew\system\CodeIgniter.php(354): CodeIgniter\CodeIgniter->handleRequest(NULL, Object(Config\Cache), false)
#10 C:\xampp\htdocs\LangkahPeduliNew\system\Boot.php(363): CodeIgniter\CodeIgniter->run()
#11 C:\xampp\htdocs\LangkahPeduliNew\system\Boot.php(68): CodeIgniter\Boot::runCodeIgniter(Object(CodeIgniter\CodeIgniter))
#12 C:\xampp\htdocs\LangkahPeduliNew\public\index.php(59): CodeIgniter\Boot::bootWeb(Object(Config\Paths))
#13 C:\xampp\htdocs\LangkahPeduliNew\system\rewrite.php(44): require_once('C:\\xampp\\htdocs...')
#14 {main}
CRITICAL - 2025-11-30 06:59:38 --> CodeIgniter\Database\Exceptions\DatabaseException: Unknown column 'pengajar' in 'where clause'
[Method: GET, Route: dashboard/pengajar/materi]
in SYSTEMPATH\Database\BaseConnection.php on line 684.
 1 SYSTEMPATH\Database\BaseBuilder.php(1649): CodeIgniter\Database\BaseConnection->query('SELECT *
FROM `mata_pelajaran`
WHERE `pengajar` = :pengajar:', [...], false)
 2 SYSTEMPATH\Model.php(286): CodeIgniter\Database\BaseBuilder->get()
 3 SYSTEMPATH\BaseModel.php(677): CodeIgniter\Model->doFindAll(0, 0)
 4 APPPATH\Controllers\Materi.php(30): CodeIgniter\BaseModel->findAll()
 5 SYSTEMPATH\CodeIgniter.php(933): App\Controllers\Materi->index()
 6 SYSTEMPATH\CodeIgniter.php(507): CodeIgniter\CodeIgniter->runController(Object(App\Controllers\Materi))
 7 SYSTEMPATH\CodeIgniter.php(354): CodeIgniter\CodeIgniter->handleRequest(null, Object(Config\Cache), false)
 8 SYSTEMPATH\Boot.php(363): CodeIgniter\CodeIgniter->run()
 9 SYSTEMPATH\Boot.php(68): CodeIgniter\Boot::runCodeIgniter(Object(CodeIgniter\CodeIgniter))
10 FCPATH\index.php(59): CodeIgniter\Boot::bootWeb(Object(Config\Paths))
11 SYSTEMPATH\rewrite.php(44): require_once('C:\\xampp\\htdocs\\LangkahPeduliNew\\public\\index.php')
CRITICAL - 2025-11-30 06:59:38 --> [Caused by] CodeIgniter\Database\Exceptions\DatabaseException: Unknown column 'pengajar' in 'where clause'
in SYSTEMPATH\Database\MySQLi\Connection.php on line 332.
 1 SYSTEMPATH\Database\BaseConnection.php(729): CodeIgniter\Database\MySQLi\Connection->execute('SELECT *
FROM `mata_pelajaran`
WHERE `pengajar` = \'1ag\'')
 2 SYSTEMPATH\Database\BaseConnection.php(646): CodeIgniter\Database\BaseConnection->simpleQuery('SELECT *
FROM `mata_pelajaran`
WHERE `pengajar` = \'1ag\'')
 3 SYSTEMPATH\Database\BaseBuilder.php(1649): CodeIgniter\Database\BaseConnection->query('SELECT *
FROM `mata_pelajaran`
WHERE `pengajar` = :pengajar:', [...], false)
 4 SYSTEMPATH\Model.php(286): CodeIgniter\Database\BaseBuilder->get()
 5 SYSTEMPATH\BaseModel.php(677): CodeIgniter\Model->doFindAll(0, 0)
 6 APPPATH\Controllers\Materi.php(30): CodeIgniter\BaseModel->findAll()
 7 SYSTEMPATH\CodeIgniter.php(933): App\Controllers\Materi->index()
 8 SYSTEMPATH\CodeIgniter.php(507): CodeIgniter\CodeIgniter->runController(Object(App\Controllers\Materi))
 9 SYSTEMPATH\CodeIgniter.php(354): CodeIgniter\CodeIgniter->handleRequest(null, Object(Config\Cache), false)
10 SYSTEMPATH\Boot.php(363): CodeIgniter\CodeIgniter->run()
11 SYSTEMPATH\Boot.php(68): CodeIgniter\Boot::runCodeIgniter(Object(CodeIgniter\CodeIgniter))
12 FCPATH\index.php(59): CodeIgniter\Boot::bootWeb(Object(Config\Paths))
13 SYSTEMPATH\rewrite.php(44): require_once('C:\\xampp\\htdocs\\LangkahPeduliNew\\public\\index.php')
CRITICAL - 2025-11-30 06:59:38 --> [Caused by] mysqli_sql_exception: Unknown column 'pengajar' in 'where clause'
in SYSTEMPATH\Database\MySQLi\Connection.php on line 327.
 1 SYSTEMPATH\Database\MySQLi\Connection.php(327): mysqli->query('SELECT *
FROM `mata_pelajaran`
WHERE `pengajar` = \'1ag\'', 0)
 2 SYSTEMPATH\Database\BaseConnection.php(729): CodeIgniter\Database\MySQLi\Connection->execute('SELECT *
FROM `mata_pelajaran`
WHERE `pengajar` = \'1ag\'')
 3 SYSTEMPATH\Database\BaseConnection.php(646): CodeIgniter\Database\BaseConnection->simpleQuery('SELECT *
FROM `mata_pelajaran`
WHERE `pengajar` = \'1ag\'')
 4 SYSTEMPATH\Database\BaseBuilder.php(1649): CodeIgniter\Database\BaseConnection->query('SELECT *
FROM `mata_pelajaran`
WHERE `pengajar` = :pengajar:', [...], false)
 5 SYSTEMPATH\Model.php(286): CodeIgniter\Database\BaseBuilder->get()
 6 SYSTEMPATH\BaseModel.php(677): CodeIgniter\Model->doFindAll(0, 0)
 7 APPPATH\Controllers\Materi.php(30): CodeIgniter\BaseModel->findAll()
 8 SYSTEMPATH\CodeIgniter.php(933): App\Controllers\Materi->index()
 9 SYSTEMPATH\CodeIgniter.php(507): CodeIgniter\CodeIgniter->runController(Object(App\Controllers\Materi))
10 SYSTEMPATH\CodeIgniter.php(354): CodeIgniter\CodeIgniter->handleRequest(null, Object(Config\Cache), false)
11 SYSTEMPATH\Boot.php(363): CodeIgniter\CodeIgniter->run()
12 SYSTEMPATH\Boot.php(68): CodeIgniter\Boot::runCodeIgniter(Object(CodeIgniter\CodeIgniter))
13 FCPATH\index.php(59): CodeIgniter\Boot::bootWeb(Object(Config\Paths))
14 SYSTEMPATH\rewrite.php(44): require_once('C:\\xampp\\htdocs\\LangkahPeduliNew\\public\\index.php')
DEBUG - 2025-11-30 07:00:42 --> Session: Class initialized using 'CodeIgniter\Session\Handlers\FileHandler' driver.
DEBUG - 2025-11-30 07:04:12 --> Session: Class initialized using 'CodeIgniter\Session\Handlers\FileHandler' driver.
ERROR - 2025-11-30 07:04:12 --> mysqli_sql_exception: Unknown column 'pengajar' in 'where clause' in C:\xampp\htdocs\LangkahPeduliNew\system\Database\MySQLi\Connection.php:327
Stack trace:
#0 C:\xampp\htdocs\LangkahPeduliNew\system\Database\MySQLi\Connection.php(327): mysqli->query('SELECT *\nFROM `...', 0)
#1 C:\xampp\htdocs\LangkahPeduliNew\system\Database\BaseConnection.php(729): CodeIgniter\Database\MySQLi\Connection->execute('SELECT *\nFROM `...')
#2 C:\xampp\htdocs\LangkahPeduliNew\system\Database\BaseConnection.php(646): CodeIgniter\Database\BaseConnection->simpleQuery('SELECT *\nFROM `...')
#3 C:\xampp\htdocs\LangkahPeduliNew\system\Database\BaseBuilder.php(1649): CodeIgniter\Database\BaseConnection->query('SELECT *\nFROM `...', Array, false)
#4 C:\xampp\htdocs\LangkahPeduliNew\system\Model.php(286): CodeIgniter\Database\BaseBuilder->get()
#5 C:\xampp\htdocs\LangkahPeduliNew\system\BaseModel.php(677): CodeIgniter\Model->doFindAll(0, 0)
#6 C:\xampp\htdocs\LangkahPeduliNew\app\Controllers\Materi.php(30): CodeIgniter\BaseModel->findAll()
#7 C:\xampp\htdocs\LangkahPeduliNew\system\CodeIgniter.php(933): App\Controllers\Materi->index()
#8 C:\xampp\htdocs\LangkahPeduliNew\system\CodeIgniter.php(507): CodeIgniter\CodeIgniter->runController(Object(App\Controllers\Materi))
#9 C:\xampp\htdocs\LangkahPeduliNew\system\CodeIgniter.php(354): CodeIgniter\CodeIgniter->handleRequest(NULL, Object(Config\Cache), false)
#10 C:\xampp\htdocs\LangkahPeduliNew\system\Boot.php(363): CodeIgniter\CodeIgniter->run()
#11 C:\xampp\htdocs\LangkahPeduliNew\system\Boot.php(68): CodeIgniter\Boot::runCodeIgniter(Object(CodeIgniter\CodeIgniter))
#12 C:\xampp\htdocs\LangkahPeduliNew\public\index.php(59): CodeIgniter\Boot::bootWeb(Object(Config\Paths))
#13 C:\xampp\htdocs\LangkahPeduliNew\system\rewrite.php(44): require_once('C:\\xampp\\htdocs...')
#14 {main}
CRITICAL - 2025-11-30 07:04:12 --> CodeIgniter\Database\Exceptions\DatabaseException: Unknown column 'pengajar' in 'where clause'
[Method: GET, Route: dashboard/pengajar/materi]
in SYSTEMPATH\Database\BaseConnection.php on line 684.
 1 SYSTEMPATH\Database\BaseBuilder.php(1649): CodeIgniter\Database\BaseConnection->query('SELECT *
FROM `mata_pelajaran`
WHERE `pengajar` = :pengajar:', [...], false)
 2 SYSTEMPATH\Model.php(286): CodeIgniter\Database\BaseBuilder->get()
 3 SYSTEMPATH\BaseModel.php(677): CodeIgniter\Model->doFindAll(0, 0)
 4 APPPATH\Controllers\Materi.php(30): CodeIgniter\BaseModel->findAll()
 5 SYSTEMPATH\CodeIgniter.php(933): App\Controllers\Materi->index()
 6 SYSTEMPATH\CodeIgniter.php(507): CodeIgniter\CodeIgniter->runController(Object(App\Controllers\Materi))
 7 SYSTEMPATH\CodeIgniter.php(354): CodeIgniter\CodeIgniter->handleRequest(null, Object(Config\Cache), false)
 8 SYSTEMPATH\Boot.php(363): CodeIgniter\CodeIgniter->run()
 9 SYSTEMPATH\Boot.php(68): CodeIgniter\Boot::runCodeIgniter(Object(CodeIgniter\CodeIgniter))
10 FCPATH\index.php(59): CodeIgniter\Boot::bootWeb(Object(Config\Paths))
11 SYSTEMPATH\rewrite.php(44): require_once('C:\\xampp\\htdocs\\LangkahPeduliNew\\public\\index.php')
CRITICAL - 2025-11-30 07:04:12 --> [Caused by] CodeIgniter\Database\Exceptions\DatabaseException: Unknown column 'pengajar' in 'where clause'
in SYSTEMPATH\Database\MySQLi\Connection.php on line 332.
 1 SYSTEMPATH\Database\BaseConnection.php(729): CodeIgniter\Database\MySQLi\Connection->execute('SELECT *
FROM `mata_pelajaran`
WHERE `pengajar` = \'1ag\'')
 2 SYSTEMPATH\Database\BaseConnection.php(646): CodeIgniter\Database\BaseConnection->simpleQuery('SELECT *
FROM `mata_pelajaran`
WHERE `pengajar` = \'1ag\'')
 3 SYSTEMPATH\Database\BaseBuilder.php(1649): CodeIgniter\Database\BaseConnection->query('SELECT *
FROM `mata_pelajaran`
WHERE `pengajar` = :pengajar:', [...], false)
 4 SYSTEMPATH\Model.php(286): CodeIgniter\Database\BaseBuilder->get()
 5 SYSTEMPATH\BaseModel.php(677): CodeIgniter\Model->doFindAll(0, 0)
 6 APPPATH\Controllers\Materi.php(30): CodeIgniter\BaseModel->findAll()
 7 SYSTEMPATH\CodeIgniter.php(933): App\Controllers\Materi->index()
 8 SYSTEMPATH\CodeIgniter.php(507): CodeIgniter\CodeIgniter->runController(Object(App\Controllers\Materi))
 9 SYSTEMPATH\CodeIgniter.php(354): CodeIgniter\CodeIgniter->handleRequest(null, Object(Config\Cache), false)
10 SYSTEMPATH\Boot.php(363): CodeIgniter\CodeIgniter->run()
11 SYSTEMPATH\Boot.php(68): CodeIgniter\Boot::runCodeIgniter(Object(CodeIgniter\CodeIgniter))
12 FCPATH\index.php(59): CodeIgniter\Boot::bootWeb(Object(Config\Paths))
13 SYSTEMPATH\rewrite.php(44): require_once('C:\\xampp\\htdocs\\LangkahPeduliNew\\public\\index.php')
CRITICAL - 2025-11-30 07:04:12 --> [Caused by] mysqli_sql_exception: Unknown column 'pengajar' in 'where clause'
in SYSTEMPATH\Database\MySQLi\Connection.php on line 327.
 1 SYSTEMPATH\Database\MySQLi\Connection.php(327): mysqli->query('SELECT *
FROM `mata_pelajaran`
WHERE `pengajar` = \'1ag\'', 0)
 2 SYSTEMPATH\Database\BaseConnection.php(729): CodeIgniter\Database\MySQLi\Connection->execute('SELECT *
FROM `mata_pelajaran`
WHERE `pengajar` = \'1ag\'')
 3 SYSTEMPATH\Database\BaseConnection.php(646): CodeIgniter\Database\BaseConnection->simpleQuery('SELECT *
FROM `mata_pelajaran`
WHERE `pengajar` = \'1ag\'')
 4 SYSTEMPATH\Database\BaseBuilder.php(1649): CodeIgniter\Database\BaseConnection->query('SELECT *
FROM `mata_pelajaran`
WHERE `pengajar` = :pengajar:', [...], false)
 5 SYSTEMPATH\Model.php(286): CodeIgniter\Database\BaseBuilder->get()
 6 SYSTEMPATH\BaseModel.php(677): CodeIgniter\Model->doFindAll(0, 0)
 7 APPPATH\Controllers\Materi.php(30): CodeIgniter\BaseModel->findAll()
 8 SYSTEMPATH\CodeIgniter.php(933): App\Controllers\Materi->index()
 9 SYSTEMPATH\CodeIgniter.php(507): CodeIgniter\CodeIgniter->runController(Object(App\Controllers\Materi))
10 SYSTEMPATH\CodeIgniter.php(354): CodeIgniter\CodeIgniter->handleRequest(null, Object(Config\Cache), false)
11 SYSTEMPATH\Boot.php(363): CodeIgniter\CodeIgniter->run()
12 SYSTEMPATH\Boot.php(68): CodeIgniter\Boot::runCodeIgniter(Object(CodeIgniter\CodeIgniter))
13 FCPATH\index.php(59): CodeIgniter\Boot::bootWeb(Object(Config\Paths))
14 SYSTEMPATH\rewrite.php(44): require_once('C:\\xampp\\htdocs\\LangkahPeduliNew\\public\\index.php')
DEBUG - 2025-11-30 07:18:24 --> Session: Class initialized using 'CodeIgniter\Session\Handlers\FileHandler' driver.
CRITICAL - 2025-11-30 07:20:51 --> ErrorException: Maximum execution time of 60 seconds exceeded
[Method: GET, Route: dashboard/pengajar/materi]
in SYSTEMPATH\Debug\Exceptions.php on line 208.
 1 [internal function]: CodeIgniter\Debug\Exceptions->shutdownHandler()
DEBUG - 2025-11-30 07:21:03 --> Session: Class initialized using 'CodeIgniter\Session\Handlers\FileHandler' driver.
DEBUG - 2025-11-30 07:21:09 --> Session: Class initialized using 'CodeIgniter\Session\Handlers\FileHandler' driver.
DEBUG - 2025-11-30 07:21:10 --> Session: Class initialized using 'CodeIgniter\Session\Handlers\FileHandler' driver.
DEBUG - 2025-11-30 07:21:12 --> Session: Class initialized using 'CodeIgniter\Session\Handlers\FileHandler' driver.
ERROR - 2025-11-30 07:21:12 --> mysqli_sql_exception: Table 'newlangkah.mata_pelajaran' doesn't exist in C:\xampp\htdocs\LangkahPeduliNew\system\Database\MySQLi\Connection.php:327
Stack trace:
#0 C:\xampp\htdocs\LangkahPeduliNew\system\Database\MySQLi\Connection.php(327): mysqli->query('SELECT *\nFROM `...', 0)
#1 C:\xampp\htdocs\LangkahPeduliNew\system\Database\BaseConnection.php(729): CodeIgniter\Database\MySQLi\Connection->execute('SELECT *\nFROM `...')
#2 C:\xampp\htdocs\LangkahPeduliNew\system\Database\BaseConnection.php(646): CodeIgniter\Database\BaseConnection->simpleQuery('SELECT *\nFROM `...')
#3 C:\xampp\htdocs\LangkahPeduliNew\system\Database\BaseBuilder.php(1649): CodeIgniter\Database\BaseConnection->query('SELECT *\nFROM `...', Array, false)
#4 C:\xampp\htdocs\LangkahPeduliNew\system\Model.php(286): CodeIgniter\Database\BaseBuilder->get()
#5 C:\xampp\htdocs\LangkahPeduliNew\system\BaseModel.php(677): CodeIgniter\Model->doFindAll(0, 0)
#6 C:\xampp\htdocs\LangkahPeduliNew\app\Controllers\Materi.php(30): CodeIgniter\BaseModel->findAll()
#7 C:\xampp\htdocs\LangkahPeduliNew\system\CodeIgniter.php(933): App\Controllers\Materi->index()
#8 C:\xampp\htdocs\LangkahPeduliNew\system\CodeIgniter.php(507): CodeIgniter\CodeIgniter->runController(Object(App\Controllers\Materi))
#9 C:\xampp\htdocs\LangkahPeduliNew\system\CodeIgniter.php(354): CodeIgniter\CodeIgniter->handleRequest(NULL, Object(Config\Cache), false)
#10 C:\xampp\htdocs\LangkahPeduliNew\system\Boot.php(363): CodeIgniter\CodeIgniter->run()
#11 C:\xampp\htdocs\LangkahPeduliNew\system\Boot.php(68): CodeIgniter\Boot::runCodeIgniter(Object(CodeIgniter\CodeIgniter))
#12 C:\xampp\htdocs\LangkahPeduliNew\public\index.php(59): CodeIgniter\Boot::bootWeb(Object(Config\Paths))
#13 C:\xampp\htdocs\LangkahPeduliNew\system\rewrite.php(44): require_once('C:\\xampp\\htdocs...')
#14 {main}
CRITICAL - 2025-11-30 07:21:12 --> CodeIgniter\Database\Exceptions\DatabaseException: Table 'newlangkah.mata_pelajaran' doesn't exist
[Method: GET, Route: dashboard/pengajar/materi]
in SYSTEMPATH\Database\BaseConnection.php on line 684.
 1 SYSTEMPATH\Database\BaseBuilder.php(1649): CodeIgniter\Database\BaseConnection->query('SELECT *
FROM `mata_pelajaran`
WHERE `pengajar` = :pengajar:', [...], false)
 2 SYSTEMPATH\Model.php(286): CodeIgniter\Database\BaseBuilder->get()
 3 SYSTEMPATH\BaseModel.php(677): CodeIgniter\Model->doFindAll(0, 0)
 4 APPPATH\Controllers\Materi.php(30): CodeIgniter\BaseModel->findAll()
 5 SYSTEMPATH\CodeIgniter.php(933): App\Controllers\Materi->index()
 6 SYSTEMPATH\CodeIgniter.php(507): CodeIgniter\CodeIgniter->runController(Object(App\Controllers\Materi))
 7 SYSTEMPATH\CodeIgniter.php(354): CodeIgniter\CodeIgniter->handleRequest(null, Object(Config\Cache), false)
 8 SYSTEMPATH\Boot.php(363): CodeIgniter\CodeIgniter->run()
 9 SYSTEMPATH\Boot.php(68): CodeIgniter\Boot::runCodeIgniter(Object(CodeIgniter\CodeIgniter))
10 FCPATH\index.php(59): CodeIgniter\Boot::bootWeb(Object(Config\Paths))
11 SYSTEMPATH\rewrite.php(44): require_once('C:\\xampp\\htdocs\\LangkahPeduliNew\\public\\index.php')
CRITICAL - 2025-11-30 07:21:12 --> [Caused by] CodeIgniter\Database\Exceptions\DatabaseException: Table 'newlangkah.mata_pelajaran' doesn't exist
in SYSTEMPATH\Database\MySQLi\Connection.php on line 332.
 1 SYSTEMPATH\Database\BaseConnection.php(729): CodeIgniter\Database\MySQLi\Connection->execute('SELECT *
FROM `mata_pelajaran`
WHERE `pengajar` = \'1ag\'')
 2 SYSTEMPATH\Database\BaseConnection.php(646): CodeIgniter\Database\BaseConnection->simpleQuery('SELECT *
FROM `mata_pelajaran`
WHERE `pengajar` = \'1ag\'')
 3 SYSTEMPATH\Database\BaseBuilder.php(1649): CodeIgniter\Database\BaseConnection->query('SELECT *
FROM `mata_pelajaran`
WHERE `pengajar` = :pengajar:', [...], false)
 4 SYSTEMPATH\Model.php(286): CodeIgniter\Database\BaseBuilder->get()
 5 SYSTEMPATH\BaseModel.php(677): CodeIgniter\Model->doFindAll(0, 0)
 6 APPPATH\Controllers\Materi.php(30): CodeIgniter\BaseModel->findAll()
 7 SYSTEMPATH\CodeIgniter.php(933): App\Controllers\Materi->index()
 8 SYSTEMPATH\CodeIgniter.php(507): CodeIgniter\CodeIgniter->runController(Object(App\Controllers\Materi))
 9 SYSTEMPATH\CodeIgniter.php(354): CodeIgniter\CodeIgniter->handleRequest(null, Object(Config\Cache), false)
10 SYSTEMPATH\Boot.php(363): CodeIgniter\CodeIgniter->run()
11 SYSTEMPATH\Boot.php(68): CodeIgniter\Boot::runCodeIgniter(Object(CodeIgniter\CodeIgniter))
12 FCPATH\index.php(59): CodeIgniter\Boot::bootWeb(Object(Config\Paths))
13 SYSTEMPATH\rewrite.php(44): require_once('C:\\xampp\\htdocs\\LangkahPeduliNew\\public\\index.php')
CRITICAL - 2025-11-30 07:21:12 --> [Caused by] mysqli_sql_exception: Table 'newlangkah.mata_pelajaran' doesn't exist
in SYSTEMPATH\Database\MySQLi\Connection.php on line 327.
 1 SYSTEMPATH\Database\MySQLi\Connection.php(327): mysqli->query('SELECT *
FROM `mata_pelajaran`
WHERE `pengajar` = \'1ag\'', 0)
 2 SYSTEMPATH\Database\BaseConnection.php(729): CodeIgniter\Database\MySQLi\Connection->execute('SELECT *
FROM `mata_pelajaran`
WHERE `pengajar` = \'1ag\'')
 3 SYSTEMPATH\Database\BaseConnection.php(646): CodeIgniter\Database\BaseConnection->simpleQuery('SELECT *
FROM `mata_pelajaran`
WHERE `pengajar` = \'1ag\'')
 4 SYSTEMPATH\Database\BaseBuilder.php(1649): CodeIgniter\Database\BaseConnection->query('SELECT *
FROM `mata_pelajaran`
WHERE `pengajar` = :pengajar:', [...], false)
 5 SYSTEMPATH\Model.php(286): CodeIgniter\Database\BaseBuilder->get()
 6 SYSTEMPATH\BaseModel.php(677): CodeIgniter\Model->doFindAll(0, 0)
 7 APPPATH\Controllers\Materi.php(30): CodeIgniter\BaseModel->findAll()
 8 SYSTEMPATH\CodeIgniter.php(933): App\Controllers\Materi->index()
 9 SYSTEMPATH\CodeIgniter.php(507): CodeIgniter\CodeIgniter->runController(Object(App\Controllers\Materi))
10 SYSTEMPATH\CodeIgniter.php(354): CodeIgniter\CodeIgniter->handleRequest(null, Object(Config\Cache), false)
11 SYSTEMPATH\Boot.php(363): CodeIgniter\CodeIgniter->run()
12 SYSTEMPATH\Boot.php(68): CodeIgniter\Boot::runCodeIgniter(Object(CodeIgniter\CodeIgniter))
13 FCPATH\index.php(59): CodeIgniter\Boot::bootWeb(Object(Config\Paths))
14 SYSTEMPATH\rewrite.php(44): require_once('C:\\xampp\\htdocs\\LangkahPeduliNew\\public\\index.php')
DEBUG - 2025-11-30 07:28:13 --> Session: Class initialized using 'CodeIgniter\Session\Handlers\FileHandler' driver.
ERROR - 2025-11-30 07:28:13 --> mysqli_sql_exception: Table 'newlangkah.mata_pelajaran1' doesn't exist in C:\xampp\htdocs\LangkahPeduliNew\system\Database\MySQLi\Connection.php:327
Stack trace:
#0 C:\xampp\htdocs\LangkahPeduliNew\system\Database\MySQLi\Connection.php(327): mysqli->query('SELECT *\nFROM `...', 0)
#1 C:\xampp\htdocs\LangkahPeduliNew\system\Database\BaseConnection.php(729): CodeIgniter\Database\MySQLi\Connection->execute('SELECT *\nFROM `...')
#2 C:\xampp\htdocs\LangkahPeduliNew\system\Database\BaseConnection.php(646): CodeIgniter\Database\BaseConnection->simpleQuery('SELECT *\nFROM `...')
#3 C:\xampp\htdocs\LangkahPeduliNew\system\Database\BaseBuilder.php(1649): CodeIgniter\Database\BaseConnection->query('SELECT *\nFROM `...', Array, false)
#4 C:\xampp\htdocs\LangkahPeduliNew\system\Model.php(286): CodeIgniter\Database\BaseBuilder->get()
#5 C:\xampp\htdocs\LangkahPeduliNew\system\BaseModel.php(677): CodeIgniter\Model->doFindAll(0, 0)
#6 C:\xampp\htdocs\LangkahPeduliNew\app\Controllers\Materi.php(30): CodeIgniter\BaseModel->findAll()
#7 C:\xampp\htdocs\LangkahPeduliNew\system\CodeIgniter.php(933): App\Controllers\Materi->index()
#8 C:\xampp\htdocs\LangkahPeduliNew\system\CodeIgniter.php(507): CodeIgniter\CodeIgniter->runController(Object(App\Controllers\Materi))
#9 C:\xampp\htdocs\LangkahPeduliNew\system\CodeIgniter.php(354): CodeIgniter\CodeIgniter->handleRequest(NULL, Object(Config\Cache), false)
#10 C:\xampp\htdocs\LangkahPeduliNew\system\Boot.php(363): CodeIgniter\CodeIgniter->run()
#11 C:\xampp\htdocs\LangkahPeduliNew\system\Boot.php(68): CodeIgniter\Boot::runCodeIgniter(Object(CodeIgniter\CodeIgniter))
#12 C:\xampp\htdocs\LangkahPeduliNew\public\index.php(59): CodeIgniter\Boot::bootWeb(Object(Config\Paths))
#13 C:\xampp\htdocs\LangkahPeduliNew\system\rewrite.php(44): require_once('C:\\xampp\\htdocs...')
#14 {main}
CRITICAL - 2025-11-30 07:28:13 --> CodeIgniter\Database\Exceptions\DatabaseException: Table 'newlangkah.mata_pelajaran1' doesn't exist
[Method: GET, Route: dashboard/pengajar/materi]
in SYSTEMPATH\Database\BaseConnection.php on line 684.
 1 SYSTEMPATH\Database\BaseBuilder.php(1649): CodeIgniter\Database\BaseConnection->query('SELECT *
FROM `mata_pelajaran1`
WHERE `pengajar` = :pengajar:', [...], false)
 2 SYSTEMPATH\Model.php(286): CodeIgniter\Database\BaseBuilder->get()
 3 SYSTEMPATH\BaseModel.php(677): CodeIgniter\Model->doFindAll(0, 0)
 4 APPPATH\Controllers\Materi.php(30): CodeIgniter\BaseModel->findAll()
 5 SYSTEMPATH\CodeIgniter.php(933): App\Controllers\Materi->index()
 6 SYSTEMPATH\CodeIgniter.php(507): CodeIgniter\CodeIgniter->runController(Object(App\Controllers\Materi))
 7 SYSTEMPATH\CodeIgniter.php(354): CodeIgniter\CodeIgniter->handleRequest(null, Object(Config\Cache), false)
 8 SYSTEMPATH\Boot.php(363): CodeIgniter\CodeIgniter->run()
 9 SYSTEMPATH\Boot.php(68): CodeIgniter\Boot::runCodeIgniter(Object(CodeIgniter\CodeIgniter))
10 FCPATH\index.php(59): CodeIgniter\Boot::bootWeb(Object(Config\Paths))
11 SYSTEMPATH\rewrite.php(44): require_once('C:\\xampp\\htdocs\\LangkahPeduliNew\\public\\index.php')
CRITICAL - 2025-11-30 07:28:13 --> [Caused by] CodeIgniter\Database\Exceptions\DatabaseException: Table 'newlangkah.mata_pelajaran1' doesn't exist
in SYSTEMPATH\Database\MySQLi\Connection.php on line 332.
 1 SYSTEMPATH\Database\BaseConnection.php(729): CodeIgniter\Database\MySQLi\Connection->execute('SELECT *
FROM `mata_pelajaran1`
WHERE `pengajar` = \'1ag\'')
 2 SYSTEMPATH\Database\BaseConnection.php(646): CodeIgniter\Database\BaseConnection->simpleQuery('SELECT *
FROM `mata_pelajaran1`
WHERE `pengajar` = \'1ag\'')
 3 SYSTEMPATH\Database\BaseBuilder.php(1649): CodeIgniter\Database\BaseConnection->query('SELECT *
FROM `mata_pelajaran1`
WHERE `pengajar` = :pengajar:', [...], false)
 4 SYSTEMPATH\Model.php(286): CodeIgniter\Database\BaseBuilder->get()
 5 SYSTEMPATH\BaseModel.php(677): CodeIgniter\Model->doFindAll(0, 0)
 6 APPPATH\Controllers\Materi.php(30): CodeIgniter\BaseModel->findAll()
 7 SYSTEMPATH\CodeIgniter.php(933): App\Controllers\Materi->index()
 8 SYSTEMPATH\CodeIgniter.php(507): CodeIgniter\CodeIgniter->runController(Object(App\Controllers\Materi))
 9 SYSTEMPATH\CodeIgniter.php(354): CodeIgniter\CodeIgniter->handleRequest(null, Object(Config\Cache), false)
10 SYSTEMPATH\Boot.php(363): CodeIgniter\CodeIgniter->run()
11 SYSTEMPATH\Boot.php(68): CodeIgniter\Boot::runCodeIgniter(Object(CodeIgniter\CodeIgniter))
12 FCPATH\index.php(59): CodeIgniter\Boot::bootWeb(Object(Config\Paths))
13 SYSTEMPATH\rewrite.php(44): require_once('C:\\xampp\\htdocs\\LangkahPeduliNew\\public\\index.php')
CRITICAL - 2025-11-30 07:28:13 --> [Caused by] mysqli_sql_exception: Table 'newlangkah.mata_pelajaran1' doesn't exist
in SYSTEMPATH\Database\MySQLi\Connection.php on line 327.
 1 SYSTEMPATH\Database\MySQLi\Connection.php(327): mysqli->query('SELECT *
FROM `mata_pelajaran1`
WHERE `pengajar` = \'1ag\'', 0)
 2 SYSTEMPATH\Database\BaseConnection.php(729): CodeIgniter\Database\MySQLi\Connection->execute('SELECT *
FROM `mata_pelajaran1`
WHERE `pengajar` = \'1ag\'')
 3 SYSTEMPATH\Database\BaseConnection.php(646): CodeIgniter\Database\BaseConnection->simpleQuery('SELECT *
FROM `mata_pelajaran1`
WHERE `pengajar` = \'1ag\'')
 4 SYSTEMPATH\Database\BaseBuilder.php(1649): CodeIgniter\Database\BaseConnection->query('SELECT *
FROM `mata_pelajaran1`
WHERE `pengajar` = :pengajar:', [...], false)
 5 SYSTEMPATH\Model.php(286): CodeIgniter\Database\BaseBuilder->get()
 6 SYSTEMPATH\BaseModel.php(677): CodeIgniter\Model->doFindAll(0, 0)
 7 APPPATH\Controllers\Materi.php(30): CodeIgniter\BaseModel->findAll()
 8 SYSTEMPATH\CodeIgniter.php(933): App\Controllers\Materi->index()
 9 SYSTEMPATH\CodeIgniter.php(507): CodeIgniter\CodeIgniter->runController(Object(App\Controllers\Materi))
10 SYSTEMPATH\CodeIgniter.php(354): CodeIgniter\CodeIgniter->handleRequest(null, Object(Config\Cache), false)
11 SYSTEMPATH\Boot.php(363): CodeIgniter\CodeIgniter->run()
12 SYSTEMPATH\Boot.php(68): CodeIgniter\Boot::runCodeIgniter(Object(CodeIgniter\CodeIgniter))
13 FCPATH\index.php(59): CodeIgniter\Boot::bootWeb(Object(Config\Paths))
14 SYSTEMPATH\rewrite.php(44): require_once('C:\\xampp\\htdocs\\LangkahPeduliNew\\public\\index.php')
DEBUG - 2025-11-30 07:28:40 --> Session: Class initialized using 'CodeIgniter\Session\Handlers\FileHandler' driver.
ERROR - 2025-11-30 07:28:40 --> mysqli_sql_exception: Table 'newlangkah.mata_pelajaran1' doesn't exist in C:\xampp\htdocs\LangkahPeduliNew\system\Database\MySQLi\Connection.php:327
Stack trace:
#0 C:\xampp\htdocs\LangkahPeduliNew\system\Database\MySQLi\Connection.php(327): mysqli->query('SELECT *\nFROM `...', 0)
#1 C:\xampp\htdocs\LangkahPeduliNew\system\Database\BaseConnection.php(729): CodeIgniter\Database\MySQLi\Connection->execute('SELECT *\nFROM `...')
#2 C:\xampp\htdocs\LangkahPeduliNew\system\Database\BaseConnection.php(646): CodeIgniter\Database\BaseConnection->simpleQuery('SELECT *\nFROM `...')
#3 C:\xampp\htdocs\LangkahPeduliNew\system\Database\BaseBuilder.php(1649): CodeIgniter\Database\BaseConnection->query('SELECT *\nFROM `...', Array, false)
#4 C:\xampp\htdocs\LangkahPeduliNew\system\Model.php(286): CodeIgniter\Database\BaseBuilder->get()
#5 C:\xampp\htdocs\LangkahPeduliNew\system\BaseModel.php(677): CodeIgniter\Model->doFindAll(0, 0)
#6 C:\xampp\htdocs\LangkahPeduliNew\app\Controllers\Materi.php(30): CodeIgniter\BaseModel->findAll()
#7 C:\xampp\htdocs\LangkahPeduliNew\system\CodeIgniter.php(933): App\Controllers\Materi->index()
#8 C:\xampp\htdocs\LangkahPeduliNew\system\CodeIgniter.php(507): CodeIgniter\CodeIgniter->runController(Object(App\Controllers\Materi))
#9 C:\xampp\htdocs\LangkahPeduliNew\system\CodeIgniter.php(354): CodeIgniter\CodeIgniter->handleRequest(NULL, Object(Config\Cache), false)
#10 C:\xampp\htdocs\LangkahPeduliNew\system\Boot.php(363): CodeIgniter\CodeIgniter->run()
#11 C:\xampp\htdocs\LangkahPeduliNew\system\Boot.php(68): CodeIgniter\Boot::runCodeIgniter(Object(CodeIgniter\CodeIgniter))
#12 C:\xampp\htdocs\LangkahPeduliNew\public\index.php(59): CodeIgniter\Boot::bootWeb(Object(Config\Paths))
#13 C:\xampp\htdocs\LangkahPeduliNew\system\rewrite.php(44): require_once('C:\\xampp\\htdocs...')
#14 {main}
CRITICAL - 2025-11-30 07:28:40 --> CodeIgniter\Database\Exceptions\DatabaseException: Table 'newlangkah.mata_pelajaran1' doesn't exist
[Method: GET, Route: dashboard/pengajar/materi]
in SYSTEMPATH\Database\BaseConnection.php on line 684.
 1 SYSTEMPATH\Database\BaseBuilder.php(1649): CodeIgniter\Database\BaseConnection->query('SELECT *
FROM `mata_pelajaran1`
WHERE `pengajar` = :pengajar:', [...], false)
 2 SYSTEMPATH\Model.php(286): CodeIgniter\Database\BaseBuilder->get()
 3 SYSTEMPATH\BaseModel.php(677): CodeIgniter\Model->doFindAll(0, 0)
 4 APPPATH\Controllers\Materi.php(30): CodeIgniter\BaseModel->findAll()
 5 SYSTEMPATH\CodeIgniter.php(933): App\Controllers\Materi->index()
 6 SYSTEMPATH\CodeIgniter.php(507): CodeIgniter\CodeIgniter->runController(Object(App\Controllers\Materi))
 7 SYSTEMPATH\CodeIgniter.php(354): CodeIgniter\CodeIgniter->handleRequest(null, Object(Config\Cache), false)
 8 SYSTEMPATH\Boot.php(363): CodeIgniter\CodeIgniter->run()
 9 SYSTEMPATH\Boot.php(68): CodeIgniter\Boot::runCodeIgniter(Object(CodeIgniter\CodeIgniter))
10 FCPATH\index.php(59): CodeIgniter\Boot::bootWeb(Object(Config\Paths))
11 SYSTEMPATH\rewrite.php(44): require_once('C:\\xampp\\htdocs\\LangkahPeduliNew\\public\\index.php')
CRITICAL - 2025-11-30 07:28:40 --> [Caused by] CodeIgniter\Database\Exceptions\DatabaseException: Table 'newlangkah.mata_pelajaran1' doesn't exist
in SYSTEMPATH\Database\MySQLi\Connection.php on line 332.
 1 SYSTEMPATH\Database\BaseConnection.php(729): CodeIgniter\Database\MySQLi\Connection->execute('SELECT *
FROM `mata_pelajaran1`
WHERE `pengajar` = \'1ag\'')
 2 SYSTEMPATH\Database\BaseConnection.php(646): CodeIgniter\Database\BaseConnection->simpleQuery('SELECT *
FROM `mata_pelajaran1`
WHERE `pengajar` = \'1ag\'')
 3 SYSTEMPATH\Database\BaseBuilder.php(1649): CodeIgniter\Database\BaseConnection->query('SELECT *
FROM `mata_pelajaran1`
WHERE `pengajar` = :pengajar:', [...], false)
 4 SYSTEMPATH\Model.php(286): CodeIgniter\Database\BaseBuilder->get()
 5 SYSTEMPATH\BaseModel.php(677): CodeIgniter\Model->doFindAll(0, 0)
 6 APPPATH\Controllers\Materi.php(30): CodeIgniter\BaseModel->findAll()
 7 SYSTEMPATH\CodeIgniter.php(933): App\Controllers\Materi->index()
 8 SYSTEMPATH\CodeIgniter.php(507): CodeIgniter\CodeIgniter->runController(Object(App\Controllers\Materi))
 9 SYSTEMPATH\CodeIgniter.php(354): CodeIgniter\CodeIgniter->handleRequest(null, Object(Config\Cache), false)
10 SYSTEMPATH\Boot.php(363): CodeIgniter\CodeIgniter->run()
11 SYSTEMPATH\Boot.php(68): CodeIgniter\Boot::runCodeIgniter(Object(CodeIgniter\CodeIgniter))
12 FCPATH\index.php(59): CodeIgniter\Boot::bootWeb(Object(Config\Paths))
13 SYSTEMPATH\rewrite.php(44): require_once('C:\\xampp\\htdocs\\LangkahPeduliNew\\public\\index.php')
CRITICAL - 2025-11-30 07:28:40 --> [Caused by] mysqli_sql_exception: Table 'newlangkah.mata_pelajaran1' doesn't exist
in SYSTEMPATH\Database\MySQLi\Connection.php on line 327.
 1 SYSTEMPATH\Database\MySQLi\Connection.php(327): mysqli->query('SELECT *
FROM `mata_pelajaran1`
WHERE `pengajar` = \'1ag\'', 0)
 2 SYSTEMPATH\Database\BaseConnection.php(729): CodeIgniter\Database\MySQLi\Connection->execute('SELECT *
FROM `mata_pelajaran1`
WHERE `pengajar` = \'1ag\'')
 3 SYSTEMPATH\Database\BaseConnection.php(646): CodeIgniter\Database\BaseConnection->simpleQuery('SELECT *
FROM `mata_pelajaran1`
WHERE `pengajar` = \'1ag\'')
 4 SYSTEMPATH\Database\BaseBuilder.php(1649): CodeIgniter\Database\BaseConnection->query('SELECT *
FROM `mata_pelajaran1`
WHERE `pengajar` = :pengajar:', [...], false)
 5 SYSTEMPATH\Model.php(286): CodeIgniter\Database\BaseBuilder->get()
 6 SYSTEMPATH\BaseModel.php(677): CodeIgniter\Model->doFindAll(0, 0)
 7 APPPATH\Controllers\Materi.php(30): CodeIgniter\BaseModel->findAll()
 8 SYSTEMPATH\CodeIgniter.php(933): App\Controllers\Materi->index()
 9 SYSTEMPATH\CodeIgniter.php(507): CodeIgniter\CodeIgniter->runController(Object(App\Controllers\Materi))
10 SYSTEMPATH\CodeIgniter.php(354): CodeIgniter\CodeIgniter->handleRequest(null, Object(Config\Cache), false)
11 SYSTEMPATH\Boot.php(363): CodeIgniter\CodeIgniter->run()
12 SYSTEMPATH\Boot.php(68): CodeIgniter\Boot::runCodeIgniter(Object(CodeIgniter\CodeIgniter))
13 FCPATH\index.php(59): CodeIgniter\Boot::bootWeb(Object(Config\Paths))
14 SYSTEMPATH\rewrite.php(44): require_once('C:\\xampp\\htdocs\\LangkahPeduliNew\\public\\index.php')
DEBUG - 2025-11-30 07:28:41 --> Session: Class initialized using 'CodeIgniter\Session\Handlers\FileHandler' driver.
DEBUG - 2025-11-30 07:28:42 --> Session: Class initialized using 'CodeIgniter\Session\Handlers\FileHandler' driver.
DEBUG - 2025-11-30 07:28:43 --> Session: Class initialized using 'CodeIgniter\Session\Handlers\FileHandler' driver.
ERROR - 2025-11-30 07:28:43 --> mysqli_sql_exception: Table 'newlangkah.mata_pelajaran1' doesn't exist in C:\xampp\htdocs\LangkahPeduliNew\system\Database\MySQLi\Connection.php:327
Stack trace:
#0 C:\xampp\htdocs\LangkahPeduliNew\system\Database\MySQLi\Connection.php(327): mysqli->query('SELECT *\nFROM `...', 0)
#1 C:\xampp\htdocs\LangkahPeduliNew\system\Database\BaseConnection.php(729): CodeIgniter\Database\MySQLi\Connection->execute('SELECT *\nFROM `...')
#2 C:\xampp\htdocs\LangkahPeduliNew\system\Database\BaseConnection.php(646): CodeIgniter\Database\BaseConnection->simpleQuery('SELECT *\nFROM `...')
#3 C:\xampp\htdocs\LangkahPeduliNew\system\Database\BaseBuilder.php(1649): CodeIgniter\Database\BaseConnection->query('SELECT *\nFROM `...', Array, false)
#4 C:\xampp\htdocs\LangkahPeduliNew\system\Model.php(286): CodeIgniter\Database\BaseBuilder->get()
#5 C:\xampp\htdocs\LangkahPeduliNew\system\BaseModel.php(677): CodeIgniter\Model->doFindAll(0, 0)
#6 C:\xampp\htdocs\LangkahPeduliNew\app\Controllers\Materi.php(30): CodeIgniter\BaseModel->findAll()
#7 C:\xampp\htdocs\LangkahPeduliNew\system\CodeIgniter.php(933): App\Controllers\Materi->index()
#8 C:\xampp\htdocs\LangkahPeduliNew\system\CodeIgniter.php(507): CodeIgniter\CodeIgniter->runController(Object(App\Controllers\Materi))
#9 C:\xampp\htdocs\LangkahPeduliNew\system\CodeIgniter.php(354): CodeIgniter\CodeIgniter->handleRequest(NULL, Object(Config\Cache), false)
#10 C:\xampp\htdocs\LangkahPeduliNew\system\Boot.php(363): CodeIgniter\CodeIgniter->run()
#11 C:\xampp\htdocs\LangkahPeduliNew\system\Boot.php(68): CodeIgniter\Boot::runCodeIgniter(Object(CodeIgniter\CodeIgniter))
#12 C:\xampp\htdocs\LangkahPeduliNew\public\index.php(59): CodeIgniter\Boot::bootWeb(Object(Config\Paths))
#13 C:\xampp\htdocs\LangkahPeduliNew\system\rewrite.php(44): require_once('C:\\xampp\\htdocs...')
#14 {main}
CRITICAL - 2025-11-30 07:28:43 --> CodeIgniter\Database\Exceptions\DatabaseException: Table 'newlangkah.mata_pelajaran1' doesn't exist
[Method: GET, Route: dashboard/pengajar/materi]
in SYSTEMPATH\Database\BaseConnection.php on line 684.
 1 SYSTEMPATH\Database\BaseBuilder.php(1649): CodeIgniter\Database\BaseConnection->query('SELECT *
FROM `mata_pelajaran1`
WHERE `pengajar` = :pengajar:', [...], false)
 2 SYSTEMPATH\Model.php(286): CodeIgniter\Database\BaseBuilder->get()
 3 SYSTEMPATH\BaseModel.php(677): CodeIgniter\Model->doFindAll(0, 0)
 4 APPPATH\Controllers\Materi.php(30): CodeIgniter\BaseModel->findAll()
 5 SYSTEMPATH\CodeIgniter.php(933): App\Controllers\Materi->index()
 6 SYSTEMPATH\CodeIgniter.php(507): CodeIgniter\CodeIgniter->runController(Object(App\Controllers\Materi))
 7 SYSTEMPATH\CodeIgniter.php(354): CodeIgniter\CodeIgniter->handleRequest(null, Object(Config\Cache), false)
 8 SYSTEMPATH\Boot.php(363): CodeIgniter\CodeIgniter->run()
 9 SYSTEMPATH\Boot.php(68): CodeIgniter\Boot::runCodeIgniter(Object(CodeIgniter\CodeIgniter))
10 FCPATH\index.php(59): CodeIgniter\Boot::bootWeb(Object(Config\Paths))
11 SYSTEMPATH\rewrite.php(44): require_once('C:\\xampp\\htdocs\\LangkahPeduliNew\\public\\index.php')
CRITICAL - 2025-11-30 07:28:43 --> [Caused by] CodeIgniter\Database\Exceptions\DatabaseException: Table 'newlangkah.mata_pelajaran1' doesn't exist
in SYSTEMPATH\Database\MySQLi\Connection.php on line 332.
 1 SYSTEMPATH\Database\BaseConnection.php(729): CodeIgniter\Database\MySQLi\Connection->execute('SELECT *
FROM `mata_pelajaran1`
WHERE `pengajar` = \'1ag\'')
 2 SYSTEMPATH\Database\BaseConnection.php(646): CodeIgniter\Database\BaseConnection->simpleQuery('SELECT *
FROM `mata_pelajaran1`
WHERE `pengajar` = \'1ag\'')
 3 SYSTEMPATH\Database\BaseBuilder.php(1649): CodeIgniter\Database\BaseConnection->query('SELECT *
FROM `mata_pelajaran1`
WHERE `pengajar` = :pengajar:', [...], false)
 4 SYSTEMPATH\Model.php(286): CodeIgniter\Database\BaseBuilder->get()
 5 SYSTEMPATH\BaseModel.php(677): CodeIgniter\Model->doFindAll(0, 0)
 6 APPPATH\Controllers\Materi.php(30): CodeIgniter\BaseModel->findAll()
 7 SYSTEMPATH\CodeIgniter.php(933): App\Controllers\Materi->index()
 8 SYSTEMPATH\CodeIgniter.php(507): CodeIgniter\CodeIgniter->runController(Object(App\Controllers\Materi))
 9 SYSTEMPATH\CodeIgniter.php(354): CodeIgniter\CodeIgniter->handleRequest(null, Object(Config\Cache), false)
10 SYSTEMPATH\Boot.php(363): CodeIgniter\CodeIgniter->run()
11 SYSTEMPATH\Boot.php(68): CodeIgniter\Boot::runCodeIgniter(Object(CodeIgniter\CodeIgniter))
12 FCPATH\index.php(59): CodeIgniter\Boot::bootWeb(Object(Config\Paths))
13 SYSTEMPATH\rewrite.php(44): require_once('C:\\xampp\\htdocs\\LangkahPeduliNew\\public\\index.php')
CRITICAL - 2025-11-30 07:28:43 --> [Caused by] mysqli_sql_exception: Table 'newlangkah.mata_pelajaran1' doesn't exist
in SYSTEMPATH\Database\MySQLi\Connection.php on line 327.
 1 SYSTEMPATH\Database\MySQLi\Connection.php(327): mysqli->query('SELECT *
FROM `mata_pelajaran1`
WHERE `pengajar` = \'1ag\'', 0)
 2 SYSTEMPATH\Database\BaseConnection.php(729): CodeIgniter\Database\MySQLi\Connection->execute('SELECT *
FROM `mata_pelajaran1`
WHERE `pengajar` = \'1ag\'')
 3 SYSTEMPATH\Database\BaseConnection.php(646): CodeIgniter\Database\BaseConnection->simpleQuery('SELECT *
FROM `mata_pelajaran1`
WHERE `pengajar` = \'1ag\'')
 4 SYSTEMPATH\Database\BaseBuilder.php(1649): CodeIgniter\Database\BaseConnection->query('SELECT *
FROM `mata_pelajaran1`
WHERE `pengajar` = :pengajar:', [...], false)
 5 SYSTEMPATH\Model.php(286): CodeIgniter\Database\BaseBuilder->get()
 6 SYSTEMPATH\BaseModel.php(677): CodeIgniter\Model->doFindAll(0, 0)
 7 APPPATH\Controllers\Materi.php(30): CodeIgniter\BaseModel->findAll()
 8 SYSTEMPATH\CodeIgniter.php(933): App\Controllers\Materi->index()
 9 SYSTEMPATH\CodeIgniter.php(507): CodeIgniter\CodeIgniter->runController(Object(App\Controllers\Materi))
10 SYSTEMPATH\CodeIgniter.php(354): CodeIgniter\CodeIgniter->handleRequest(null, Object(Config\Cache), false)
11 SYSTEMPATH\Boot.php(363): CodeIgniter\CodeIgniter->run()
12 SYSTEMPATH\Boot.php(68): CodeIgniter\Boot::runCodeIgniter(Object(CodeIgniter\CodeIgniter))
13 FCPATH\index.php(59): CodeIgniter\Boot::bootWeb(Object(Config\Paths))
14 SYSTEMPATH\rewrite.php(44): require_once('C:\\xampp\\htdocs\\LangkahPeduliNew\\public\\index.php')
DEBUG - 2025-11-30 07:29:01 --> Session: Class initialized using 'CodeIgniter\Session\Handlers\FileHandler' driver.
CRITICAL - 2025-11-30 07:29:03 --> ErrorException: Undefined array key "kode_mapel"
[Method: GET, Route: dashboard/pengajar/materi/tambah]
in APPPATH\Views\dashboard\pengajar\tambah_materi.php on line 16.
 1 APPPATH\Views\dashboard\pengajar\tambah_materi.php(16): CodeIgniter\Debug\Exceptions->errorHandler(2, 'Undefined array key "kode_mapel"', 'C:\\xampp\\htdocs\\LangkahPeduliNew\\app\\Views\\dashboard\\pengajar\\tambah_materi.php', 16)
 2 SYSTEMPATH\View\View.php(226): include('C:\\xampp\\htdocs\\LangkahPeduliNew\\app\\Views\\dashboard\\pengajar\\tambah_materi.php')
 3 SYSTEMPATH\View\View.php(229): CodeIgniter\View\View->CodeIgniter\View\{closure}()
 4 SYSTEMPATH\Common.php(1167): CodeIgniter\View\View->render('dashboard/pengajar/tambah_materi', [], true)
 5 APPPATH\Controllers\Materi.php(50): view('dashboard/pengajar/tambah_materi', [...])
 6 SYSTEMPATH\CodeIgniter.php(933): App\Controllers\Materi->tambah()
 7 SYSTEMPATH\CodeIgniter.php(507): CodeIgniter\CodeIgniter->runController(Object(App\Controllers\Materi))
 8 SYSTEMPATH\CodeIgniter.php(354): CodeIgniter\CodeIgniter->handleRequest(null, Object(Config\Cache), false)
 9 SYSTEMPATH\Boot.php(363): CodeIgniter\CodeIgniter->run()
10 SYSTEMPATH\Boot.php(68): CodeIgniter\Boot::runCodeIgniter(Object(CodeIgniter\CodeIgniter))
11 FCPATH\index.php(59): CodeIgniter\Boot::bootWeb(Object(Config\Paths))
12 SYSTEMPATH\rewrite.php(44): require_once('C:\\xampp\\htdocs\\LangkahPeduliNew\\public\\index.php')
DEBUG - 2025-11-30 07:30:06 --> Session: Class initialized using 'CodeIgniter\Session\Handlers\FileHandler' driver.
DEBUG - 2025-11-30 07:30:08 --> Session: Class initialized using 'CodeIgniter\Session\Handlers\FileHandler' driver.
CRITICAL - 2025-11-30 07:30:08 --> ErrorException: Undefined array key "kode_mapel"
[Method: GET, Route: dashboard/pengajar/materi/semua]
in APPPATH\Views\dashboard\pengajar\materi.php on line 41.
 1 APPPATH\Views\dashboard\pengajar\materi.php(41): CodeIgniter\Debug\Exceptions->errorHandler(2, 'Undefined array key "kode_mapel"', 'C:\\xampp\\htdocs\\LangkahPeduliNew\\app\\Views\\dashboard\\pengajar\\materi.php', 41)
 2 SYSTEMPATH\View\View.php(226): include('C:\\xampp\\htdocs\\LangkahPeduliNew\\app\\Views\\dashboard\\pengajar\\materi.php')
 3 SYSTEMPATH\View\View.php(229): CodeIgniter\View\View->CodeIgniter\View\{closure}()
 4 SYSTEMPATH\Common.php(1167): CodeIgniter\View\View->render('dashboard/pengajar/materi', [], true)
 5 APPPATH\Controllers\Materi.php(39): view('dashboard/pengajar/materi', [...])
 6 SYSTEMPATH\CodeIgniter.php(933): App\Controllers\Materi->index('true')
 7 SYSTEMPATH\CodeIgniter.php(507): CodeIgniter\CodeIgniter->runController(Object(App\Controllers\Materi))
 8 SYSTEMPATH\CodeIgniter.php(354): CodeIgniter\CodeIgniter->handleRequest(null, Object(Config\Cache), false)
 9 SYSTEMPATH\Boot.php(363): CodeIgniter\CodeIgniter->run()
10 SYSTEMPATH\Boot.php(68): CodeIgniter\Boot::runCodeIgniter(Object(CodeIgniter\CodeIgniter))
11 FCPATH\index.php(59): CodeIgniter\Boot::bootWeb(Object(Config\Paths))
12 SYSTEMPATH\rewrite.php(44): require_once('C:\\xampp\\htdocs\\LangkahPeduliNew\\public\\index.php')
DEBUG - 2025-11-30 07:31:21 --> Session: Class initialized using 'CodeIgniter\Session\Handlers\FileHandler' driver.
DEBUG - 2025-11-30 07:31:46 --> Session: Class initialized using 'CodeIgniter\Session\Handlers\FileHandler' driver.
DEBUG - 2025-11-30 07:32:26 --> Session: Class initialized using 'CodeIgniter\Session\Handlers\FileHandler' driver.
DEBUG - 2025-11-30 07:33:00 --> Session: Class initialized using 'CodeIgniter\Session\Handlers\FileHandler' driver.
DEBUG - 2025-11-30 07:33:19 --> Session: Class initialized using 'CodeIgniter\Session\Handlers\FileHandler' driver.
CRITICAL - 2025-11-30 07:33:26 --> ErrorException: Undefined array key "kode_mapel"
[Method: GET, Route: dashboard/pengajar/materi/tambah]
in APPPATH\Views\dashboard\pengajar\tambah_materi.php on line 16.
 1 APPPATH\Views\dashboard\pengajar\tambah_materi.php(16): CodeIgniter\Debug\Exceptions->errorHandler(2, 'Undefined array key "kode_mapel"', 'C:\\xampp\\htdocs\\LangkahPeduliNew\\app\\Views\\dashboard\\pengajar\\tambah_materi.php', 16)
 2 SYSTEMPATH\View\View.php(226): include('C:\\xampp\\htdocs\\LangkahPeduliNew\\app\\Views\\dashboard\\pengajar\\tambah_materi.php')
 3 SYSTEMPATH\View\View.php(229): CodeIgniter\View\View->CodeIgniter\View\{closure}()
 4 SYSTEMPATH\Common.php(1167): CodeIgniter\View\View->render('dashboard/pengajar/tambah_materi', [], true)
 5 APPPATH\Controllers\Materi.php(50): view('dashboard/pengajar/tambah_materi', [...])
 6 SYSTEMPATH\CodeIgniter.php(933): App\Controllers\Materi->tambah()
 7 SYSTEMPATH\CodeIgniter.php(507): CodeIgniter\CodeIgniter->runController(Object(App\Controllers\Materi))
 8 SYSTEMPATH\CodeIgniter.php(354): CodeIgniter\CodeIgniter->handleRequest(null, Object(Config\Cache), false)
 9 SYSTEMPATH\Boot.php(363): CodeIgniter\CodeIgniter->run()
10 SYSTEMPATH\Boot.php(68): CodeIgniter\Boot::runCodeIgniter(Object(CodeIgniter\CodeIgniter))
11 FCPATH\index.php(59): CodeIgniter\Boot::bootWeb(Object(Config\Paths))
12 SYSTEMPATH\rewrite.php(44): require_once('C:\\xampp\\htdocs\\LangkahPeduliNew\\public\\index.php')
DEBUG - 2025-11-30 07:33:29 --> Session: Class initialized using 'CodeIgniter\Session\Handlers\FileHandler' driver.
DEBUG - 2025-11-30 07:35:06 --> Session: Class initialized using 'CodeIgniter\Session\Handlers\FileHandler' driver.
CRITICAL - 2025-11-30 07:35:06 --> ErrorException: Undefined array key "nama_kategori"
[Method: GET, Route: dashboard/pengajar/materi/semua]
in APPPATH\Views\dashboard\pengajar\materi.php on line 42.
 1 APPPATH\Views\dashboard\pengajar\materi.php(42): CodeIgniter\Debug\Exceptions->errorHandler(2, 'Undefined array key "nama_kategori"', 'C:\\xampp\\htdocs\\LangkahPeduliNew\\app\\Views\\dashboard\\pengajar\\materi.php', 42)
 2 SYSTEMPATH\View\View.php(226): include('C:\\xampp\\htdocs\\LangkahPeduliNew\\app\\Views\\dashboard\\pengajar\\materi.php')
 3 SYSTEMPATH\View\View.php(229): CodeIgniter\View\View->CodeIgniter\View\{closure}()
 4 SYSTEMPATH\Common.php(1167): CodeIgniter\View\View->render('dashboard/pengajar/materi', [], true)
 5 APPPATH\Controllers\Materi.php(39): view('dashboard/pengajar/materi', [...])
 6 SYSTEMPATH\CodeIgniter.php(933): App\Controllers\Materi->index('true')
 7 SYSTEMPATH\CodeIgniter.php(507): CodeIgniter\CodeIgniter->runController(Object(App\Controllers\Materi))
 8 SYSTEMPATH\CodeIgniter.php(354): CodeIgniter\CodeIgniter->handleRequest(null, Object(Config\Cache), false)
 9 SYSTEMPATH\Boot.php(363): CodeIgniter\CodeIgniter->run()
10 SYSTEMPATH\Boot.php(68): CodeIgniter\Boot::runCodeIgniter(Object(CodeIgniter\CodeIgniter))
11 FCPATH\index.php(59): CodeIgniter\Boot::bootWeb(Object(Config\Paths))
12 SYSTEMPATH\rewrite.php(44): require_once('C:\\xampp\\htdocs\\LangkahPeduliNew\\public\\index.php')
CRITICAL - 2025-11-30 07:36:11 --> Error: Class "App\Models\KategoriModel" not found
[Method: GET, Route: dashboard/pengajar/materi/semua]
in APPPATH\Controllers\Materi.php on line 17.
 1 SYSTEMPATH\CodeIgniter.php(903): App\Controllers\Materi->__construct()
 2 SYSTEMPATH\CodeIgniter.php(498): CodeIgniter\CodeIgniter->createController()
 3 SYSTEMPATH\CodeIgniter.php(354): CodeIgniter\CodeIgniter->handleRequest(null, Object(Config\Cache), false)
 4 SYSTEMPATH\Boot.php(363): CodeIgniter\CodeIgniter->run()
 5 SYSTEMPATH\Boot.php(68): CodeIgniter\Boot::runCodeIgniter(Object(CodeIgniter\CodeIgniter))
 6 FCPATH\index.php(59): CodeIgniter\Boot::bootWeb(Object(Config\Paths))
 7 SYSTEMPATH\rewrite.php(44): require_once('C:\\xampp\\htdocs\\LangkahPeduliNew\\public\\index.php')
CRITICAL - 2025-11-30 07:36:12 --> Error: Class "App\Models\KategoriModel" not found
[Method: GET, Route: dashboard/pengajar/materi/semua]
in APPPATH\Controllers\Materi.php on line 17.
 1 SYSTEMPATH\CodeIgniter.php(903): App\Controllers\Materi->__construct()
 2 SYSTEMPATH\CodeIgniter.php(498): CodeIgniter\CodeIgniter->createController()
 3 SYSTEMPATH\CodeIgniter.php(354): CodeIgniter\CodeIgniter->handleRequest(null, Object(Config\Cache), false)
 4 SYSTEMPATH\Boot.php(363): CodeIgniter\CodeIgniter->run()
 5 SYSTEMPATH\Boot.php(68): CodeIgniter\Boot::runCodeIgniter(Object(CodeIgniter\CodeIgniter))
 6 FCPATH\index.php(59): CodeIgniter\Boot::bootWeb(Object(Config\Paths))
 7 SYSTEMPATH\rewrite.php(44): require_once('C:\\xampp\\htdocs\\LangkahPeduliNew\\public\\index.php')
DEBUG - 2025-11-30 07:37:08 --> Session: Class initialized using 'CodeIgniter\Session\Handlers\FileHandler' driver.
DEBUG - 2025-11-30 07:37:18 --> Session: Class initialized using 'CodeIgniter\Session\Handlers\FileHandler' driver.
CRITICAL - 2025-11-30 07:37:18 --> ErrorException: Undefined variable $all
[Method: GET, Route: dashboard/pengajar/materi/semua]
in APPPATH\Views\dashboard\pengajar\materi.php on line 12.
 1 APPPATH\Views\dashboard\pengajar\materi.php(12): CodeIgniter\Debug\Exceptions->errorHandler(2, 'Undefined variable $all', 'C:\\xampp\\htdocs\\LangkahPeduliNew\\app\\Views\\dashboard\\pengajar\\materi.php', 12)
 2 SYSTEMPATH\View\View.php(226): include('C:\\xampp\\htdocs\\LangkahPeduliNew\\app\\Views\\dashboard\\pengajar\\materi.php')
 3 SYSTEMPATH\View\View.php(229): CodeIgniter\View\View->CodeIgniter\View\{closure}()
 4 SYSTEMPATH\Common.php(1167): CodeIgniter\View\View->render('dashboard/pengajar/materi', [], true)
 5 APPPATH\Controllers\Materi.php(30): view('dashboard/pengajar/materi', [...])
 6 SYSTEMPATH\CodeIgniter.php(933): App\Controllers\Materi->index('true')
 7 SYSTEMPATH\CodeIgniter.php(507): CodeIgniter\CodeIgniter->runController(Object(App\Controllers\Materi))
 8 SYSTEMPATH\CodeIgniter.php(354): CodeIgniter\CodeIgniter->handleRequest(null, Object(Config\Cache), false)
 9 SYSTEMPATH\Boot.php(363): CodeIgniter\CodeIgniter->run()
10 SYSTEMPATH\Boot.php(68): CodeIgniter\Boot::runCodeIgniter(Object(CodeIgniter\CodeIgniter))
11 FCPATH\index.php(59): CodeIgniter\Boot::bootWeb(Object(Config\Paths))
12 SYSTEMPATH\rewrite.php(44): require_once('C:\\xampp\\htdocs\\LangkahPeduliNew\\public\\index.php')
DEBUG - 2025-11-30 07:37:56 --> Session: Class initialized using 'CodeIgniter\Session\Handlers\FileHandler' driver.
CRITICAL - 2025-11-30 07:37:59 --> ErrorException: Undefined variable $mapel
[Method: GET, Route: dashboard/pengajar/materi/tambah]
in APPPATH\Views\dashboard\pengajar\tambah_materi.php on line 14.
 1 APPPATH\Views\dashboard\pengajar\tambah_materi.php(14): CodeIgniter\Debug\Exceptions->errorHandler(2, 'Undefined variable $mapel', 'C:\\xampp\\htdocs\\LangkahPeduliNew\\app\\Views\\dashboard\\pengajar\\tambah_materi.php', 14)
 2 SYSTEMPATH\View\View.php(226): include('C:\\xampp\\htdocs\\LangkahPeduliNew\\app\\Views\\dashboard\\pengajar\\tambah_materi.php')
 3 SYSTEMPATH\View\View.php(229): CodeIgniter\View\View->CodeIgniter\View\{closure}()
 4 SYSTEMPATH\Common.php(1167): CodeIgniter\View\View->render('dashboard/pengajar/tambah_materi', [], true)
 5 APPPATH\Controllers\Materi.php(40): view('dashboard/pengajar/tambah_materi', [...])
 6 SYSTEMPATH\CodeIgniter.php(933): App\Controllers\Materi->tambah()
 7 SYSTEMPATH\CodeIgniter.php(507): CodeIgniter\CodeIgniter->runController(Object(App\Controllers\Materi))
 8 SYSTEMPATH\CodeIgniter.php(354): CodeIgniter\CodeIgniter->handleRequest(null, Object(Config\Cache), false)
 9 SYSTEMPATH\Boot.php(363): CodeIgniter\CodeIgniter->run()
10 SYSTEMPATH\Boot.php(68): CodeIgniter\Boot::runCodeIgniter(Object(CodeIgniter\CodeIgniter))
11 FCPATH\index.php(59): CodeIgniter\Boot::bootWeb(Object(Config\Paths))
12 SYSTEMPATH\rewrite.php(44): require_once('C:\\xampp\\htdocs\\LangkahPeduliNew\\public\\index.php')
DEBUG - 2025-11-30 07:38:08 --> Session: Class initialized using 'CodeIgniter\Session\Handlers\FileHandler' driver.
CRITICAL - 2025-11-30 07:38:08 --> ErrorException: Undefined variable $all
[Method: GET, Route: dashboard/pengajar/materi/semua]
in APPPATH\Views\dashboard\pengajar\materi.php on line 13.
 1 APPPATH\Views\dashboard\pengajar\materi.php(13): CodeIgniter\Debug\Exceptions->errorHandler(2, 'Undefined variable $all', 'C:\\xampp\\htdocs\\LangkahPeduliNew\\app\\Views\\dashboard\\pengajar\\materi.php', 13)
 2 SYSTEMPATH\View\View.php(226): include('C:\\xampp\\htdocs\\LangkahPeduliNew\\app\\Views\\dashboard\\pengajar\\materi.php')
 3 SYSTEMPATH\View\View.php(229): CodeIgniter\View\View->CodeIgniter\View\{closure}()
 4 SYSTEMPATH\Common.php(1167): CodeIgniter\View\View->render('dashboard/pengajar/materi', [], true)
 5 APPPATH\Controllers\Materi.php(30): view('dashboard/pengajar/materi', [...])
 6 SYSTEMPATH\CodeIgniter.php(933): App\Controllers\Materi->index('true')
 7 SYSTEMPATH\CodeIgniter.php(507): CodeIgniter\CodeIgniter->runController(Object(App\Controllers\Materi))
 8 SYSTEMPATH\CodeIgniter.php(354): CodeIgniter\CodeIgniter->handleRequest(null, Object(Config\Cache), false)
 9 SYSTEMPATH\Boot.php(363): CodeIgniter\CodeIgniter->run()
10 SYSTEMPATH\Boot.php(68): CodeIgniter\Boot::runCodeIgniter(Object(CodeIgniter\CodeIgniter))
11 FCPATH\index.php(59): CodeIgniter\Boot::bootWeb(Object(Config\Paths))
12 SYSTEMPATH\rewrite.php(44): require_once('C:\\xampp\\htdocs\\LangkahPeduliNew\\public\\index.php')
DEBUG - 2025-11-30 07:38:56 --> Session: Class initialized using 'CodeIgniter\Session\Handlers\FileHandler' driver.
CRITICAL - 2025-11-30 07:39:29 --> ErrorException: Undefined variable $mapel
[Method: GET, Route: dashboard/pengajar/materi/tambah]
in APPPATH\Views\dashboard\pengajar\tambah_materi.php on line 14.
 1 APPPATH\Views\dashboard\pengajar\tambah_materi.php(14): CodeIgniter\Debug\Exceptions->errorHandler(2, 'Undefined variable $mapel', 'C:\\xampp\\htdocs\\LangkahPeduliNew\\app\\Views\\dashboard\\pengajar\\tambah_materi.php', 14)
 2 SYSTEMPATH\View\View.php(226): include('C:\\xampp\\htdocs\\LangkahPeduliNew\\app\\Views\\dashboard\\pengajar\\tambah_materi.php')
 3 SYSTEMPATH\View\View.php(229): CodeIgniter\View\View->CodeIgniter\View\{closure}()
 4 SYSTEMPATH\Common.php(1167): CodeIgniter\View\View->render('dashboard/pengajar/tambah_materi', [], true)
 5 APPPATH\Controllers\Materi.php(40): view('dashboard/pengajar/tambah_materi', [...])
 6 SYSTEMPATH\CodeIgniter.php(933): App\Controllers\Materi->tambah()
 7 SYSTEMPATH\CodeIgniter.php(507): CodeIgniter\CodeIgniter->runController(Object(App\Controllers\Materi))
 8 SYSTEMPATH\CodeIgniter.php(354): CodeIgniter\CodeIgniter->handleRequest(null, Object(Config\Cache), false)
 9 SYSTEMPATH\Boot.php(363): CodeIgniter\CodeIgniter->run()
10 SYSTEMPATH\Boot.php(68): CodeIgniter\Boot::runCodeIgniter(Object(CodeIgniter\CodeIgniter))
11 FCPATH\index.php(59): CodeIgniter\Boot::bootWeb(Object(Config\Paths))
12 SYSTEMPATH\rewrite.php(44): require_once('C:\\xampp\\htdocs\\LangkahPeduliNew\\public\\index.php')
CRITICAL - 2025-11-30 07:40:15 --> ErrorException: Undefined variable $mapel
[Method: GET, Route: dashboard/pengajar/materi/tambah]
in APPPATH\Views\dashboard\pengajar\tambah_materi.php on line 14.
 1 APPPATH\Views\dashboard\pengajar\tambah_materi.php(14): CodeIgniter\Debug\Exceptions->errorHandler(2, 'Undefined variable $mapel', 'C:\\xampp\\htdocs\\LangkahPeduliNew\\app\\Views\\dashboard\\pengajar\\tambah_materi.php', 14)
 2 SYSTEMPATH\View\View.php(226): include('C:\\xampp\\htdocs\\LangkahPeduliNew\\app\\Views\\dashboard\\pengajar\\tambah_materi.php')
 3 SYSTEMPATH\View\View.php(229): CodeIgniter\View\View->CodeIgniter\View\{closure}()
 4 SYSTEMPATH\Common.php(1167): CodeIgniter\View\View->render('dashboard/pengajar/tambah_materi', [], true)
 5 APPPATH\Controllers\Materi.php(40): view('dashboard/pengajar/tambah_materi', [...])
 6 SYSTEMPATH\CodeIgniter.php(933): App\Controllers\Materi->tambah()
 7 SYSTEMPATH\CodeIgniter.php(507): CodeIgniter\CodeIgniter->runController(Object(App\Controllers\Materi))
 8 SYSTEMPATH\CodeIgniter.php(354): CodeIgniter\CodeIgniter->handleRequest(null, Object(Config\Cache), false)
 9 SYSTEMPATH\Boot.php(363): CodeIgniter\CodeIgniter->run()
10 SYSTEMPATH\Boot.php(68): CodeIgniter\Boot::runCodeIgniter(Object(CodeIgniter\CodeIgniter))
11 FCPATH\index.php(59): CodeIgniter\Boot::bootWeb(Object(Config\Paths))
12 SYSTEMPATH\rewrite.php(44): require_once('C:\\xampp\\htdocs\\LangkahPeduliNew\\public\\index.php')
CRITICAL - 2025-11-30 07:40:17 --> ErrorException: Undefined variable $mapel
[Method: GET, Route: dashboard/pengajar/materi/tambah]
in APPPATH\Views\dashboard\pengajar\tambah_materi.php on line 14.
 1 APPPATH\Views\dashboard\pengajar\tambah_materi.php(14): CodeIgniter\Debug\Exceptions->errorHandler(2, 'Undefined variable $mapel', 'C:\\xampp\\htdocs\\LangkahPeduliNew\\app\\Views\\dashboard\\pengajar\\tambah_materi.php', 14)
 2 SYSTEMPATH\View\View.php(226): include('C:\\xampp\\htdocs\\LangkahPeduliNew\\app\\Views\\dashboard\\pengajar\\tambah_materi.php')
 3 SYSTEMPATH\View\View.php(229): CodeIgniter\View\View->CodeIgniter\View\{closure}()
 4 SYSTEMPATH\Common.php(1167): CodeIgniter\View\View->render('dashboard/pengajar/tambah_materi', [], true)
 5 APPPATH\Controllers\Materi.php(40): view('dashboard/pengajar/tambah_materi', [...])
 6 SYSTEMPATH\CodeIgniter.php(933): App\Controllers\Materi->tambah()
 7 SYSTEMPATH\CodeIgniter.php(507): CodeIgniter\CodeIgniter->runController(Object(App\Controllers\Materi))
 8 SYSTEMPATH\CodeIgniter.php(354): CodeIgniter\CodeIgniter->handleRequest(null, Object(Config\Cache), false)
 9 SYSTEMPATH\Boot.php(363): CodeIgniter\CodeIgniter->run()
10 SYSTEMPATH\Boot.php(68): CodeIgniter\Boot::runCodeIgniter(Object(CodeIgniter\CodeIgniter))
11 FCPATH\index.php(59): CodeIgniter\Boot::bootWeb(Object(Config\Paths))
12 SYSTEMPATH\rewrite.php(44): require_once('C:\\xampp\\htdocs\\LangkahPeduliNew\\public\\index.php')
DEBUG - 2025-11-30 07:40:49 --> Session: Class initialized using 'CodeIgniter\Session\Handlers\FileHandler' driver.
DEBUG - 2025-11-30 07:40:56 --> Session: Class initialized using 'CodeIgniter\Session\Handlers\FileHandler' driver.
ERROR - 2025-11-30 07:40:56 --> mysqli_sql_exception: Unknown column 'updated_at' in 'field list' in C:\xampp\htdocs\LangkahPeduliNew\system\Database\MySQLi\Connection.php:327
Stack trace:
#0 C:\xampp\htdocs\LangkahPeduliNew\system\Database\MySQLi\Connection.php(327): mysqli->query('INSERT INTO `ma...', 0)
#1 C:\xampp\htdocs\LangkahPeduliNew\system\Database\BaseConnection.php(729): CodeIgniter\Database\MySQLi\Connection->execute('INSERT INTO `ma...')
#2 C:\xampp\htdocs\LangkahPeduliNew\system\Database\BaseConnection.php(646): CodeIgniter\Database\BaseConnection->simpleQuery('INSERT INTO `ma...')
#3 C:\xampp\htdocs\LangkahPeduliNew\system\Database\BaseBuilder.php(2345): CodeIgniter\Database\BaseConnection->query('INSERT INTO `ma...', Array, false)
#4 C:\xampp\htdocs\LangkahPeduliNew\system\Model.php(394): CodeIgniter\Database\BaseBuilder->insert()
#5 C:\xampp\htdocs\LangkahPeduliNew\system\BaseModel.php(838): CodeIgniter\Model->doInsert(Array)
#6 C:\xampp\htdocs\LangkahPeduliNew\system\Model.php(797): CodeIgniter\BaseModel->insert(Array, true)
#7 C:\xampp\htdocs\LangkahPeduliNew\app\Controllers\Materi.php(54): CodeIgniter\Model->insert(Array)
#8 C:\xampp\htdocs\LangkahPeduliNew\system\CodeIgniter.php(933): App\Controllers\Materi->simpan()
#9 C:\xampp\htdocs\LangkahPeduliNew\system\CodeIgniter.php(507): CodeIgniter\CodeIgniter->runController(Object(App\Controllers\Materi))
#10 C:\xampp\htdocs\LangkahPeduliNew\system\CodeIgniter.php(354): CodeIgniter\CodeIgniter->handleRequest(NULL, Object(Config\Cache), false)
#11 C:\xampp\htdocs\LangkahPeduliNew\system\Boot.php(363): CodeIgniter\CodeIgniter->run()
#12 C:\xampp\htdocs\LangkahPeduliNew\system\Boot.php(68): CodeIgniter\Boot::runCodeIgniter(Object(CodeIgniter\CodeIgniter))
#13 C:\xampp\htdocs\LangkahPeduliNew\public\index.php(59): CodeIgniter\Boot::bootWeb(Object(Config\Paths))
#14 C:\xampp\htdocs\LangkahPeduliNew\system\rewrite.php(44): require_once('C:\\xampp\\htdocs...')
#15 {main}
CRITICAL - 2025-11-30 07:40:56 --> CodeIgniter\Database\Exceptions\DatabaseException: Unknown column 'updated_at' in 'field list'
[Method: POST, Route: dashboard/pengajar/materi/simpan]
in SYSTEMPATH\Database\BaseConnection.php on line 684.
 1 SYSTEMPATH\Database\BaseBuilder.php(2345): CodeIgniter\Database\BaseConnection->query('INSERT INTO `materi` (`id_kategori`, `judul_materi`, `isi_materi`, `pengajar`, `created_at`, `updated_at`) VALUES (:id_kategori:, :judul_materi:, :isi_materi:, :pengajar:, :created_at:, :updated_at:)', [...], false)
 2 SYSTEMPATH\Model.php(394): CodeIgniter\Database\BaseBuilder->insert()
 3 SYSTEMPATH\BaseModel.php(838): CodeIgniter\Model->doInsert([...])
 4 SYSTEMPATH\Model.php(797): CodeIgniter\BaseModel->insert([...], true)
 5 APPPATH\Controllers\Materi.php(54): CodeIgniter\Model->insert([...])
 6 SYSTEMPATH\CodeIgniter.php(933): App\Controllers\Materi->simpan()
 7 SYSTEMPATH\CodeIgniter.php(507): CodeIgniter\CodeIgniter->runController(Object(App\Controllers\Materi))
 8 SYSTEMPATH\CodeIgniter.php(354): CodeIgniter\CodeIgniter->handleRequest(null, Object(Config\Cache), false)
 9 SYSTEMPATH\Boot.php(363): CodeIgniter\CodeIgniter->run()
10 SYSTEMPATH\Boot.php(68): CodeIgniter\Boot::runCodeIgniter(Object(CodeIgniter\CodeIgniter))
11 FCPATH\index.php(59): CodeIgniter\Boot::bootWeb(Object(Config\Paths))
12 SYSTEMPATH\rewrite.php(44): require_once('C:\\xampp\\htdocs\\LangkahPeduliNew\\public\\index.php')
CRITICAL - 2025-11-30 07:40:56 --> [Caused by] CodeIgniter\Database\Exceptions\DatabaseException: Unknown column 'updated_at' in 'field list'
in SYSTEMPATH\Database\MySQLi\Connection.php on line 332.
 1 SYSTEMPATH\Database\BaseConnection.php(729): CodeIgniter\Database\MySQLi\Connection->execute('INSERT INTO `materi` (`id_kategori`, `judul_materi`, `isi_materi`, `pengajar`, `created_at`, `updated_at`) VALUES (\'2\', \'adad\', \'ada\', \'1ag\', \'2025-11-30 07:40:56\', \'2025-11-30 07:40:56\')')
 2 SYSTEMPATH\Database\BaseConnection.php(646): CodeIgniter\Database\BaseConnection->simpleQuery('INSERT INTO `materi` (`id_kategori`, `judul_materi`, `isi_materi`, `pengajar`, `created_at`, `updated_at`) VALUES (\'2\', \'adad\', \'ada\', \'1ag\', \'2025-11-30 07:40:56\', \'2025-11-30 07:40:56\')')
 3 SYSTEMPATH\Database\BaseBuilder.php(2345): CodeIgniter\Database\BaseConnection->query('INSERT INTO `materi` (`id_kategori`, `judul_materi`, `isi_materi`, `pengajar`, `created_at`, `updated_at`) VALUES (:id_kategori:, :judul_materi:, :isi_materi:, :pengajar:, :created_at:, :updated_at:)', [...], false)
 4 SYSTEMPATH\Model.php(394): CodeIgniter\Database\BaseBuilder->insert()
 5 SYSTEMPATH\BaseModel.php(838): CodeIgniter\Model->doInsert([...])
 6 SYSTEMPATH\Model.php(797): CodeIgniter\BaseModel->insert([...], true)
 7 APPPATH\Controllers\Materi.php(54): CodeIgniter\Model->insert([...])
 8 SYSTEMPATH\CodeIgniter.php(933): App\Controllers\Materi->simpan()
 9 SYSTEMPATH\CodeIgniter.php(507): CodeIgniter\CodeIgniter->runController(Object(App\Controllers\Materi))
10 SYSTEMPATH\CodeIgniter.php(354): CodeIgniter\CodeIgniter->handleRequest(null, Object(Config\Cache), false)
11 SYSTEMPATH\Boot.php(363): CodeIgniter\CodeIgniter->run()
12 SYSTEMPATH\Boot.php(68): CodeIgniter\Boot::runCodeIgniter(Object(CodeIgniter\CodeIgniter))
13 FCPATH\index.php(59): CodeIgniter\Boot::bootWeb(Object(Config\Paths))
14 SYSTEMPATH\rewrite.php(44): require_once('C:\\xampp\\htdocs\\LangkahPeduliNew\\public\\index.php')
CRITICAL - 2025-11-30 07:40:56 --> [Caused by] mysqli_sql_exception: Unknown column 'updated_at' in 'field list'
in SYSTEMPATH\Database\MySQLi\Connection.php on line 327.
 1 SYSTEMPATH\Database\MySQLi\Connection.php(327): mysqli->query('INSERT INTO `materi` (`id_kategori`, `judul_materi`, `isi_materi`, `pengajar`, `created_at`, `updated_at`) VALUES (\'2\', \'adad\', \'ada\', \'1ag\', \'2025-11-30 07:40:56\', \'2025-11-30 07:40:56\')', 0)
 2 SYSTEMPATH\Database\BaseConnection.php(729): CodeIgniter\Database\MySQLi\Connection->execute('INSERT INTO `materi` (`id_kategori`, `judul_materi`, `isi_materi`, `pengajar`, `created_at`, `updated_at`) VALUES (\'2\', \'adad\', \'ada\', \'1ag\', \'2025-11-30 07:40:56\', \'2025-11-30 07:40:56\')')
 3 SYSTEMPATH\Database\BaseConnection.php(646): CodeIgniter\Database\BaseConnection->simpleQuery('INSERT INTO `materi` (`id_kategori`, `judul_materi`, `isi_materi`, `pengajar`, `created_at`, `updated_at`) VALUES (\'2\', \'adad\', \'ada\', \'1ag\', \'2025-11-30 07:40:56\', \'2025-11-30 07:40:56\')')
 4 SYSTEMPATH\Database\BaseBuilder.php(2345): CodeIgniter\Database\BaseConnection->query('INSERT INTO `materi` (`id_kategori`, `judul_materi`, `isi_materi`, `pengajar`, `created_at`, `updated_at`) VALUES (:id_kategori:, :judul_materi:, :isi_materi:, :pengajar:, :created_at:, :updated_at:)', [...], false)
 5 SYSTEMPATH\Model.php(394): CodeIgniter\Database\BaseBuilder->insert()
 6 SYSTEMPATH\BaseModel.php(838): CodeIgniter\Model->doInsert([...])
 7 SYSTEMPATH\Model.php(797): CodeIgniter\BaseModel->insert([...], true)
 8 APPPATH\Controllers\Materi.php(54): CodeIgniter\Model->insert([...])
 9 SYSTEMPATH\CodeIgniter.php(933): App\Controllers\Materi->simpan()
10 SYSTEMPATH\CodeIgniter.php(507): CodeIgniter\CodeIgniter->runController(Object(App\Controllers\Materi))
11 SYSTEMPATH\CodeIgniter.php(354): CodeIgniter\CodeIgniter->handleRequest(null, Object(Config\Cache), false)
12 SYSTEMPATH\Boot.php(363): CodeIgniter\CodeIgniter->run()
13 SYSTEMPATH\Boot.php(68): CodeIgniter\Boot::runCodeIgniter(Object(CodeIgniter\CodeIgniter))
14 FCPATH\index.php(59): CodeIgniter\Boot::bootWeb(Object(Config\Paths))
15 SYSTEMPATH\rewrite.php(44): require_once('C:\\xampp\\htdocs\\LangkahPeduliNew\\public\\index.php')
DEBUG - 2025-11-30 07:42:20 --> Session: Class initialized using 'CodeIgniter\Session\Handlers\FileHandler' driver.
DEBUG - 2025-11-30 07:42:20 --> Session: Class initialized using 'CodeIgniter\Session\Handlers\FileHandler' driver.
DEBUG - 2025-11-30 07:42:24 --> Session: Class initialized using 'CodeIgniter\Session\Handlers\FileHandler' driver.
CRITICAL - 2025-11-30 07:42:24 --> ErrorException: Undefined array key "kode_mapel"
[Method: GET, Route: dashboard/pengajar/materi/edit/8]
in APPPATH\Views\dashboard\pengajar\edit_materi.php on line 9.
 1 APPPATH\Views\dashboard\pengajar\edit_materi.php(9): CodeIgniter\Debug\Exceptions->errorHandler(2, 'Undefined array key "kode_mapel"', 'C:\\xampp\\htdocs\\LangkahPeduliNew\\app\\Views\\dashboard\\pengajar\\edit_materi.php', 9)
 2 SYSTEMPATH\View\View.php(226): include('C:\\xampp\\htdocs\\LangkahPeduliNew\\app\\Views\\dashboard\\pengajar\\edit_materi.php')
 3 SYSTEMPATH\View\View.php(229): CodeIgniter\View\View->CodeIgniter\View\{closure}()
 4 SYSTEMPATH\Common.php(1167): CodeIgniter\View\View->render('dashboard/pengajar/edit_materi', [], true)
 5 APPPATH\Controllers\Materi.php(74): view('dashboard/pengajar/edit_materi', [...])
 6 SYSTEMPATH\CodeIgniter.php(933): App\Controllers\Materi->edit('8')
 7 SYSTEMPATH\CodeIgniter.php(507): CodeIgniter\CodeIgniter->runController(Object(App\Controllers\Materi))
 8 SYSTEMPATH\CodeIgniter.php(354): CodeIgniter\CodeIgniter->handleRequest(null, Object(Config\Cache), false)
 9 SYSTEMPATH\Boot.php(363): CodeIgniter\CodeIgniter->run()
10 SYSTEMPATH\Boot.php(68): CodeIgniter\Boot::runCodeIgniter(Object(CodeIgniter\CodeIgniter))
11 FCPATH\index.php(59): CodeIgniter\Boot::bootWeb(Object(Config\Paths))
12 SYSTEMPATH\rewrite.php(44): require_once('C:\\xampp\\htdocs\\LangkahPeduliNew\\public\\index.php')
DEBUG - 2025-11-30 07:43:03 --> Session: Class initialized using 'CodeIgniter\Session\Handlers\FileHandler' driver.
CRITICAL - 2025-11-30 07:43:03 --> ErrorException: Undefined variable $mapel
[Method: GET, Route: dashboard/pengajar/materi/edit/8]
in APPPATH\Views\dashboard\pengajar\edit_materi.php on line 12.
 1 APPPATH\Views\dashboard\pengajar\edit_materi.php(12): CodeIgniter\Debug\Exceptions->errorHandler(2, 'Undefined variable $mapel', 'C:\\xampp\\htdocs\\LangkahPeduliNew\\app\\Views\\dashboard\\pengajar\\edit_materi.php', 12)
 2 SYSTEMPATH\View\View.php(226): include('C:\\xampp\\htdocs\\LangkahPeduliNew\\app\\Views\\dashboard\\pengajar\\edit_materi.php')
 3 SYSTEMPATH\View\View.php(229): CodeIgniter\View\View->CodeIgniter\View\{closure}()
 4 SYSTEMPATH\Common.php(1167): CodeIgniter\View\View->render('dashboard/pengajar/edit_materi', [], true)
 5 APPPATH\Controllers\Materi.php(74): view('dashboard/pengajar/edit_materi', [...])
 6 SYSTEMPATH\CodeIgniter.php(933): App\Controllers\Materi->edit('8')
 7 SYSTEMPATH\CodeIgniter.php(507): CodeIgniter\CodeIgniter->runController(Object(App\Controllers\Materi))
 8 SYSTEMPATH\CodeIgniter.php(354): CodeIgniter\CodeIgniter->handleRequest(null, Object(Config\Cache), false)
 9 SYSTEMPATH\Boot.php(363): CodeIgniter\CodeIgniter->run()
10 SYSTEMPATH\Boot.php(68): CodeIgniter\Boot::runCodeIgniter(Object(CodeIgniter\CodeIgniter))
11 FCPATH\index.php(59): CodeIgniter\Boot::bootWeb(Object(Config\Paths))
12 SYSTEMPATH\rewrite.php(44): require_once('C:\\xampp\\htdocs\\LangkahPeduliNew\\public\\index.php')
DEBUG - 2025-11-30 07:43:18 --> Session: Class initialized using 'CodeIgniter\Session\Handlers\FileHandler' driver.
DEBUG - 2025-11-30 07:43:23 --> Session: Class initialized using 'CodeIgniter\Session\Handlers\FileHandler' driver.
DEBUG - 2025-11-30 07:43:23 --> Session: Class initialized using 'CodeIgniter\Session\Handlers\FileHandler' driver.
DEBUG - 2025-11-30 07:43:26 --> Session: Class initialized using 'CodeIgniter\Session\Handlers\FileHandler' driver.
DEBUG - 2025-11-30 07:43:32 --> Session: Class initialized using 'CodeIgniter\Session\Handlers\FileHandler' driver.
DEBUG - 2025-11-30 07:43:32 --> Session: Class initialized using 'CodeIgniter\Session\Handlers\FileHandler' driver.
DEBUG - 2025-11-30 07:44:14 --> Session: Class initialized using 'CodeIgniter\Session\Handlers\FileHandler' driver.
DEBUG - 2025-11-30 07:44:25 --> Session: Class initialized using 'CodeIgniter\Session\Handlers\FileHandler' driver.
DEBUG - 2025-11-30 07:44:32 --> Session: Class initialized using 'CodeIgniter\Session\Handlers\FileHandler' driver.
DEBUG - 2025-11-30 07:44:33 --> Session: Class initialized using 'CodeIgniter\Session\Handlers\FileHandler' driver.
DEBUG - 2025-11-30 07:45:17 --> Session: Class initialized using 'CodeIgniter\Session\Handlers\FileHandler' driver.
DEBUG - 2025-11-30 07:45:17 --> Session: Class initialized using 'CodeIgniter\Session\Handlers\FileHandler' driver.
DEBUG - 2025-11-30 07:45:18 --> Session: Class initialized using 'CodeIgniter\Session\Handlers\FileHandler' driver.
DEBUG - 2025-11-30 07:45:24 --> Session: Class initialized using 'CodeIgniter\Session\Handlers\FileHandler' driver.
DEBUG - 2025-11-30 07:45:24 --> Session: Class initialized using 'CodeIgniter\Session\Handlers\FileHandler' driver.
DEBUG - 2025-11-30 07:46:39 --> Session: Class initialized using 'CodeIgniter\Session\Handlers\FileHandler' driver.
DEBUG - 2025-11-30 07:46:45 --> Session: Class initialized using 'CodeIgniter\Session\Handlers\FileHandler' driver.
DEBUG - 2025-11-30 07:47:24 --> Session: Class initialized using 'CodeIgniter\Session\Handlers\FileHandler' driver.
DEBUG - 2025-11-30 07:47:34 --> Session: Class initialized using 'CodeIgniter\Session\Handlers\FileHandler' driver.
DEBUG - 2025-11-30 07:47:46 --> Session: Class initialized using 'CodeIgniter\Session\Handlers\FileHandler' driver.
DEBUG - 2025-11-30 07:50:08 --> Session: Class initialized using 'CodeIgniter\Session\Handlers\FileHandler' driver.
CRITICAL - 2025-11-30 07:50:09 --> ErrorException: Undefined variable $all
[Method: GET, Route: dashboard/pengajar/materi]
in APPPATH\Views\dashboard\pengajar\materi.php on line 12.
 1 APPPATH\Views\dashboard\pengajar\materi.php(12): CodeIgniter\Debug\Exceptions->errorHandler(2, 'Undefined variable $all', 'C:\\xampp\\htdocs\\LangkahPeduliNew\\app\\Views\\dashboard\\pengajar\\materi.php', 12)
 2 SYSTEMPATH\View\View.php(226): include('C:\\xampp\\htdocs\\LangkahPeduliNew\\app\\Views\\dashboard\\pengajar\\materi.php')
 3 SYSTEMPATH\View\View.php(229): CodeIgniter\View\View->CodeIgniter\View\{closure}()
 4 SYSTEMPATH\Common.php(1167): CodeIgniter\View\View->render('dashboard/pengajar/materi', [], true)
 5 APPPATH\Controllers\Materi.php(30): view('dashboard/pengajar/materi', [...])
 6 SYSTEMPATH\CodeIgniter.php(933): App\Controllers\Materi->index()
 7 SYSTEMPATH\CodeIgniter.php(507): CodeIgniter\CodeIgniter->runController(Object(App\Controllers\Materi))
 8 SYSTEMPATH\CodeIgniter.php(354): CodeIgniter\CodeIgniter->handleRequest(null, Object(Config\Cache), false)
 9 SYSTEMPATH\Boot.php(363): CodeIgniter\CodeIgniter->run()
10 SYSTEMPATH\Boot.php(68): CodeIgniter\Boot::runCodeIgniter(Object(CodeIgniter\CodeIgniter))
11 FCPATH\index.php(59): CodeIgniter\Boot::bootWeb(Object(Config\Paths))
12 SYSTEMPATH\rewrite.php(44): require_once('C:\\xampp\\htdocs\\LangkahPeduliNew\\public\\index.php')
DEBUG - 2025-11-30 07:50:29 --> Session: Class initialized using 'CodeIgniter\Session\Handlers\FileHandler' driver.
ERROR - 2025-11-30 07:50:29 --> mysqli_sql_exception: Unknown table 'newlangkah.m' in C:\xampp\htdocs\LangkahPeduliNew\system\Database\MySQLi\Connection.php:327
Stack trace:
#0 C:\xampp\htdocs\LangkahPeduliNew\system\Database\MySQLi\Connection.php(327): mysqli->query('SELECT `m`.*, `...', 0)
#1 C:\xampp\htdocs\LangkahPeduliNew\system\Database\BaseConnection.php(729): CodeIgniter\Database\MySQLi\Connection->execute('SELECT `m`.*, `...')
#2 C:\xampp\htdocs\LangkahPeduliNew\system\Database\BaseConnection.php(646): CodeIgniter\Database\BaseConnection->simpleQuery('SELECT `m`.*, `...')
#3 C:\xampp\htdocs\LangkahPeduliNew\system\Database\BaseBuilder.php(1649): CodeIgniter\Database\BaseConnection->query('SELECT `m`.*, `...', Array, false)
#4 C:\xampp\htdocs\LangkahPeduliNew\app\Controllers\Materi.php(34): CodeIgniter\Database\BaseBuilder->get()
#5 C:\xampp\htdocs\LangkahPeduliNew\system\CodeIgniter.php(933): App\Controllers\Materi->index()
#6 C:\xampp\htdocs\LangkahPeduliNew\system\CodeIgniter.php(507): CodeIgniter\CodeIgniter->runController(Object(App\Controllers\Materi))
#7 C:\xampp\htdocs\LangkahPeduliNew\system\CodeIgniter.php(354): CodeIgniter\CodeIgniter->handleRequest(NULL, Object(Config\Cache), false)
#8 C:\xampp\htdocs\LangkahPeduliNew\system\Boot.php(363): CodeIgniter\CodeIgniter->run()
#9 C:\xampp\htdocs\LangkahPeduliNew\system\Boot.php(68): CodeIgniter\Boot::runCodeIgniter(Object(CodeIgniter\CodeIgniter))
#10 C:\xampp\htdocs\LangkahPeduliNew\public\index.php(59): CodeIgniter\Boot::bootWeb(Object(Config\Paths))
#11 C:\xampp\htdocs\LangkahPeduliNew\system\rewrite.php(44): require_once('C:\\xampp\\htdocs...')
#12 {main}
CRITICAL - 2025-11-30 07:50:29 --> CodeIgniter\Database\Exceptions\DatabaseException: Unknown table 'newlangkah.m'
[Method: GET, Route: dashboard/pengajar/materi]
in SYSTEMPATH\Database\BaseConnection.php on line 684.
 1 SYSTEMPATH\Database\BaseBuilder.php(1649): CodeIgniter\Database\BaseConnection->query('SELECT `m`.*, `km`.`nama_kategori`, `u`.`username` as `pengajar`
FROM `materi`
JOIN `kategori_mapel` `km` ON `km`.`id` = `m`.`id_kategori`
JOIN `users` `u` ON `u`.`id` = `m`.`id_user`
WHERE `m`.`id_user` IS NULL
ORDER BY `m`.`id` DESC', [], false)
 2 APPPATH\Controllers\Materi.php(34): CodeIgniter\Database\BaseBuilder->get()
 3 SYSTEMPATH\CodeIgniter.php(933): App\Controllers\Materi->index()
 4 SYSTEMPATH\CodeIgniter.php(507): CodeIgniter\CodeIgniter->runController(Object(App\Controllers\Materi))
 5 SYSTEMPATH\CodeIgniter.php(354): CodeIgniter\CodeIgniter->handleRequest(null, Object(Config\Cache), false)
 6 SYSTEMPATH\Boot.php(363): CodeIgniter\CodeIgniter->run()
 7 SYSTEMPATH\Boot.php(68): CodeIgniter\Boot::runCodeIgniter(Object(CodeIgniter\CodeIgniter))
 8 FCPATH\index.php(59): CodeIgniter\Boot::bootWeb(Object(Config\Paths))
 9 SYSTEMPATH\rewrite.php(44): require_once('C:\\xampp\\htdocs\\LangkahPeduliNew\\public\\index.php')
CRITICAL - 2025-11-30 07:50:29 --> [Caused by] CodeIgniter\Database\Exceptions\DatabaseException: Unknown table 'newlangkah.m'
in SYSTEMPATH\Database\MySQLi\Connection.php on line 332.
 1 SYSTEMPATH\Database\BaseConnection.php(729): CodeIgniter\Database\MySQLi\Connection->execute('SELECT `m`.*, `km`.`nama_kategori`, `u`.`username` as `pengajar`
FROM `materi`
JOIN `kategori_mapel` `km` ON `km`.`id` = `m`.`id_kategori`
JOIN `users` `u` ON `u`.`id` = `m`.`id_user`
WHERE `m`.`id_user` IS NULL
ORDER BY `m`.`id` DESC')
 2 SYSTEMPATH\Database\BaseConnection.php(646): CodeIgniter\Database\BaseConnection->simpleQuery('SELECT `m`.*, `km`.`nama_kategori`, `u`.`username` as `pengajar`
FROM `materi`
JOIN `kategori_mapel` `km` ON `km`.`id` = `m`.`id_kategori`
JOIN `users` `u` ON `u`.`id` = `m`.`id_user`
WHERE `m`.`id_user` IS NULL
ORDER BY `m`.`id` DESC')
 3 SYSTEMPATH\Database\BaseBuilder.php(1649): CodeIgniter\Database\BaseConnection->query('SELECT `m`.*, `km`.`nama_kategori`, `u`.`username` as `pengajar`
FROM `materi`
JOIN `kategori_mapel` `km` ON `km`.`id` = `m`.`id_kategori`
JOIN `users` `u` ON `u`.`id` = `m`.`id_user`
WHERE `m`.`id_user` IS NULL
ORDER BY `m`.`id` DESC', [], false)
 4 APPPATH\Controllers\Materi.php(34): CodeIgniter\Database\BaseBuilder->get()
 5 SYSTEMPATH\CodeIgniter.php(933): App\Controllers\Materi->index()
 6 SYSTEMPATH\CodeIgniter.php(507): CodeIgniter\CodeIgniter->runController(Object(App\Controllers\Materi))
 7 SYSTEMPATH\CodeIgniter.php(354): CodeIgniter\CodeIgniter->handleRequest(null, Object(Config\Cache), false)
 8 SYSTEMPATH\Boot.php(363): CodeIgniter\CodeIgniter->run()
 9 SYSTEMPATH\Boot.php(68): CodeIgniter\Boot::runCodeIgniter(Object(CodeIgniter\CodeIgniter))
10 FCPATH\index.php(59): CodeIgniter\Boot::bootWeb(Object(Config\Paths))
11 SYSTEMPATH\rewrite.php(44): require_once('C:\\xampp\\htdocs\\LangkahPeduliNew\\public\\index.php')
CRITICAL - 2025-11-30 07:50:29 --> [Caused by] mysqli_sql_exception: Unknown table 'newlangkah.m'
in SYSTEMPATH\Database\MySQLi\Connection.php on line 327.
 1 SYSTEMPATH\Database\MySQLi\Connection.php(327): mysqli->query('SELECT `m`.*, `km`.`nama_kategori`, `u`.`username` as `pengajar`
FROM `materi`
JOIN `kategori_mapel` `km` ON `km`.`id` = `m`.`id_kategori`
JOIN `users` `u` ON `u`.`id` = `m`.`id_user`
WHERE `m`.`id_user` IS NULL
ORDER BY `m`.`id` DESC', 0)
 2 SYSTEMPATH\Database\BaseConnection.php(729): CodeIgniter\Database\MySQLi\Connection->execute('SELECT `m`.*, `km`.`nama_kategori`, `u`.`username` as `pengajar`
FROM `materi`
JOIN `kategori_mapel` `km` ON `km`.`id` = `m`.`id_kategori`
JOIN `users` `u` ON `u`.`id` = `m`.`id_user`
WHERE `m`.`id_user` IS NULL
ORDER BY `m`.`id` DESC')
 3 SYSTEMPATH\Database\BaseConnection.php(646): CodeIgniter\Database\BaseConnection->simpleQuery('SELECT `m`.*, `km`.`nama_kategori`, `u`.`username` as `pengajar`
FROM `materi`
JOIN `kategori_mapel` `km` ON `km`.`id` = `m`.`id_kategori`
JOIN `users` `u` ON `u`.`id` = `m`.`id_user`
WHERE `m`.`id_user` IS NULL
ORDER BY `m`.`id` DESC')
 4 SYSTEMPATH\Database\BaseBuilder.php(1649): CodeIgniter\Database\BaseConnection->query('SELECT `m`.*, `km`.`nama_kategori`, `u`.`username` as `pengajar`
FROM `materi`
JOIN `kategori_mapel` `km` ON `km`.`id` = `m`.`id_kategori`
JOIN `users` `u` ON `u`.`id` = `m`.`id_user`
WHERE `m`.`id_user` IS NULL
ORDER BY `m`.`id` DESC', [], false)
 5 APPPATH\Controllers\Materi.php(34): CodeIgniter\Database\BaseBuilder->get()
 6 SYSTEMPATH\CodeIgniter.php(933): App\Controllers\Materi->index()
 7 SYSTEMPATH\CodeIgniter.php(507): CodeIgniter\CodeIgniter->runController(Object(App\Controllers\Materi))
 8 SYSTEMPATH\CodeIgniter.php(354): CodeIgniter\CodeIgniter->handleRequest(null, Object(Config\Cache), false)
 9 SYSTEMPATH\Boot.php(363): CodeIgniter\CodeIgniter->run()
10 SYSTEMPATH\Boot.php(68): CodeIgniter\Boot::runCodeIgniter(Object(CodeIgniter\CodeIgniter))
11 FCPATH\index.php(59): CodeIgniter\Boot::bootWeb(Object(Config\Paths))
12 SYSTEMPATH\rewrite.php(44): require_once('C:\\xampp\\htdocs\\LangkahPeduliNew\\public\\index.php')
DEBUG - 2025-11-30 07:51:22 --> Session: Class initialized using 'CodeIgniter\Session\Handlers\FileHandler' driver.
ERROR - 2025-11-30 07:51:22 --> mysqli_sql_exception: Unknown table 'newlangkah.m' in C:\xampp\htdocs\LangkahPeduliNew\system\Database\MySQLi\Connection.php:327
Stack trace:
#0 C:\xampp\htdocs\LangkahPeduliNew\system\Database\MySQLi\Connection.php(327): mysqli->query('SELECT `m`.*, `...', 0)
#1 C:\xampp\htdocs\LangkahPeduliNew\system\Database\BaseConnection.php(729): CodeIgniter\Database\MySQLi\Connection->execute('SELECT `m`.*, `...')
#2 C:\xampp\htdocs\LangkahPeduliNew\system\Database\BaseConnection.php(646): CodeIgniter\Database\BaseConnection->simpleQuery('SELECT `m`.*, `...')
#3 C:\xampp\htdocs\LangkahPeduliNew\system\Database\BaseBuilder.php(1649): CodeIgniter\Database\BaseConnection->query('SELECT `m`.*, `...', Array, false)
#4 C:\xampp\htdocs\LangkahPeduliNew\app\Controllers\Materi.php(34): CodeIgniter\Database\BaseBuilder->get()
#5 C:\xampp\htdocs\LangkahPeduliNew\system\CodeIgniter.php(933): App\Controllers\Materi->index()
#6 C:\xampp\htdocs\LangkahPeduliNew\system\CodeIgniter.php(507): CodeIgniter\CodeIgniter->runController(Object(App\Controllers\Materi))
#7 C:\xampp\htdocs\LangkahPeduliNew\system\CodeIgniter.php(354): CodeIgniter\CodeIgniter->handleRequest(NULL, Object(Config\Cache), false)
#8 C:\xampp\htdocs\LangkahPeduliNew\system\Boot.php(363): CodeIgniter\CodeIgniter->run()
#9 C:\xampp\htdocs\LangkahPeduliNew\system\Boot.php(68): CodeIgniter\Boot::runCodeIgniter(Object(CodeIgniter\CodeIgniter))
#10 C:\xampp\htdocs\LangkahPeduliNew\public\index.php(59): CodeIgniter\Boot::bootWeb(Object(Config\Paths))
#11 C:\xampp\htdocs\LangkahPeduliNew\system\rewrite.php(44): require_once('C:\\xampp\\htdocs...')
#12 {main}
CRITICAL - 2025-11-30 07:51:22 --> CodeIgniter\Database\Exceptions\DatabaseException: Unknown table 'newlangkah.m'
[Method: GET, Route: dashboard/pengajar/materi]
in SYSTEMPATH\Database\BaseConnection.php on line 684.
 1 SYSTEMPATH\Database\BaseBuilder.php(1649): CodeIgniter\Database\BaseConnection->query('SELECT `m`.*, `km`.`nama_kategori`, `u`.`username` as `pengajar`
FROM `materi`
JOIN `kategori_mapel` `km` ON `km`.`id` = `m`.`id_kategori`
JOIN `users` `u` ON `u`.`id` = `m`.`id_user`
WHERE `m`.`id_user` IS NULL
ORDER BY `m`.`id` DESC', [], false)
 2 APPPATH\Controllers\Materi.php(34): CodeIgniter\Database\BaseBuilder->get()
 3 SYSTEMPATH\CodeIgniter.php(933): App\Controllers\Materi->index()
 4 SYSTEMPATH\CodeIgniter.php(507): CodeIgniter\CodeIgniter->runController(Object(App\Controllers\Materi))
 5 SYSTEMPATH\CodeIgniter.php(354): CodeIgniter\CodeIgniter->handleRequest(null, Object(Config\Cache), false)
 6 SYSTEMPATH\Boot.php(363): CodeIgniter\CodeIgniter->run()
 7 SYSTEMPATH\Boot.php(68): CodeIgniter\Boot::runCodeIgniter(Object(CodeIgniter\CodeIgniter))
 8 FCPATH\index.php(59): CodeIgniter\Boot::bootWeb(Object(Config\Paths))
 9 SYSTEMPATH\rewrite.php(44): require_once('C:\\xampp\\htdocs\\LangkahPeduliNew\\public\\index.php')
CRITICAL - 2025-11-30 07:51:22 --> [Caused by] CodeIgniter\Database\Exceptions\DatabaseException: Unknown table 'newlangkah.m'
in SYSTEMPATH\Database\MySQLi\Connection.php on line 332.
 1 SYSTEMPATH\Database\BaseConnection.php(729): CodeIgniter\Database\MySQLi\Connection->execute('SELECT `m`.*, `km`.`nama_kategori`, `u`.`username` as `pengajar`
FROM `materi`
JOIN `kategori_mapel` `km` ON `km`.`id` = `m`.`id_kategori`
JOIN `users` `u` ON `u`.`id` = `m`.`id_user`
WHERE `m`.`id_user` IS NULL
ORDER BY `m`.`id` DESC')
 2 SYSTEMPATH\Database\BaseConnection.php(646): CodeIgniter\Database\BaseConnection->simpleQuery('SELECT `m`.*, `km`.`nama_kategori`, `u`.`username` as `pengajar`
FROM `materi`
JOIN `kategori_mapel` `km` ON `km`.`id` = `m`.`id_kategori`
JOIN `users` `u` ON `u`.`id` = `m`.`id_user`
WHERE `m`.`id_user` IS NULL
ORDER BY `m`.`id` DESC')
 3 SYSTEMPATH\Database\BaseBuilder.php(1649): CodeIgniter\Database\BaseConnection->query('SELECT `m`.*, `km`.`nama_kategori`, `u`.`username` as `pengajar`
FROM `materi`
JOIN `kategori_mapel` `km` ON `km`.`id` = `m`.`id_kategori`
JOIN `users` `u` ON `u`.`id` = `m`.`id_user`
WHERE `m`.`id_user` IS NULL
ORDER BY `m`.`id` DESC', [], false)
 4 APPPATH\Controllers\Materi.php(34): CodeIgniter\Database\BaseBuilder->get()
 5 SYSTEMPATH\CodeIgniter.php(933): App\Controllers\Materi->index()
 6 SYSTEMPATH\CodeIgniter.php(507): CodeIgniter\CodeIgniter->runController(Object(App\Controllers\Materi))
 7 SYSTEMPATH\CodeIgniter.php(354): CodeIgniter\CodeIgniter->handleRequest(null, Object(Config\Cache), false)
 8 SYSTEMPATH\Boot.php(363): CodeIgniter\CodeIgniter->run()
 9 SYSTEMPATH\Boot.php(68): CodeIgniter\Boot::runCodeIgniter(Object(CodeIgniter\CodeIgniter))
10 FCPATH\index.php(59): CodeIgniter\Boot::bootWeb(Object(Config\Paths))
11 SYSTEMPATH\rewrite.php(44): require_once('C:\\xampp\\htdocs\\LangkahPeduliNew\\public\\index.php')
CRITICAL - 2025-11-30 07:51:22 --> [Caused by] mysqli_sql_exception: Unknown table 'newlangkah.m'
in SYSTEMPATH\Database\MySQLi\Connection.php on line 327.
 1 SYSTEMPATH\Database\MySQLi\Connection.php(327): mysqli->query('SELECT `m`.*, `km`.`nama_kategori`, `u`.`username` as `pengajar`
FROM `materi`
JOIN `kategori_mapel` `km` ON `km`.`id` = `m`.`id_kategori`
JOIN `users` `u` ON `u`.`id` = `m`.`id_user`
WHERE `m`.`id_user` IS NULL
ORDER BY `m`.`id` DESC', 0)
 2 SYSTEMPATH\Database\BaseConnection.php(729): CodeIgniter\Database\MySQLi\Connection->execute('SELECT `m`.*, `km`.`nama_kategori`, `u`.`username` as `pengajar`
FROM `materi`
JOIN `kategori_mapel` `km` ON `km`.`id` = `m`.`id_kategori`
JOIN `users` `u` ON `u`.`id` = `m`.`id_user`
WHERE `m`.`id_user` IS NULL
ORDER BY `m`.`id` DESC')
 3 SYSTEMPATH\Database\BaseConnection.php(646): CodeIgniter\Database\BaseConnection->simpleQuery('SELECT `m`.*, `km`.`nama_kategori`, `u`.`username` as `pengajar`
FROM `materi`
JOIN `kategori_mapel` `km` ON `km`.`id` = `m`.`id_kategori`
JOIN `users` `u` ON `u`.`id` = `m`.`id_user`
WHERE `m`.`id_user` IS NULL
ORDER BY `m`.`id` DESC')
 4 SYSTEMPATH\Database\BaseBuilder.php(1649): CodeIgniter\Database\BaseConnection->query('SELECT `m`.*, `km`.`nama_kategori`, `u`.`username` as `pengajar`
FROM `materi`
JOIN `kategori_mapel` `km` ON `km`.`id` = `m`.`id_kategori`
JOIN `users` `u` ON `u`.`id` = `m`.`id_user`
WHERE `m`.`id_user` IS NULL
ORDER BY `m`.`id` DESC', [], false)
 5 APPPATH\Controllers\Materi.php(34): CodeIgniter\Database\BaseBuilder->get()
 6 SYSTEMPATH\CodeIgniter.php(933): App\Controllers\Materi->index()
 7 SYSTEMPATH\CodeIgniter.php(507): CodeIgniter\CodeIgniter->runController(Object(App\Controllers\Materi))
 8 SYSTEMPATH\CodeIgniter.php(354): CodeIgniter\CodeIgniter->handleRequest(null, Object(Config\Cache), false)
 9 SYSTEMPATH\Boot.php(363): CodeIgniter\CodeIgniter->run()
10 SYSTEMPATH\Boot.php(68): CodeIgniter\Boot::runCodeIgniter(Object(CodeIgniter\CodeIgniter))
11 FCPATH\index.php(59): CodeIgniter\Boot::bootWeb(Object(Config\Paths))
12 SYSTEMPATH\rewrite.php(44): require_once('C:\\xampp\\htdocs\\LangkahPeduliNew\\public\\index.php')
DEBUG - 2025-11-30 07:51:23 --> Session: Class initialized using 'CodeIgniter\Session\Handlers\FileHandler' driver.
ERROR - 2025-11-30 07:51:23 --> mysqli_sql_exception: Unknown table 'newlangkah.m' in C:\xampp\htdocs\LangkahPeduliNew\system\Database\MySQLi\Connection.php:327
Stack trace:
#0 C:\xampp\htdocs\LangkahPeduliNew\system\Database\MySQLi\Connection.php(327): mysqli->query('SELECT `m`.*, `...', 0)
#1 C:\xampp\htdocs\LangkahPeduliNew\system\Database\BaseConnection.php(729): CodeIgniter\Database\MySQLi\Connection->execute('SELECT `m`.*, `...')
#2 C:\xampp\htdocs\LangkahPeduliNew\system\Database\BaseConnection.php(646): CodeIgniter\Database\BaseConnection->simpleQuery('SELECT `m`.*, `...')
#3 C:\xampp\htdocs\LangkahPeduliNew\system\Database\BaseBuilder.php(1649): CodeIgniter\Database\BaseConnection->query('SELECT `m`.*, `...', Array, false)
#4 C:\xampp\htdocs\LangkahPeduliNew\app\Controllers\Materi.php(34): CodeIgniter\Database\BaseBuilder->get()
#5 C:\xampp\htdocs\LangkahPeduliNew\system\CodeIgniter.php(933): App\Controllers\Materi->index()
#6 C:\xampp\htdocs\LangkahPeduliNew\system\CodeIgniter.php(507): CodeIgniter\CodeIgniter->runController(Object(App\Controllers\Materi))
#7 C:\xampp\htdocs\LangkahPeduliNew\system\CodeIgniter.php(354): CodeIgniter\CodeIgniter->handleRequest(NULL, Object(Config\Cache), false)
#8 C:\xampp\htdocs\LangkahPeduliNew\system\Boot.php(363): CodeIgniter\CodeIgniter->run()
#9 C:\xampp\htdocs\LangkahPeduliNew\system\Boot.php(68): CodeIgniter\Boot::runCodeIgniter(Object(CodeIgniter\CodeIgniter))
#10 C:\xampp\htdocs\LangkahPeduliNew\public\index.php(59): CodeIgniter\Boot::bootWeb(Object(Config\Paths))
#11 C:\xampp\htdocs\LangkahPeduliNew\system\rewrite.php(44): require_once('C:\\xampp\\htdocs...')
#12 {main}
CRITICAL - 2025-11-30 07:51:23 --> CodeIgniter\Database\Exceptions\DatabaseException: Unknown table 'newlangkah.m'
[Method: GET, Route: dashboard/pengajar/materi]
in SYSTEMPATH\Database\BaseConnection.php on line 684.
 1 SYSTEMPATH\Database\BaseBuilder.php(1649): CodeIgniter\Database\BaseConnection->query('SELECT `m`.*, `km`.`nama_kategori`, `u`.`username` as `pengajar`
FROM `materi`
JOIN `kategori_mapel` `km` ON `km`.`id` = `m`.`id_kategori`
JOIN `users` `u` ON `u`.`id` = `m`.`id_user`
WHERE `m`.`id_user` IS NULL
ORDER BY `m`.`id` DESC', [], false)
 2 APPPATH\Controllers\Materi.php(34): CodeIgniter\Database\BaseBuilder->get()
 3 SYSTEMPATH\CodeIgniter.php(933): App\Controllers\Materi->index()
 4 SYSTEMPATH\CodeIgniter.php(507): CodeIgniter\CodeIgniter->runController(Object(App\Controllers\Materi))
 5 SYSTEMPATH\CodeIgniter.php(354): CodeIgniter\CodeIgniter->handleRequest(null, Object(Config\Cache), false)
 6 SYSTEMPATH\Boot.php(363): CodeIgniter\CodeIgniter->run()
 7 SYSTEMPATH\Boot.php(68): CodeIgniter\Boot::runCodeIgniter(Object(CodeIgniter\CodeIgniter))
 8 FCPATH\index.php(59): CodeIgniter\Boot::bootWeb(Object(Config\Paths))
 9 SYSTEMPATH\rewrite.php(44): require_once('C:\\xampp\\htdocs\\LangkahPeduliNew\\public\\index.php')
CRITICAL - 2025-11-30 07:51:23 --> [Caused by] CodeIgniter\Database\Exceptions\DatabaseException: Unknown table 'newlangkah.m'
in SYSTEMPATH\Database\MySQLi\Connection.php on line 332.
 1 SYSTEMPATH\Database\BaseConnection.php(729): CodeIgniter\Database\MySQLi\Connection->execute('SELECT `m`.*, `km`.`nama_kategori`, `u`.`username` as `pengajar`
FROM `materi`
JOIN `kategori_mapel` `km` ON `km`.`id` = `m`.`id_kategori`
JOIN `users` `u` ON `u`.`id` = `m`.`id_user`
WHERE `m`.`id_user` IS NULL
ORDER BY `m`.`id` DESC')
 2 SYSTEMPATH\Database\BaseConnection.php(646): CodeIgniter\Database\BaseConnection->simpleQuery('SELECT `m`.*, `km`.`nama_kategori`, `u`.`username` as `pengajar`
FROM `materi`
JOIN `kategori_mapel` `km` ON `km`.`id` = `m`.`id_kategori`
JOIN `users` `u` ON `u`.`id` = `m`.`id_user`
WHERE `m`.`id_user` IS NULL
ORDER BY `m`.`id` DESC')
 3 SYSTEMPATH\Database\BaseBuilder.php(1649): CodeIgniter\Database\BaseConnection->query('SELECT `m`.*, `km`.`nama_kategori`, `u`.`username` as `pengajar`
FROM `materi`
JOIN `kategori_mapel` `km` ON `km`.`id` = `m`.`id_kategori`
JOIN `users` `u` ON `u`.`id` = `m`.`id_user`
WHERE `m`.`id_user` IS NULL
ORDER BY `m`.`id` DESC', [], false)
 4 APPPATH\Controllers\Materi.php(34): CodeIgniter\Database\BaseBuilder->get()
 5 SYSTEMPATH\CodeIgniter.php(933): App\Controllers\Materi->index()
 6 SYSTEMPATH\CodeIgniter.php(507): CodeIgniter\CodeIgniter->runController(Object(App\Controllers\Materi))
 7 SYSTEMPATH\CodeIgniter.php(354): CodeIgniter\CodeIgniter->handleRequest(null, Object(Config\Cache), false)
 8 SYSTEMPATH\Boot.php(363): CodeIgniter\CodeIgniter->run()
 9 SYSTEMPATH\Boot.php(68): CodeIgniter\Boot::runCodeIgniter(Object(CodeIgniter\CodeIgniter))
10 FCPATH\index.php(59): CodeIgniter\Boot::bootWeb(Object(Config\Paths))
11 SYSTEMPATH\rewrite.php(44): require_once('C:\\xampp\\htdocs\\LangkahPeduliNew\\public\\index.php')
CRITICAL - 2025-11-30 07:51:23 --> [Caused by] mysqli_sql_exception: Unknown table 'newlangkah.m'
in SYSTEMPATH\Database\MySQLi\Connection.php on line 327.
 1 SYSTEMPATH\Database\MySQLi\Connection.php(327): mysqli->query('SELECT `m`.*, `km`.`nama_kategori`, `u`.`username` as `pengajar`
FROM `materi`
JOIN `kategori_mapel` `km` ON `km`.`id` = `m`.`id_kategori`
JOIN `users` `u` ON `u`.`id` = `m`.`id_user`
WHERE `m`.`id_user` IS NULL
ORDER BY `m`.`id` DESC', 0)
 2 SYSTEMPATH\Database\BaseConnection.php(729): CodeIgniter\Database\MySQLi\Connection->execute('SELECT `m`.*, `km`.`nama_kategori`, `u`.`username` as `pengajar`
FROM `materi`
JOIN `kategori_mapel` `km` ON `km`.`id` = `m`.`id_kategori`
JOIN `users` `u` ON `u`.`id` = `m`.`id_user`
WHERE `m`.`id_user` IS NULL
ORDER BY `m`.`id` DESC')
 3 SYSTEMPATH\Database\BaseConnection.php(646): CodeIgniter\Database\BaseConnection->simpleQuery('SELECT `m`.*, `km`.`nama_kategori`, `u`.`username` as `pengajar`
FROM `materi`
JOIN `kategori_mapel` `km` ON `km`.`id` = `m`.`id_kategori`
JOIN `users` `u` ON `u`.`id` = `m`.`id_user`
WHERE `m`.`id_user` IS NULL
ORDER BY `m`.`id` DESC')
 4 SYSTEMPATH\Database\BaseBuilder.php(1649): CodeIgniter\Database\BaseConnection->query('SELECT `m`.*, `km`.`nama_kategori`, `u`.`username` as `pengajar`
FROM `materi`
JOIN `kategori_mapel` `km` ON `km`.`id` = `m`.`id_kategori`
JOIN `users` `u` ON `u`.`id` = `m`.`id_user`
WHERE `m`.`id_user` IS NULL
ORDER BY `m`.`id` DESC', [], false)
 5 APPPATH\Controllers\Materi.php(34): CodeIgniter\Database\BaseBuilder->get()
 6 SYSTEMPATH\CodeIgniter.php(933): App\Controllers\Materi->index()
 7 SYSTEMPATH\CodeIgniter.php(507): CodeIgniter\CodeIgniter->runController(Object(App\Controllers\Materi))
 8 SYSTEMPATH\CodeIgniter.php(354): CodeIgniter\CodeIgniter->handleRequest(null, Object(Config\Cache), false)
 9 SYSTEMPATH\Boot.php(363): CodeIgniter\CodeIgniter->run()
10 SYSTEMPATH\Boot.php(68): CodeIgniter\Boot::runCodeIgniter(Object(CodeIgniter\CodeIgniter))
11 FCPATH\index.php(59): CodeIgniter\Boot::bootWeb(Object(Config\Paths))
12 SYSTEMPATH\rewrite.php(44): require_once('C:\\xampp\\htdocs\\LangkahPeduliNew\\public\\index.php')
DEBUG - 2025-11-30 07:51:24 --> Session: Class initialized using 'CodeIgniter\Session\Handlers\FileHandler' driver.
DEBUG - 2025-11-30 07:51:26 --> Session: Class initialized using 'CodeIgniter\Session\Handlers\FileHandler' driver.
ERROR - 2025-11-30 07:51:26 --> mysqli_sql_exception: Unknown table 'newlangkah.m' in C:\xampp\htdocs\LangkahPeduliNew\system\Database\MySQLi\Connection.php:327
Stack trace:
#0 C:\xampp\htdocs\LangkahPeduliNew\system\Database\MySQLi\Connection.php(327): mysqli->query('SELECT `m`.*, `...', 0)
#1 C:\xampp\htdocs\LangkahPeduliNew\system\Database\BaseConnection.php(729): CodeIgniter\Database\MySQLi\Connection->execute('SELECT `m`.*, `...')
#2 C:\xampp\htdocs\LangkahPeduliNew\system\Database\BaseConnection.php(646): CodeIgniter\Database\BaseConnection->simpleQuery('SELECT `m`.*, `...')
#3 C:\xampp\htdocs\LangkahPeduliNew\system\Database\BaseBuilder.php(1649): CodeIgniter\Database\BaseConnection->query('SELECT `m`.*, `...', Array, false)
#4 C:\xampp\htdocs\LangkahPeduliNew\app\Controllers\Materi.php(34): CodeIgniter\Database\BaseBuilder->get()
#5 C:\xampp\htdocs\LangkahPeduliNew\system\CodeIgniter.php(933): App\Controllers\Materi->index()
#6 C:\xampp\htdocs\LangkahPeduliNew\system\CodeIgniter.php(507): CodeIgniter\CodeIgniter->runController(Object(App\Controllers\Materi))
#7 C:\xampp\htdocs\LangkahPeduliNew\system\CodeIgniter.php(354): CodeIgniter\CodeIgniter->handleRequest(NULL, Object(Config\Cache), false)
#8 C:\xampp\htdocs\LangkahPeduliNew\system\Boot.php(363): CodeIgniter\CodeIgniter->run()
#9 C:\xampp\htdocs\LangkahPeduliNew\system\Boot.php(68): CodeIgniter\Boot::runCodeIgniter(Object(CodeIgniter\CodeIgniter))
#10 C:\xampp\htdocs\LangkahPeduliNew\public\index.php(59): CodeIgniter\Boot::bootWeb(Object(Config\Paths))
#11 C:\xampp\htdocs\LangkahPeduliNew\system\rewrite.php(44): require_once('C:\\xampp\\htdocs...')
#12 {main}
CRITICAL - 2025-11-30 07:51:26 --> CodeIgniter\Database\Exceptions\DatabaseException: Unknown table 'newlangkah.m'
[Method: GET, Route: dashboard/pengajar/materi]
in SYSTEMPATH\Database\BaseConnection.php on line 684.
 1 SYSTEMPATH\Database\BaseBuilder.php(1649): CodeIgniter\Database\BaseConnection->query('SELECT `m`.*, `km`.`nama_kategori`, `u`.`username` as `pengajar`
FROM `materi`
JOIN `kategori_mapel` `km` ON `km`.`id` = `m`.`id_kategori`
JOIN `users` `u` ON `u`.`id` = `m`.`id_user`
WHERE `m`.`id_user` IS NULL
ORDER BY `m`.`id` DESC', [], false)
 2 APPPATH\Controllers\Materi.php(34): CodeIgniter\Database\BaseBuilder->get()
 3 SYSTEMPATH\CodeIgniter.php(933): App\Controllers\Materi->index()
 4 SYSTEMPATH\CodeIgniter.php(507): CodeIgniter\CodeIgniter->runController(Object(App\Controllers\Materi))
 5 SYSTEMPATH\CodeIgniter.php(354): CodeIgniter\CodeIgniter->handleRequest(null, Object(Config\Cache), false)
 6 SYSTEMPATH\Boot.php(363): CodeIgniter\CodeIgniter->run()
 7 SYSTEMPATH\Boot.php(68): CodeIgniter\Boot::runCodeIgniter(Object(CodeIgniter\CodeIgniter))
 8 FCPATH\index.php(59): CodeIgniter\Boot::bootWeb(Object(Config\Paths))
 9 SYSTEMPATH\rewrite.php(44): require_once('C:\\xampp\\htdocs\\LangkahPeduliNew\\public\\index.php')
CRITICAL - 2025-11-30 07:51:26 --> [Caused by] CodeIgniter\Database\Exceptions\DatabaseException: Unknown table 'newlangkah.m'
in SYSTEMPATH\Database\MySQLi\Connection.php on line 332.
 1 SYSTEMPATH\Database\BaseConnection.php(729): CodeIgniter\Database\MySQLi\Connection->execute('SELECT `m`.*, `km`.`nama_kategori`, `u`.`username` as `pengajar`
FROM `materi`
JOIN `kategori_mapel` `km` ON `km`.`id` = `m`.`id_kategori`
JOIN `users` `u` ON `u`.`id` = `m`.`id_user`
WHERE `m`.`id_user` IS NULL
ORDER BY `m`.`id` DESC')
 2 SYSTEMPATH\Database\BaseConnection.php(646): CodeIgniter\Database\BaseConnection->simpleQuery('SELECT `m`.*, `km`.`nama_kategori`, `u`.`username` as `pengajar`
FROM `materi`
JOIN `kategori_mapel` `km` ON `km`.`id` = `m`.`id_kategori`
JOIN `users` `u` ON `u`.`id` = `m`.`id_user`
WHERE `m`.`id_user` IS NULL
ORDER BY `m`.`id` DESC')
 3 SYSTEMPATH\Database\BaseBuilder.php(1649): CodeIgniter\Database\BaseConnection->query('SELECT `m`.*, `km`.`nama_kategori`, `u`.`username` as `pengajar`
FROM `materi`
JOIN `kategori_mapel` `km` ON `km`.`id` = `m`.`id_kategori`
JOIN `users` `u` ON `u`.`id` = `m`.`id_user`
WHERE `m`.`id_user` IS NULL
ORDER BY `m`.`id` DESC', [], false)
 4 APPPATH\Controllers\Materi.php(34): CodeIgniter\Database\BaseBuilder->get()
 5 SYSTEMPATH\CodeIgniter.php(933): App\Controllers\Materi->index()
 6 SYSTEMPATH\CodeIgniter.php(507): CodeIgniter\CodeIgniter->runController(Object(App\Controllers\Materi))
 7 SYSTEMPATH\CodeIgniter.php(354): CodeIgniter\CodeIgniter->handleRequest(null, Object(Config\Cache), false)
 8 SYSTEMPATH\Boot.php(363): CodeIgniter\CodeIgniter->run()
 9 SYSTEMPATH\Boot.php(68): CodeIgniter\Boot::runCodeIgniter(Object(CodeIgniter\CodeIgniter))
10 FCPATH\index.php(59): CodeIgniter\Boot::bootWeb(Object(Config\Paths))
11 SYSTEMPATH\rewrite.php(44): require_once('C:\\xampp\\htdocs\\LangkahPeduliNew\\public\\index.php')
CRITICAL - 2025-11-30 07:51:26 --> [Caused by] mysqli_sql_exception: Unknown table 'newlangkah.m'
in SYSTEMPATH\Database\MySQLi\Connection.php on line 327.
 1 SYSTEMPATH\Database\MySQLi\Connection.php(327): mysqli->query('SELECT `m`.*, `km`.`nama_kategori`, `u`.`username` as `pengajar`
FROM `materi`
JOIN `kategori_mapel` `km` ON `km`.`id` = `m`.`id_kategori`
JOIN `users` `u` ON `u`.`id` = `m`.`id_user`
WHERE `m`.`id_user` IS NULL
ORDER BY `m`.`id` DESC', 0)
 2 SYSTEMPATH\Database\BaseConnection.php(729): CodeIgniter\Database\MySQLi\Connection->execute('SELECT `m`.*, `km`.`nama_kategori`, `u`.`username` as `pengajar`
FROM `materi`
JOIN `kategori_mapel` `km` ON `km`.`id` = `m`.`id_kategori`
JOIN `users` `u` ON `u`.`id` = `m`.`id_user`
WHERE `m`.`id_user` IS NULL
ORDER BY `m`.`id` DESC')
 3 SYSTEMPATH\Database\BaseConnection.php(646): CodeIgniter\Database\BaseConnection->simpleQuery('SELECT `m`.*, `km`.`nama_kategori`, `u`.`username` as `pengajar`
FROM `materi`
JOIN `kategori_mapel` `km` ON `km`.`id` = `m`.`id_kategori`
JOIN `users` `u` ON `u`.`id` = `m`.`id_user`
WHERE `m`.`id_user` IS NULL
ORDER BY `m`.`id` DESC')
 4 SYSTEMPATH\Database\BaseBuilder.php(1649): CodeIgniter\Database\BaseConnection->query('SELECT `m`.*, `km`.`nama_kategori`, `u`.`username` as `pengajar`
FROM `materi`
JOIN `kategori_mapel` `km` ON `km`.`id` = `m`.`id_kategori`
JOIN `users` `u` ON `u`.`id` = `m`.`id_user`
WHERE `m`.`id_user` IS NULL
ORDER BY `m`.`id` DESC', [], false)
 5 APPPATH\Controllers\Materi.php(34): CodeIgniter\Database\BaseBuilder->get()
 6 SYSTEMPATH\CodeIgniter.php(933): App\Controllers\Materi->index()
 7 SYSTEMPATH\CodeIgniter.php(507): CodeIgniter\CodeIgniter->runController(Object(App\Controllers\Materi))
 8 SYSTEMPATH\CodeIgniter.php(354): CodeIgniter\CodeIgniter->handleRequest(null, Object(Config\Cache), false)
 9 SYSTEMPATH\Boot.php(363): CodeIgniter\CodeIgniter->run()
10 SYSTEMPATH\Boot.php(68): CodeIgniter\Boot::runCodeIgniter(Object(CodeIgniter\CodeIgniter))
11 FCPATH\index.php(59): CodeIgniter\Boot::bootWeb(Object(Config\Paths))
12 SYSTEMPATH\rewrite.php(44): require_once('C:\\xampp\\htdocs\\LangkahPeduliNew\\public\\index.php')
DEBUG - 2025-11-30 07:51:27 --> Session: Class initialized using 'CodeIgniter\Session\Handlers\FileHandler' driver.
ERROR - 2025-11-30 07:51:27 --> mysqli_sql_exception: Unknown table 'newlangkah.m' in C:\xampp\htdocs\LangkahPeduliNew\system\Database\MySQLi\Connection.php:327
Stack trace:
#0 C:\xampp\htdocs\LangkahPeduliNew\system\Database\MySQLi\Connection.php(327): mysqli->query('SELECT `m`.*, `...', 0)
#1 C:\xampp\htdocs\LangkahPeduliNew\system\Database\BaseConnection.php(729): CodeIgniter\Database\MySQLi\Connection->execute('SELECT `m`.*, `...')
#2 C:\xampp\htdocs\LangkahPeduliNew\system\Database\BaseConnection.php(646): CodeIgniter\Database\BaseConnection->simpleQuery('SELECT `m`.*, `...')
#3 C:\xampp\htdocs\LangkahPeduliNew\system\Database\BaseBuilder.php(1649): CodeIgniter\Database\BaseConnection->query('SELECT `m`.*, `...', Array, false)
#4 C:\xampp\htdocs\LangkahPeduliNew\app\Controllers\Materi.php(34): CodeIgniter\Database\BaseBuilder->get()
#5 C:\xampp\htdocs\LangkahPeduliNew\system\CodeIgniter.php(933): App\Controllers\Materi->index()
#6 C:\xampp\htdocs\LangkahPeduliNew\system\CodeIgniter.php(507): CodeIgniter\CodeIgniter->runController(Object(App\Controllers\Materi))
#7 C:\xampp\htdocs\LangkahPeduliNew\system\CodeIgniter.php(354): CodeIgniter\CodeIgniter->handleRequest(NULL, Object(Config\Cache), false)
#8 C:\xampp\htdocs\LangkahPeduliNew\system\Boot.php(363): CodeIgniter\CodeIgniter->run()
#9 C:\xampp\htdocs\LangkahPeduliNew\system\Boot.php(68): CodeIgniter\Boot::runCodeIgniter(Object(CodeIgniter\CodeIgniter))
#10 C:\xampp\htdocs\LangkahPeduliNew\public\index.php(59): CodeIgniter\Boot::bootWeb(Object(Config\Paths))
#11 C:\xampp\htdocs\LangkahPeduliNew\system\rewrite.php(44): require_once('C:\\xampp\\htdocs...')
#12 {main}
CRITICAL - 2025-11-30 07:51:27 --> CodeIgniter\Database\Exceptions\DatabaseException: Unknown table 'newlangkah.m'
[Method: GET, Route: dashboard/pengajar/materi]
in SYSTEMPATH\Database\BaseConnection.php on line 684.
 1 SYSTEMPATH\Database\BaseBuilder.php(1649): CodeIgniter\Database\BaseConnection->query('SELECT `m`.*, `km`.`nama_kategori`, `u`.`username` as `pengajar`
FROM `materi`
JOIN `kategori_mapel` `km` ON `km`.`id` = `m`.`id_kategori`
JOIN `users` `u` ON `u`.`id` = `m`.`id_user`
WHERE `m`.`id_user` IS NULL
ORDER BY `m`.`id` DESC', [], false)
 2 APPPATH\Controllers\Materi.php(34): CodeIgniter\Database\BaseBuilder->get()
 3 SYSTEMPATH\CodeIgniter.php(933): App\Controllers\Materi->index()
 4 SYSTEMPATH\CodeIgniter.php(507): CodeIgniter\CodeIgniter->runController(Object(App\Controllers\Materi))
 5 SYSTEMPATH\CodeIgniter.php(354): CodeIgniter\CodeIgniter->handleRequest(null, Object(Config\Cache), false)
 6 SYSTEMPATH\Boot.php(363): CodeIgniter\CodeIgniter->run()
 7 SYSTEMPATH\Boot.php(68): CodeIgniter\Boot::runCodeIgniter(Object(CodeIgniter\CodeIgniter))
 8 FCPATH\index.php(59): CodeIgniter\Boot::bootWeb(Object(Config\Paths))
 9 SYSTEMPATH\rewrite.php(44): require_once('C:\\xampp\\htdocs\\LangkahPeduliNew\\public\\index.php')
CRITICAL - 2025-11-30 07:51:27 --> [Caused by] CodeIgniter\Database\Exceptions\DatabaseException: Unknown table 'newlangkah.m'
in SYSTEMPATH\Database\MySQLi\Connection.php on line 332.
 1 SYSTEMPATH\Database\BaseConnection.php(729): CodeIgniter\Database\MySQLi\Connection->execute('SELECT `m`.*, `km`.`nama_kategori`, `u`.`username` as `pengajar`
FROM `materi`
JOIN `kategori_mapel` `km` ON `km`.`id` = `m`.`id_kategori`
JOIN `users` `u` ON `u`.`id` = `m`.`id_user`
WHERE `m`.`id_user` IS NULL
ORDER BY `m`.`id` DESC')
 2 SYSTEMPATH\Database\BaseConnection.php(646): CodeIgniter\Database\BaseConnection->simpleQuery('SELECT `m`.*, `km`.`nama_kategori`, `u`.`username` as `pengajar`
FROM `materi`
JOIN `kategori_mapel` `km` ON `km`.`id` = `m`.`id_kategori`
JOIN `users` `u` ON `u`.`id` = `m`.`id_user`
WHERE `m`.`id_user` IS NULL
ORDER BY `m`.`id` DESC')
 3 SYSTEMPATH\Database\BaseBuilder.php(1649): CodeIgniter\Database\BaseConnection->query('SELECT `m`.*, `km`.`nama_kategori`, `u`.`username` as `pengajar`
FROM `materi`
JOIN `kategori_mapel` `km` ON `km`.`id` = `m`.`id_kategori`
JOIN `users` `u` ON `u`.`id` = `m`.`id_user`
WHERE `m`.`id_user` IS NULL
ORDER BY `m`.`id` DESC', [], false)
 4 APPPATH\Controllers\Materi.php(34): CodeIgniter\Database\BaseBuilder->get()
 5 SYSTEMPATH\CodeIgniter.php(933): App\Controllers\Materi->index()
 6 SYSTEMPATH\CodeIgniter.php(507): CodeIgniter\CodeIgniter->runController(Object(App\Controllers\Materi))
 7 SYSTEMPATH\CodeIgniter.php(354): CodeIgniter\CodeIgniter->handleRequest(null, Object(Config\Cache), false)
 8 SYSTEMPATH\Boot.php(363): CodeIgniter\CodeIgniter->run()
 9 SYSTEMPATH\Boot.php(68): CodeIgniter\Boot::runCodeIgniter(Object(CodeIgniter\CodeIgniter))
10 FCPATH\index.php(59): CodeIgniter\Boot::bootWeb(Object(Config\Paths))
11 SYSTEMPATH\rewrite.php(44): require_once('C:\\xampp\\htdocs\\LangkahPeduliNew\\public\\index.php')
CRITICAL - 2025-11-30 07:51:27 --> [Caused by] mysqli_sql_exception: Unknown table 'newlangkah.m'
in SYSTEMPATH\Database\MySQLi\Connection.php on line 327.
 1 SYSTEMPATH\Database\MySQLi\Connection.php(327): mysqli->query('SELECT `m`.*, `km`.`nama_kategori`, `u`.`username` as `pengajar`
FROM `materi`
JOIN `kategori_mapel` `km` ON `km`.`id` = `m`.`id_kategori`
JOIN `users` `u` ON `u`.`id` = `m`.`id_user`
WHERE `m`.`id_user` IS NULL
ORDER BY `m`.`id` DESC', 0)
 2 SYSTEMPATH\Database\BaseConnection.php(729): CodeIgniter\Database\MySQLi\Connection->execute('SELECT `m`.*, `km`.`nama_kategori`, `u`.`username` as `pengajar`
FROM `materi`
JOIN `kategori_mapel` `km` ON `km`.`id` = `m`.`id_kategori`
JOIN `users` `u` ON `u`.`id` = `m`.`id_user`
WHERE `m`.`id_user` IS NULL
ORDER BY `m`.`id` DESC')
 3 SYSTEMPATH\Database\BaseConnection.php(646): CodeIgniter\Database\BaseConnection->simpleQuery('SELECT `m`.*, `km`.`nama_kategori`, `u`.`username` as `pengajar`
FROM `materi`
JOIN `kategori_mapel` `km` ON `km`.`id` = `m`.`id_kategori`
JOIN `users` `u` ON `u`.`id` = `m`.`id_user`
WHERE `m`.`id_user` IS NULL
ORDER BY `m`.`id` DESC')
 4 SYSTEMPATH\Database\BaseBuilder.php(1649): CodeIgniter\Database\BaseConnection->query('SELECT `m`.*, `km`.`nama_kategori`, `u`.`username` as `pengajar`
FROM `materi`
JOIN `kategori_mapel` `km` ON `km`.`id` = `m`.`id_kategori`
JOIN `users` `u` ON `u`.`id` = `m`.`id_user`
WHERE `m`.`id_user` IS NULL
ORDER BY `m`.`id` DESC', [], false)
 5 APPPATH\Controllers\Materi.php(34): CodeIgniter\Database\BaseBuilder->get()
 6 SYSTEMPATH\CodeIgniter.php(933): App\Controllers\Materi->index()
 7 SYSTEMPATH\CodeIgniter.php(507): CodeIgniter\CodeIgniter->runController(Object(App\Controllers\Materi))
 8 SYSTEMPATH\CodeIgniter.php(354): CodeIgniter\CodeIgniter->handleRequest(null, Object(Config\Cache), false)
 9 SYSTEMPATH\Boot.php(363): CodeIgniter\CodeIgniter->run()
10 SYSTEMPATH\Boot.php(68): CodeIgniter\Boot::runCodeIgniter(Object(CodeIgniter\CodeIgniter))
11 FCPATH\index.php(59): CodeIgniter\Boot::bootWeb(Object(Config\Paths))
12 SYSTEMPATH\rewrite.php(44): require_once('C:\\xampp\\htdocs\\LangkahPeduliNew\\public\\index.php')
DEBUG - 2025-11-30 07:51:28 --> Session: Class initialized using 'CodeIgniter\Session\Handlers\FileHandler' driver.
DEBUG - 2025-11-30 07:51:28 --> Session: Class initialized using 'CodeIgniter\Session\Handlers\FileHandler' driver.
ERROR - 2025-11-30 07:51:28 --> mysqli_sql_exception: Unknown table 'newlangkah.m' in C:\xampp\htdocs\LangkahPeduliNew\system\Database\MySQLi\Connection.php:327
Stack trace:
#0 C:\xampp\htdocs\LangkahPeduliNew\system\Database\MySQLi\Connection.php(327): mysqli->query('SELECT `m`.*, `...', 0)
#1 C:\xampp\htdocs\LangkahPeduliNew\system\Database\BaseConnection.php(729): CodeIgniter\Database\MySQLi\Connection->execute('SELECT `m`.*, `...')
#2 C:\xampp\htdocs\LangkahPeduliNew\system\Database\BaseConnection.php(646): CodeIgniter\Database\BaseConnection->simpleQuery('SELECT `m`.*, `...')
#3 C:\xampp\htdocs\LangkahPeduliNew\system\Database\BaseBuilder.php(1649): CodeIgniter\Database\BaseConnection->query('SELECT `m`.*, `...', Array, false)
#4 C:\xampp\htdocs\LangkahPeduliNew\app\Controllers\Materi.php(34): CodeIgniter\Database\BaseBuilder->get()
#5 C:\xampp\htdocs\LangkahPeduliNew\system\CodeIgniter.php(933): App\Controllers\Materi->index()
#6 C:\xampp\htdocs\LangkahPeduliNew\system\CodeIgniter.php(507): CodeIgniter\CodeIgniter->runController(Object(App\Controllers\Materi))
#7 C:\xampp\htdocs\LangkahPeduliNew\system\CodeIgniter.php(354): CodeIgniter\CodeIgniter->handleRequest(NULL, Object(Config\Cache), false)
#8 C:\xampp\htdocs\LangkahPeduliNew\system\Boot.php(363): CodeIgniter\CodeIgniter->run()
#9 C:\xampp\htdocs\LangkahPeduliNew\system\Boot.php(68): CodeIgniter\Boot::runCodeIgniter(Object(CodeIgniter\CodeIgniter))
#10 C:\xampp\htdocs\LangkahPeduliNew\public\index.php(59): CodeIgniter\Boot::bootWeb(Object(Config\Paths))
#11 C:\xampp\htdocs\LangkahPeduliNew\system\rewrite.php(44): require_once('C:\\xampp\\htdocs...')
#12 {main}
CRITICAL - 2025-11-30 07:51:28 --> CodeIgniter\Database\Exceptions\DatabaseException: Unknown table 'newlangkah.m'
[Method: GET, Route: dashboard/pengajar/materi]
in SYSTEMPATH\Database\BaseConnection.php on line 684.
 1 SYSTEMPATH\Database\BaseBuilder.php(1649): CodeIgniter\Database\BaseConnection->query('SELECT `m`.*, `km`.`nama_kategori`, `u`.`username` as `pengajar`
FROM `materi`
JOIN `kategori_mapel` `km` ON `km`.`id` = `m`.`id_kategori`
JOIN `users` `u` ON `u`.`id` = `m`.`id_user`
WHERE `m`.`id_user` IS NULL
ORDER BY `m`.`id` DESC', [], false)
 2 APPPATH\Controllers\Materi.php(34): CodeIgniter\Database\BaseBuilder->get()
 3 SYSTEMPATH\CodeIgniter.php(933): App\Controllers\Materi->index()
 4 SYSTEMPATH\CodeIgniter.php(507): CodeIgniter\CodeIgniter->runController(Object(App\Controllers\Materi))
 5 SYSTEMPATH\CodeIgniter.php(354): CodeIgniter\CodeIgniter->handleRequest(null, Object(Config\Cache), false)
 6 SYSTEMPATH\Boot.php(363): CodeIgniter\CodeIgniter->run()
 7 SYSTEMPATH\Boot.php(68): CodeIgniter\Boot::runCodeIgniter(Object(CodeIgniter\CodeIgniter))
 8 FCPATH\index.php(59): CodeIgniter\Boot::bootWeb(Object(Config\Paths))
 9 SYSTEMPATH\rewrite.php(44): require_once('C:\\xampp\\htdocs\\LangkahPeduliNew\\public\\index.php')
CRITICAL - 2025-11-30 07:51:28 --> [Caused by] CodeIgniter\Database\Exceptions\DatabaseException: Unknown table 'newlangkah.m'
in SYSTEMPATH\Database\MySQLi\Connection.php on line 332.
 1 SYSTEMPATH\Database\BaseConnection.php(729): CodeIgniter\Database\MySQLi\Connection->execute('SELECT `m`.*, `km`.`nama_kategori`, `u`.`username` as `pengajar`
FROM `materi`
JOIN `kategori_mapel` `km` ON `km`.`id` = `m`.`id_kategori`
JOIN `users` `u` ON `u`.`id` = `m`.`id_user`
WHERE `m`.`id_user` IS NULL
ORDER BY `m`.`id` DESC')
 2 SYSTEMPATH\Database\BaseConnection.php(646): CodeIgniter\Database\BaseConnection->simpleQuery('SELECT `m`.*, `km`.`nama_kategori`, `u`.`username` as `pengajar`
FROM `materi`
JOIN `kategori_mapel` `km` ON `km`.`id` = `m`.`id_kategori`
JOIN `users` `u` ON `u`.`id` = `m`.`id_user`
WHERE `m`.`id_user` IS NULL
ORDER BY `m`.`id` DESC')
 3 SYSTEMPATH\Database\BaseBuilder.php(1649): CodeIgniter\Database\BaseConnection->query('SELECT `m`.*, `km`.`nama_kategori`, `u`.`username` as `pengajar`
FROM `materi`
JOIN `kategori_mapel` `km` ON `km`.`id` = `m`.`id_kategori`
JOIN `users` `u` ON `u`.`id` = `m`.`id_user`
WHERE `m`.`id_user` IS NULL
ORDER BY `m`.`id` DESC', [], false)
 4 APPPATH\Controllers\Materi.php(34): CodeIgniter\Database\BaseBuilder->get()
 5 SYSTEMPATH\CodeIgniter.php(933): App\Controllers\Materi->index()
 6 SYSTEMPATH\CodeIgniter.php(507): CodeIgniter\CodeIgniter->runController(Object(App\Controllers\Materi))
 7 SYSTEMPATH\CodeIgniter.php(354): CodeIgniter\CodeIgniter->handleRequest(null, Object(Config\Cache), false)
 8 SYSTEMPATH\Boot.php(363): CodeIgniter\CodeIgniter->run()
 9 SYSTEMPATH\Boot.php(68): CodeIgniter\Boot::runCodeIgniter(Object(CodeIgniter\CodeIgniter))
10 FCPATH\index.php(59): CodeIgniter\Boot::bootWeb(Object(Config\Paths))
11 SYSTEMPATH\rewrite.php(44): require_once('C:\\xampp\\htdocs\\LangkahPeduliNew\\public\\index.php')
CRITICAL - 2025-11-30 07:51:28 --> [Caused by] mysqli_sql_exception: Unknown table 'newlangkah.m'
in SYSTEMPATH\Database\MySQLi\Connection.php on line 327.
 1 SYSTEMPATH\Database\MySQLi\Connection.php(327): mysqli->query('SELECT `m`.*, `km`.`nama_kategori`, `u`.`username` as `pengajar`
FROM `materi`
JOIN `kategori_mapel` `km` ON `km`.`id` = `m`.`id_kategori`
JOIN `users` `u` ON `u`.`id` = `m`.`id_user`
WHERE `m`.`id_user` IS NULL
ORDER BY `m`.`id` DESC', 0)
 2 SYSTEMPATH\Database\BaseConnection.php(729): CodeIgniter\Database\MySQLi\Connection->execute('SELECT `m`.*, `km`.`nama_kategori`, `u`.`username` as `pengajar`
FROM `materi`
JOIN `kategori_mapel` `km` ON `km`.`id` = `m`.`id_kategori`
JOIN `users` `u` ON `u`.`id` = `m`.`id_user`
WHERE `m`.`id_user` IS NULL
ORDER BY `m`.`id` DESC')
 3 SYSTEMPATH\Database\BaseConnection.php(646): CodeIgniter\Database\BaseConnection->simpleQuery('SELECT `m`.*, `km`.`nama_kategori`, `u`.`username` as `pengajar`
FROM `materi`
JOIN `kategori_mapel` `km` ON `km`.`id` = `m`.`id_kategori`
JOIN `users` `u` ON `u`.`id` = `m`.`id_user`
WHERE `m`.`id_user` IS NULL
ORDER BY `m`.`id` DESC')
 4 SYSTEMPATH\Database\BaseBuilder.php(1649): CodeIgniter\Database\BaseConnection->query('SELECT `m`.*, `km`.`nama_kategori`, `u`.`username` as `pengajar`
FROM `materi`
JOIN `kategori_mapel` `km` ON `km`.`id` = `m`.`id_kategori`
JOIN `users` `u` ON `u`.`id` = `m`.`id_user`
WHERE `m`.`id_user` IS NULL
ORDER BY `m`.`id` DESC', [], false)
 5 APPPATH\Controllers\Materi.php(34): CodeIgniter\Database\BaseBuilder->get()
 6 SYSTEMPATH\CodeIgniter.php(933): App\Controllers\Materi->index()
 7 SYSTEMPATH\CodeIgniter.php(507): CodeIgniter\CodeIgniter->runController(Object(App\Controllers\Materi))
 8 SYSTEMPATH\CodeIgniter.php(354): CodeIgniter\CodeIgniter->handleRequest(null, Object(Config\Cache), false)
 9 SYSTEMPATH\Boot.php(363): CodeIgniter\CodeIgniter->run()
10 SYSTEMPATH\Boot.php(68): CodeIgniter\Boot::runCodeIgniter(Object(CodeIgniter\CodeIgniter))
11 FCPATH\index.php(59): CodeIgniter\Boot::bootWeb(Object(Config\Paths))
12 SYSTEMPATH\rewrite.php(44): require_once('C:\\xampp\\htdocs\\LangkahPeduliNew\\public\\index.php')
DEBUG - 2025-11-30 07:51:29 --> Session: Class initialized using 'CodeIgniter\Session\Handlers\FileHandler' driver.
ERROR - 2025-11-30 07:51:29 --> mysqli_sql_exception: Unknown table 'newlangkah.m' in C:\xampp\htdocs\LangkahPeduliNew\system\Database\MySQLi\Connection.php:327
Stack trace:
#0 C:\xampp\htdocs\LangkahPeduliNew\system\Database\MySQLi\Connection.php(327): mysqli->query('SELECT `m`.*, `...', 0)
#1 C:\xampp\htdocs\LangkahPeduliNew\system\Database\BaseConnection.php(729): CodeIgniter\Database\MySQLi\Connection->execute('SELECT `m`.*, `...')
#2 C:\xampp\htdocs\LangkahPeduliNew\system\Database\BaseConnection.php(646): CodeIgniter\Database\BaseConnection->simpleQuery('SELECT `m`.*, `...')
#3 C:\xampp\htdocs\LangkahPeduliNew\system\Database\BaseBuilder.php(1649): CodeIgniter\Database\BaseConnection->query('SELECT `m`.*, `...', Array, false)
#4 C:\xampp\htdocs\LangkahPeduliNew\app\Controllers\Materi.php(34): CodeIgniter\Database\BaseBuilder->get()
#5 C:\xampp\htdocs\LangkahPeduliNew\system\CodeIgniter.php(933): App\Controllers\Materi->index()
#6 C:\xampp\htdocs\LangkahPeduliNew\system\CodeIgniter.php(507): CodeIgniter\CodeIgniter->runController(Object(App\Controllers\Materi))
#7 C:\xampp\htdocs\LangkahPeduliNew\system\CodeIgniter.php(354): CodeIgniter\CodeIgniter->handleRequest(NULL, Object(Config\Cache), false)
#8 C:\xampp\htdocs\LangkahPeduliNew\system\Boot.php(363): CodeIgniter\CodeIgniter->run()
#9 C:\xampp\htdocs\LangkahPeduliNew\system\Boot.php(68): CodeIgniter\Boot::runCodeIgniter(Object(CodeIgniter\CodeIgniter))
#10 C:\xampp\htdocs\LangkahPeduliNew\public\index.php(59): CodeIgniter\Boot::bootWeb(Object(Config\Paths))
#11 C:\xampp\htdocs\LangkahPeduliNew\system\rewrite.php(44): require_once('C:\\xampp\\htdocs...')
#12 {main}
CRITICAL - 2025-11-30 07:51:29 --> CodeIgniter\Database\Exceptions\DatabaseException: Unknown table 'newlangkah.m'
[Method: GET, Route: dashboard/pengajar/materi]
in SYSTEMPATH\Database\BaseConnection.php on line 684.
 1 SYSTEMPATH\Database\BaseBuilder.php(1649): CodeIgniter\Database\BaseConnection->query('SELECT `m`.*, `km`.`nama_kategori`, `u`.`username` as `pengajar`
FROM `materi`
JOIN `kategori_mapel` `km` ON `km`.`id` = `m`.`id_kategori`
JOIN `users` `u` ON `u`.`id` = `m`.`id_user`
WHERE `m`.`id_user` IS NULL
ORDER BY `m`.`id` DESC', [], false)
 2 APPPATH\Controllers\Materi.php(34): CodeIgniter\Database\BaseBuilder->get()
 3 SYSTEMPATH\CodeIgniter.php(933): App\Controllers\Materi->index()
 4 SYSTEMPATH\CodeIgniter.php(507): CodeIgniter\CodeIgniter->runController(Object(App\Controllers\Materi))
 5 SYSTEMPATH\CodeIgniter.php(354): CodeIgniter\CodeIgniter->handleRequest(null, Object(Config\Cache), false)
 6 SYSTEMPATH\Boot.php(363): CodeIgniter\CodeIgniter->run()
 7 SYSTEMPATH\Boot.php(68): CodeIgniter\Boot::runCodeIgniter(Object(CodeIgniter\CodeIgniter))
 8 FCPATH\index.php(59): CodeIgniter\Boot::bootWeb(Object(Config\Paths))
 9 SYSTEMPATH\rewrite.php(44): require_once('C:\\xampp\\htdocs\\LangkahPeduliNew\\public\\index.php')
CRITICAL - 2025-11-30 07:51:29 --> [Caused by] CodeIgniter\Database\Exceptions\DatabaseException: Unknown table 'newlangkah.m'
in SYSTEMPATH\Database\MySQLi\Connection.php on line 332.
 1 SYSTEMPATH\Database\BaseConnection.php(729): CodeIgniter\Database\MySQLi\Connection->execute('SELECT `m`.*, `km`.`nama_kategori`, `u`.`username` as `pengajar`
FROM `materi`
JOIN `kategori_mapel` `km` ON `km`.`id` = `m`.`id_kategori`
JOIN `users` `u` ON `u`.`id` = `m`.`id_user`
WHERE `m`.`id_user` IS NULL
ORDER BY `m`.`id` DESC')
 2 SYSTEMPATH\Database\BaseConnection.php(646): CodeIgniter\Database\BaseConnection->simpleQuery('SELECT `m`.*, `km`.`nama_kategori`, `u`.`username` as `pengajar`
FROM `materi`
JOIN `kategori_mapel` `km` ON `km`.`id` = `m`.`id_kategori`
JOIN `users` `u` ON `u`.`id` = `m`.`id_user`
WHERE `m`.`id_user` IS NULL
ORDER BY `m`.`id` DESC')
 3 SYSTEMPATH\Database\BaseBuilder.php(1649): CodeIgniter\Database\BaseConnection->query('SELECT `m`.*, `km`.`nama_kategori`, `u`.`username` as `pengajar`
FROM `materi`
JOIN `kategori_mapel` `km` ON `km`.`id` = `m`.`id_kategori`
JOIN `users` `u` ON `u`.`id` = `m`.`id_user`
WHERE `m`.`id_user` IS NULL
ORDER BY `m`.`id` DESC', [], false)
 4 APPPATH\Controllers\Materi.php(34): CodeIgniter\Database\BaseBuilder->get()
 5 SYSTEMPATH\CodeIgniter.php(933): App\Controllers\Materi->index()
 6 SYSTEMPATH\CodeIgniter.php(507): CodeIgniter\CodeIgniter->runController(Object(App\Controllers\Materi))
 7 SYSTEMPATH\CodeIgniter.php(354): CodeIgniter\CodeIgniter->handleRequest(null, Object(Config\Cache), false)
 8 SYSTEMPATH\Boot.php(363): CodeIgniter\CodeIgniter->run()
 9 SYSTEMPATH\Boot.php(68): CodeIgniter\Boot::runCodeIgniter(Object(CodeIgniter\CodeIgniter))
10 FCPATH\index.php(59): CodeIgniter\Boot::bootWeb(Object(Config\Paths))
11 SYSTEMPATH\rewrite.php(44): require_once('C:\\xampp\\htdocs\\LangkahPeduliNew\\public\\index.php')
CRITICAL - 2025-11-30 07:51:29 --> [Caused by] mysqli_sql_exception: Unknown table 'newlangkah.m'
in SYSTEMPATH\Database\MySQLi\Connection.php on line 327.
 1 SYSTEMPATH\Database\MySQLi\Connection.php(327): mysqli->query('SELECT `m`.*, `km`.`nama_kategori`, `u`.`username` as `pengajar`
FROM `materi`
JOIN `kategori_mapel` `km` ON `km`.`id` = `m`.`id_kategori`
JOIN `users` `u` ON `u`.`id` = `m`.`id_user`
WHERE `m`.`id_user` IS NULL
ORDER BY `m`.`id` DESC', 0)
 2 SYSTEMPATH\Database\BaseConnection.php(729): CodeIgniter\Database\MySQLi\Connection->execute('SELECT `m`.*, `km`.`nama_kategori`, `u`.`username` as `pengajar`
FROM `materi`
JOIN `kategori_mapel` `km` ON `km`.`id` = `m`.`id_kategori`
JOIN `users` `u` ON `u`.`id` = `m`.`id_user`
WHERE `m`.`id_user` IS NULL
ORDER BY `m`.`id` DESC')
 3 SYSTEMPATH\Database\BaseConnection.php(646): CodeIgniter\Database\BaseConnection->simpleQuery('SELECT `m`.*, `km`.`nama_kategori`, `u`.`username` as `pengajar`
FROM `materi`
JOIN `kategori_mapel` `km` ON `km`.`id` = `m`.`id_kategori`
JOIN `users` `u` ON `u`.`id` = `m`.`id_user`
WHERE `m`.`id_user` IS NULL
ORDER BY `m`.`id` DESC')
 4 SYSTEMPATH\Database\BaseBuilder.php(1649): CodeIgniter\Database\BaseConnection->query('SELECT `m`.*, `km`.`nama_kategori`, `u`.`username` as `pengajar`
FROM `materi`
JOIN `kategori_mapel` `km` ON `km`.`id` = `m`.`id_kategori`
JOIN `users` `u` ON `u`.`id` = `m`.`id_user`
WHERE `m`.`id_user` IS NULL
ORDER BY `m`.`id` DESC', [], false)
 5 APPPATH\Controllers\Materi.php(34): CodeIgniter\Database\BaseBuilder->get()
 6 SYSTEMPATH\CodeIgniter.php(933): App\Controllers\Materi->index()
 7 SYSTEMPATH\CodeIgniter.php(507): CodeIgniter\CodeIgniter->runController(Object(App\Controllers\Materi))
 8 SYSTEMPATH\CodeIgniter.php(354): CodeIgniter\CodeIgniter->handleRequest(null, Object(Config\Cache), false)
 9 SYSTEMPATH\Boot.php(363): CodeIgniter\CodeIgniter->run()
10 SYSTEMPATH\Boot.php(68): CodeIgniter\Boot::runCodeIgniter(Object(CodeIgniter\CodeIgniter))
11 FCPATH\index.php(59): CodeIgniter\Boot::bootWeb(Object(Config\Paths))
12 SYSTEMPATH\rewrite.php(44): require_once('C:\\xampp\\htdocs\\LangkahPeduliNew\\public\\index.php')
DEBUG - 2025-11-30 07:51:29 --> Session: Class initialized using 'CodeIgniter\Session\Handlers\FileHandler' driver.
DEBUG - 2025-11-30 07:51:30 --> Session: Class initialized using 'CodeIgniter\Session\Handlers\FileHandler' driver.
ERROR - 2025-11-30 07:51:30 --> mysqli_sql_exception: Unknown table 'newlangkah.m' in C:\xampp\htdocs\LangkahPeduliNew\system\Database\MySQLi\Connection.php:327
Stack trace:
#0 C:\xampp\htdocs\LangkahPeduliNew\system\Database\MySQLi\Connection.php(327): mysqli->query('SELECT `m`.*, `...', 0)
#1 C:\xampp\htdocs\LangkahPeduliNew\system\Database\BaseConnection.php(729): CodeIgniter\Database\MySQLi\Connection->execute('SELECT `m`.*, `...')
#2 C:\xampp\htdocs\LangkahPeduliNew\system\Database\BaseConnection.php(646): CodeIgniter\Database\BaseConnection->simpleQuery('SELECT `m`.*, `...')
#3 C:\xampp\htdocs\LangkahPeduliNew\system\Database\BaseBuilder.php(1649): CodeIgniter\Database\BaseConnection->query('SELECT `m`.*, `...', Array, false)
#4 C:\xampp\htdocs\LangkahPeduliNew\app\Controllers\Materi.php(34): CodeIgniter\Database\BaseBuilder->get()
#5 C:\xampp\htdocs\LangkahPeduliNew\system\CodeIgniter.php(933): App\Controllers\Materi->index()
#6 C:\xampp\htdocs\LangkahPeduliNew\system\CodeIgniter.php(507): CodeIgniter\CodeIgniter->runController(Object(App\Controllers\Materi))
#7 C:\xampp\htdocs\LangkahPeduliNew\system\CodeIgniter.php(354): CodeIgniter\CodeIgniter->handleRequest(NULL, Object(Config\Cache), false)
#8 C:\xampp\htdocs\LangkahPeduliNew\system\Boot.php(363): CodeIgniter\CodeIgniter->run()
#9 C:\xampp\htdocs\LangkahPeduliNew\system\Boot.php(68): CodeIgniter\Boot::runCodeIgniter(Object(CodeIgniter\CodeIgniter))
#10 C:\xampp\htdocs\LangkahPeduliNew\public\index.php(59): CodeIgniter\Boot::bootWeb(Object(Config\Paths))
#11 C:\xampp\htdocs\LangkahPeduliNew\system\rewrite.php(44): require_once('C:\\xampp\\htdocs...')
#12 {main}
CRITICAL - 2025-11-30 07:51:30 --> CodeIgniter\Database\Exceptions\DatabaseException: Unknown table 'newlangkah.m'
[Method: GET, Route: dashboard/pengajar/materi]
in SYSTEMPATH\Database\BaseConnection.php on line 684.
 1 SYSTEMPATH\Database\BaseBuilder.php(1649): CodeIgniter\Database\BaseConnection->query('SELECT `m`.*, `km`.`nama_kategori`, `u`.`username` as `pengajar`
FROM `materi`
JOIN `kategori_mapel` `km` ON `km`.`id` = `m`.`id_kategori`
JOIN `users` `u` ON `u`.`id` = `m`.`id_user`
WHERE `m`.`id_user` IS NULL
ORDER BY `m`.`id` DESC', [], false)
 2 APPPATH\Controllers\Materi.php(34): CodeIgniter\Database\BaseBuilder->get()
 3 SYSTEMPATH\CodeIgniter.php(933): App\Controllers\Materi->index()
 4 SYSTEMPATH\CodeIgniter.php(507): CodeIgniter\CodeIgniter->runController(Object(App\Controllers\Materi))
 5 SYSTEMPATH\CodeIgniter.php(354): CodeIgniter\CodeIgniter->handleRequest(null, Object(Config\Cache), false)
 6 SYSTEMPATH\Boot.php(363): CodeIgniter\CodeIgniter->run()
 7 SYSTEMPATH\Boot.php(68): CodeIgniter\Boot::runCodeIgniter(Object(CodeIgniter\CodeIgniter))
 8 FCPATH\index.php(59): CodeIgniter\Boot::bootWeb(Object(Config\Paths))
 9 SYSTEMPATH\rewrite.php(44): require_once('C:\\xampp\\htdocs\\LangkahPeduliNew\\public\\index.php')
CRITICAL - 2025-11-30 07:51:30 --> [Caused by] CodeIgniter\Database\Exceptions\DatabaseException: Unknown table 'newlangkah.m'
in SYSTEMPATH\Database\MySQLi\Connection.php on line 332.
 1 SYSTEMPATH\Database\BaseConnection.php(729): CodeIgniter\Database\MySQLi\Connection->execute('SELECT `m`.*, `km`.`nama_kategori`, `u`.`username` as `pengajar`
FROM `materi`
JOIN `kategori_mapel` `km` ON `km`.`id` = `m`.`id_kategori`
JOIN `users` `u` ON `u`.`id` = `m`.`id_user`
WHERE `m`.`id_user` IS NULL
ORDER BY `m`.`id` DESC')
 2 SYSTEMPATH\Database\BaseConnection.php(646): CodeIgniter\Database\BaseConnection->simpleQuery('SELECT `m`.*, `km`.`nama_kategori`, `u`.`username` as `pengajar`
FROM `materi`
JOIN `kategori_mapel` `km` ON `km`.`id` = `m`.`id_kategori`
JOIN `users` `u` ON `u`.`id` = `m`.`id_user`
WHERE `m`.`id_user` IS NULL
ORDER BY `m`.`id` DESC')
 3 SYSTEMPATH\Database\BaseBuilder.php(1649): CodeIgniter\Database\BaseConnection->query('SELECT `m`.*, `km`.`nama_kategori`, `u`.`username` as `pengajar`
FROM `materi`
JOIN `kategori_mapel` `km` ON `km`.`id` = `m`.`id_kategori`
JOIN `users` `u` ON `u`.`id` = `m`.`id_user`
WHERE `m`.`id_user` IS NULL
ORDER BY `m`.`id` DESC', [], false)
 4 APPPATH\Controllers\Materi.php(34): CodeIgniter\Database\BaseBuilder->get()
 5 SYSTEMPATH\CodeIgniter.php(933): App\Controllers\Materi->index()
 6 SYSTEMPATH\CodeIgniter.php(507): CodeIgniter\CodeIgniter->runController(Object(App\Controllers\Materi))
 7 SYSTEMPATH\CodeIgniter.php(354): CodeIgniter\CodeIgniter->handleRequest(null, Object(Config\Cache), false)
 8 SYSTEMPATH\Boot.php(363): CodeIgniter\CodeIgniter->run()
 9 SYSTEMPATH\Boot.php(68): CodeIgniter\Boot::runCodeIgniter(Object(CodeIgniter\CodeIgniter))
10 FCPATH\index.php(59): CodeIgniter\Boot::bootWeb(Object(Config\Paths))
11 SYSTEMPATH\rewrite.php(44): require_once('C:\\xampp\\htdocs\\LangkahPeduliNew\\public\\index.php')
CRITICAL - 2025-11-30 07:51:30 --> [Caused by] mysqli_sql_exception: Unknown table 'newlangkah.m'
in SYSTEMPATH\Database\MySQLi\Connection.php on line 327.
 1 SYSTEMPATH\Database\MySQLi\Connection.php(327): mysqli->query('SELECT `m`.*, `km`.`nama_kategori`, `u`.`username` as `pengajar`
FROM `materi`
JOIN `kategori_mapel` `km` ON `km`.`id` = `m`.`id_kategori`
JOIN `users` `u` ON `u`.`id` = `m`.`id_user`
WHERE `m`.`id_user` IS NULL
ORDER BY `m`.`id` DESC', 0)
 2 SYSTEMPATH\Database\BaseConnection.php(729): CodeIgniter\Database\MySQLi\Connection->execute('SELECT `m`.*, `km`.`nama_kategori`, `u`.`username` as `pengajar`
FROM `materi`
JOIN `kategori_mapel` `km` ON `km`.`id` = `m`.`id_kategori`
JOIN `users` `u` ON `u`.`id` = `m`.`id_user`
WHERE `m`.`id_user` IS NULL
ORDER BY `m`.`id` DESC')
 3 SYSTEMPATH\Database\BaseConnection.php(646): CodeIgniter\Database\BaseConnection->simpleQuery('SELECT `m`.*, `km`.`nama_kategori`, `u`.`username` as `pengajar`
FROM `materi`
JOIN `kategori_mapel` `km` ON `km`.`id` = `m`.`id_kategori`
JOIN `users` `u` ON `u`.`id` = `m`.`id_user`
WHERE `m`.`id_user` IS NULL
ORDER BY `m`.`id` DESC')
 4 SYSTEMPATH\Database\BaseBuilder.php(1649): CodeIgniter\Database\BaseConnection->query('SELECT `m`.*, `km`.`nama_kategori`, `u`.`username` as `pengajar`
FROM `materi`
JOIN `kategori_mapel` `km` ON `km`.`id` = `m`.`id_kategori`
JOIN `users` `u` ON `u`.`id` = `m`.`id_user`
WHERE `m`.`id_user` IS NULL
ORDER BY `m`.`id` DESC', [], false)
 5 APPPATH\Controllers\Materi.php(34): CodeIgniter\Database\BaseBuilder->get()
 6 SYSTEMPATH\CodeIgniter.php(933): App\Controllers\Materi->index()
 7 SYSTEMPATH\CodeIgniter.php(507): CodeIgniter\CodeIgniter->runController(Object(App\Controllers\Materi))
 8 SYSTEMPATH\CodeIgniter.php(354): CodeIgniter\CodeIgniter->handleRequest(null, Object(Config\Cache), false)
 9 SYSTEMPATH\Boot.php(363): CodeIgniter\CodeIgniter->run()
10 SYSTEMPATH\Boot.php(68): CodeIgniter\Boot::runCodeIgniter(Object(CodeIgniter\CodeIgniter))
11 FCPATH\index.php(59): CodeIgniter\Boot::bootWeb(Object(Config\Paths))
12 SYSTEMPATH\rewrite.php(44): require_once('C:\\xampp\\htdocs\\LangkahPeduliNew\\public\\index.php')
DEBUG - 2025-11-30 07:51:30 --> Session: Class initialized using 'CodeIgniter\Session\Handlers\FileHandler' driver.
ERROR - 2025-11-30 07:51:30 --> mysqli_sql_exception: Unknown table 'newlangkah.m' in C:\xampp\htdocs\LangkahPeduliNew\system\Database\MySQLi\Connection.php:327
Stack trace:
#0 C:\xampp\htdocs\LangkahPeduliNew\system\Database\MySQLi\Connection.php(327): mysqli->query('SELECT `m`.*, `...', 0)
#1 C:\xampp\htdocs\LangkahPeduliNew\system\Database\BaseConnection.php(729): CodeIgniter\Database\MySQLi\Connection->execute('SELECT `m`.*, `...')
#2 C:\xampp\htdocs\LangkahPeduliNew\system\Database\BaseConnection.php(646): CodeIgniter\Database\BaseConnection->simpleQuery('SELECT `m`.*, `...')
#3 C:\xampp\htdocs\LangkahPeduliNew\system\Database\BaseBuilder.php(1649): CodeIgniter\Database\BaseConnection->query('SELECT `m`.*, `...', Array, false)
#4 C:\xampp\htdocs\LangkahPeduliNew\app\Controllers\Materi.php(34): CodeIgniter\Database\BaseBuilder->get()
#5 C:\xampp\htdocs\LangkahPeduliNew\system\CodeIgniter.php(933): App\Controllers\Materi->index()
#6 C:\xampp\htdocs\LangkahPeduliNew\system\CodeIgniter.php(507): CodeIgniter\CodeIgniter->runController(Object(App\Controllers\Materi))
#7 C:\xampp\htdocs\LangkahPeduliNew\system\CodeIgniter.php(354): CodeIgniter\CodeIgniter->handleRequest(NULL, Object(Config\Cache), false)
#8 C:\xampp\htdocs\LangkahPeduliNew\system\Boot.php(363): CodeIgniter\CodeIgniter->run()
#9 C:\xampp\htdocs\LangkahPeduliNew\system\Boot.php(68): CodeIgniter\Boot::runCodeIgniter(Object(CodeIgniter\CodeIgniter))
#10 C:\xampp\htdocs\LangkahPeduliNew\public\index.php(59): CodeIgniter\Boot::bootWeb(Object(Config\Paths))
#11 C:\xampp\htdocs\LangkahPeduliNew\system\rewrite.php(44): require_once('C:\\xampp\\htdocs...')
#12 {main}
CRITICAL - 2025-11-30 07:51:30 --> CodeIgniter\Database\Exceptions\DatabaseException: Unknown table 'newlangkah.m'
[Method: GET, Route: dashboard/pengajar/materi]
in SYSTEMPATH\Database\BaseConnection.php on line 684.
 1 SYSTEMPATH\Database\BaseBuilder.php(1649): CodeIgniter\Database\BaseConnection->query('SELECT `m`.*, `km`.`nama_kategori`, `u`.`username` as `pengajar`
FROM `materi`
JOIN `kategori_mapel` `km` ON `km`.`id` = `m`.`id_kategori`
JOIN `users` `u` ON `u`.`id` = `m`.`id_user`
WHERE `m`.`id_user` IS NULL
ORDER BY `m`.`id` DESC', [], false)
 2 APPPATH\Controllers\Materi.php(34): CodeIgniter\Database\BaseBuilder->get()
 3 SYSTEMPATH\CodeIgniter.php(933): App\Controllers\Materi->index()
 4 SYSTEMPATH\CodeIgniter.php(507): CodeIgniter\CodeIgniter->runController(Object(App\Controllers\Materi))
 5 SYSTEMPATH\CodeIgniter.php(354): CodeIgniter\CodeIgniter->handleRequest(null, Object(Config\Cache), false)
 6 SYSTEMPATH\Boot.php(363): CodeIgniter\CodeIgniter->run()
 7 SYSTEMPATH\Boot.php(68): CodeIgniter\Boot::runCodeIgniter(Object(CodeIgniter\CodeIgniter))
 8 FCPATH\index.php(59): CodeIgniter\Boot::bootWeb(Object(Config\Paths))
 9 SYSTEMPATH\rewrite.php(44): require_once('C:\\xampp\\htdocs\\LangkahPeduliNew\\public\\index.php')
CRITICAL - 2025-11-30 07:51:30 --> [Caused by] CodeIgniter\Database\Exceptions\DatabaseException: Unknown table 'newlangkah.m'
in SYSTEMPATH\Database\MySQLi\Connection.php on line 332.
 1 SYSTEMPATH\Database\BaseConnection.php(729): CodeIgniter\Database\MySQLi\Connection->execute('SELECT `m`.*, `km`.`nama_kategori`, `u`.`username` as `pengajar`
FROM `materi`
JOIN `kategori_mapel` `km` ON `km`.`id` = `m`.`id_kategori`
JOIN `users` `u` ON `u`.`id` = `m`.`id_user`
WHERE `m`.`id_user` IS NULL
ORDER BY `m`.`id` DESC')
 2 SYSTEMPATH\Database\BaseConnection.php(646): CodeIgniter\Database\BaseConnection->simpleQuery('SELECT `m`.*, `km`.`nama_kategori`, `u`.`username` as `pengajar`
FROM `materi`
JOIN `kategori_mapel` `km` ON `km`.`id` = `m`.`id_kategori`
JOIN `users` `u` ON `u`.`id` = `m`.`id_user`
WHERE `m`.`id_user` IS NULL
ORDER BY `m`.`id` DESC')
 3 SYSTEMPATH\Database\BaseBuilder.php(1649): CodeIgniter\Database\BaseConnection->query('SELECT `m`.*, `km`.`nama_kategori`, `u`.`username` as `pengajar`
FROM `materi`
JOIN `kategori_mapel` `km` ON `km`.`id` = `m`.`id_kategori`
JOIN `users` `u` ON `u`.`id` = `m`.`id_user`
WHERE `m`.`id_user` IS NULL
ORDER BY `m`.`id` DESC', [], false)
 4 APPPATH\Controllers\Materi.php(34): CodeIgniter\Database\BaseBuilder->get()
 5 SYSTEMPATH\CodeIgniter.php(933): App\Controllers\Materi->index()
 6 SYSTEMPATH\CodeIgniter.php(507): CodeIgniter\CodeIgniter->runController(Object(App\Controllers\Materi))
 7 SYSTEMPATH\CodeIgniter.php(354): CodeIgniter\CodeIgniter->handleRequest(null, Object(Config\Cache), false)
 8 SYSTEMPATH\Boot.php(363): CodeIgniter\CodeIgniter->run()
 9 SYSTEMPATH\Boot.php(68): CodeIgniter\Boot::runCodeIgniter(Object(CodeIgniter\CodeIgniter))
10 FCPATH\index.php(59): CodeIgniter\Boot::bootWeb(Object(Config\Paths))
11 SYSTEMPATH\rewrite.php(44): require_once('C:\\xampp\\htdocs\\LangkahPeduliNew\\public\\index.php')
CRITICAL - 2025-11-30 07:51:30 --> [Caused by] mysqli_sql_exception: Unknown table 'newlangkah.m'
in SYSTEMPATH\Database\MySQLi\Connection.php on line 327.
 1 SYSTEMPATH\Database\MySQLi\Connection.php(327): mysqli->query('SELECT `m`.*, `km`.`nama_kategori`, `u`.`username` as `pengajar`
FROM `materi`
JOIN `kategori_mapel` `km` ON `km`.`id` = `m`.`id_kategori`
JOIN `users` `u` ON `u`.`id` = `m`.`id_user`
WHERE `m`.`id_user` IS NULL
ORDER BY `m`.`id` DESC', 0)
 2 SYSTEMPATH\Database\BaseConnection.php(729): CodeIgniter\Database\MySQLi\Connection->execute('SELECT `m`.*, `km`.`nama_kategori`, `u`.`username` as `pengajar`
FROM `materi`
JOIN `kategori_mapel` `km` ON `km`.`id` = `m`.`id_kategori`
JOIN `users` `u` ON `u`.`id` = `m`.`id_user`
WHERE `m`.`id_user` IS NULL
ORDER BY `m`.`id` DESC')
 3 SYSTEMPATH\Database\BaseConnection.php(646): CodeIgniter\Database\BaseConnection->simpleQuery('SELECT `m`.*, `km`.`nama_kategori`, `u`.`username` as `pengajar`
FROM `materi`
JOIN `kategori_mapel` `km` ON `km`.`id` = `m`.`id_kategori`
JOIN `users` `u` ON `u`.`id` = `m`.`id_user`
WHERE `m`.`id_user` IS NULL
ORDER BY `m`.`id` DESC')
 4 SYSTEMPATH\Database\BaseBuilder.php(1649): CodeIgniter\Database\BaseConnection->query('SELECT `m`.*, `km`.`nama_kategori`, `u`.`username` as `pengajar`
FROM `materi`
JOIN `kategori_mapel` `km` ON `km`.`id` = `m`.`id_kategori`
JOIN `users` `u` ON `u`.`id` = `m`.`id_user`
WHERE `m`.`id_user` IS NULL
ORDER BY `m`.`id` DESC', [], false)
 5 APPPATH\Controllers\Materi.php(34): CodeIgniter\Database\BaseBuilder->get()
 6 SYSTEMPATH\CodeIgniter.php(933): App\Controllers\Materi->index()
 7 SYSTEMPATH\CodeIgniter.php(507): CodeIgniter\CodeIgniter->runController(Object(App\Controllers\Materi))
 8 SYSTEMPATH\CodeIgniter.php(354): CodeIgniter\CodeIgniter->handleRequest(null, Object(Config\Cache), false)
 9 SYSTEMPATH\Boot.php(363): CodeIgniter\CodeIgniter->run()
10 SYSTEMPATH\Boot.php(68): CodeIgniter\Boot::runCodeIgniter(Object(CodeIgniter\CodeIgniter))
11 FCPATH\index.php(59): CodeIgniter\Boot::bootWeb(Object(Config\Paths))
12 SYSTEMPATH\rewrite.php(44): require_once('C:\\xampp\\htdocs\\LangkahPeduliNew\\public\\index.php')
DEBUG - 2025-11-30 07:51:40 --> Session: Class initialized using 'CodeIgniter\Session\Handlers\FileHandler' driver.
DEBUG - 2025-11-30 07:51:42 --> Session: Class initialized using 'CodeIgniter\Session\Handlers\FileHandler' driver.
DEBUG - 2025-11-30 07:52:10 --> Session: Class initialized using 'CodeIgniter\Session\Handlers\FileHandler' driver.
DEBUG - 2025-11-30 07:52:10 --> Session: Class initialized using 'CodeIgniter\Session\Handlers\FileHandler' driver.
DEBUG - 2025-11-30 07:55:17 --> Session: Class initialized using 'CodeIgniter\Session\Handlers\FileHandler' driver.
DEBUG - 2025-11-30 07:55:28 --> Session: Class initialized using 'CodeIgniter\Session\Handlers\FileHandler' driver.
DEBUG - 2025-11-30 07:55:28 --> Session: Class initialized using 'CodeIgniter\Session\Handlers\FileHandler' driver.
DEBUG - 2025-11-30 07:55:31 --> Session: Class initialized using 'CodeIgniter\Session\Handlers\FileHandler' driver.
DEBUG - 2025-11-30 07:55:31 --> Session: Class initialized using 'CodeIgniter\Session\Handlers\FileHandler' driver.
DEBUG - 2025-11-30 07:55:37 --> Session: Class initialized using 'CodeIgniter\Session\Handlers\FileHandler' driver.
DEBUG - 2025-11-30 07:56:00 --> Session: Class initialized using 'CodeIgniter\Session\Handlers\FileHandler' driver.
DEBUG - 2025-11-30 07:56:00 --> Session: Class initialized using 'CodeIgniter\Session\Handlers\FileHandler' driver.
DEBUG - 2025-11-30 07:58:01 --> Session: Class initialized using 'CodeIgniter\Session\Handlers\FileHandler' driver.
ERROR - 2025-11-30 07:58:01 --> mysqli_sql_exception: Unknown table 'newlangkah.m' in C:\xampp\htdocs\LangkahPeduliNew\system\Database\MySQLi\Connection.php:327
Stack trace:
#0 C:\xampp\htdocs\LangkahPeduliNew\system\Database\MySQLi\Connection.php(327): mysqli->query('SELECT `m`.*, `...', 0)
#1 C:\xampp\htdocs\LangkahPeduliNew\system\Database\BaseConnection.php(729): CodeIgniter\Database\MySQLi\Connection->execute('SELECT `m`.*, `...')
#2 C:\xampp\htdocs\LangkahPeduliNew\system\Database\BaseConnection.php(646): CodeIgniter\Database\BaseConnection->simpleQuery('SELECT `m`.*, `...')
#3 C:\xampp\htdocs\LangkahPeduliNew\system\Database\BaseBuilder.php(1649): CodeIgniter\Database\BaseConnection->query('SELECT `m`.*, `...', Array, false)
#4 C:\xampp\htdocs\LangkahPeduliNew\app\Controllers\Materi.php(34): CodeIgniter\Database\BaseBuilder->get()
#5 C:\xampp\htdocs\LangkahPeduliNew\system\CodeIgniter.php(933): App\Controllers\Materi->index()
#6 C:\xampp\htdocs\LangkahPeduliNew\system\CodeIgniter.php(507): CodeIgniter\CodeIgniter->runController(Object(App\Controllers\Materi))
#7 C:\xampp\htdocs\LangkahPeduliNew\system\CodeIgniter.php(354): CodeIgniter\CodeIgniter->handleRequest(NULL, Object(Config\Cache), false)
#8 C:\xampp\htdocs\LangkahPeduliNew\system\Boot.php(363): CodeIgniter\CodeIgniter->run()
#9 C:\xampp\htdocs\LangkahPeduliNew\system\Boot.php(68): CodeIgniter\Boot::runCodeIgniter(Object(CodeIgniter\CodeIgniter))
#10 C:\xampp\htdocs\LangkahPeduliNew\public\index.php(59): CodeIgniter\Boot::bootWeb(Object(Config\Paths))
#11 C:\xampp\htdocs\LangkahPeduliNew\system\rewrite.php(44): require_once('C:\\xampp\\htdocs...')
#12 {main}
CRITICAL - 2025-11-30 07:58:01 --> CodeIgniter\Database\Exceptions\DatabaseException: Unknown table 'newlangkah.m'
[Method: GET, Route: dashboard/pengajar/materi]
in SYSTEMPATH\Database\BaseConnection.php on line 684.
 1 SYSTEMPATH\Database\BaseBuilder.php(1649): CodeIgniter\Database\BaseConnection->query('SELECT `m`.*, `km`.`nama_kategori`
FROM `materi`
LEFT JOIN `kategori_mapel` `km` ON `km`.`id` = `m`.`id_kategori`
WHERE `m`.`id_user` IS NULL
GROUP BY `m`.`id`
ORDER BY `m`.`id` DESC', [], false)
 2 APPPATH\Controllers\Materi.php(34): CodeIgniter\Database\BaseBuilder->get()
 3 SYSTEMPATH\CodeIgniter.php(933): App\Controllers\Materi->index()
 4 SYSTEMPATH\CodeIgniter.php(507): CodeIgniter\CodeIgniter->runController(Object(App\Controllers\Materi))
 5 SYSTEMPATH\CodeIgniter.php(354): CodeIgniter\CodeIgniter->handleRequest(null, Object(Config\Cache), false)
 6 SYSTEMPATH\Boot.php(363): CodeIgniter\CodeIgniter->run()
 7 SYSTEMPATH\Boot.php(68): CodeIgniter\Boot::runCodeIgniter(Object(CodeIgniter\CodeIgniter))
 8 FCPATH\index.php(59): CodeIgniter\Boot::bootWeb(Object(Config\Paths))
 9 SYSTEMPATH\rewrite.php(44): require_once('C:\\xampp\\htdocs\\LangkahPeduliNew\\public\\index.php')
CRITICAL - 2025-11-30 07:58:01 --> [Caused by] CodeIgniter\Database\Exceptions\DatabaseException: Unknown table 'newlangkah.m'
in SYSTEMPATH\Database\MySQLi\Connection.php on line 332.
 1 SYSTEMPATH\Database\BaseConnection.php(729): CodeIgniter\Database\MySQLi\Connection->execute('SELECT `m`.*, `km`.`nama_kategori`
FROM `materi`
LEFT JOIN `kategori_mapel` `km` ON `km`.`id` = `m`.`id_kategori`
WHERE `m`.`id_user` IS NULL
GROUP BY `m`.`id`
ORDER BY `m`.`id` DESC')
 2 SYSTEMPATH\Database\BaseConnection.php(646): CodeIgniter\Database\BaseConnection->simpleQuery('SELECT `m`.*, `km`.`nama_kategori`
FROM `materi`
LEFT JOIN `kategori_mapel` `km` ON `km`.`id` = `m`.`id_kategori`
WHERE `m`.`id_user` IS NULL
GROUP BY `m`.`id`
ORDER BY `m`.`id` DESC')
 3 SYSTEMPATH\Database\BaseBuilder.php(1649): CodeIgniter\Database\BaseConnection->query('SELECT `m`.*, `km`.`nama_kategori`
FROM `materi`
LEFT JOIN `kategori_mapel` `km` ON `km`.`id` = `m`.`id_kategori`
WHERE `m`.`id_user` IS NULL
GROUP BY `m`.`id`
ORDER BY `m`.`id` DESC', [], false)
 4 APPPATH\Controllers\Materi.php(34): CodeIgniter\Database\BaseBuilder->get()
 5 SYSTEMPATH\CodeIgniter.php(933): App\Controllers\Materi->index()
 6 SYSTEMPATH\CodeIgniter.php(507): CodeIgniter\CodeIgniter->runController(Object(App\Controllers\Materi))
 7 SYSTEMPATH\CodeIgniter.php(354): CodeIgniter\CodeIgniter->handleRequest(null, Object(Config\Cache), false)
 8 SYSTEMPATH\Boot.php(363): CodeIgniter\CodeIgniter->run()
 9 SYSTEMPATH\Boot.php(68): CodeIgniter\Boot::runCodeIgniter(Object(CodeIgniter\CodeIgniter))
10 FCPATH\index.php(59): CodeIgniter\Boot::bootWeb(Object(Config\Paths))
11 SYSTEMPATH\rewrite.php(44): require_once('C:\\xampp\\htdocs\\LangkahPeduliNew\\public\\index.php')
CRITICAL - 2025-11-30 07:58:01 --> [Caused by] mysqli_sql_exception: Unknown table 'newlangkah.m'
in SYSTEMPATH\Database\MySQLi\Connection.php on line 327.
 1 SYSTEMPATH\Database\MySQLi\Connection.php(327): mysqli->query('SELECT `m`.*, `km`.`nama_kategori`
FROM `materi`
LEFT JOIN `kategori_mapel` `km` ON `km`.`id` = `m`.`id_kategori`
WHERE `m`.`id_user` IS NULL
GROUP BY `m`.`id`
ORDER BY `m`.`id` DESC', 0)
 2 SYSTEMPATH\Database\BaseConnection.php(729): CodeIgniter\Database\MySQLi\Connection->execute('SELECT `m`.*, `km`.`nama_kategori`
FROM `materi`
LEFT JOIN `kategori_mapel` `km` ON `km`.`id` = `m`.`id_kategori`
WHERE `m`.`id_user` IS NULL
GROUP BY `m`.`id`
ORDER BY `m`.`id` DESC')
 3 SYSTEMPATH\Database\BaseConnection.php(646): CodeIgniter\Database\BaseConnection->simpleQuery('SELECT `m`.*, `km`.`nama_kategori`
FROM `materi`
LEFT JOIN `kategori_mapel` `km` ON `km`.`id` = `m`.`id_kategori`
WHERE `m`.`id_user` IS NULL
GROUP BY `m`.`id`
ORDER BY `m`.`id` DESC')
 4 SYSTEMPATH\Database\BaseBuilder.php(1649): CodeIgniter\Database\BaseConnection->query('SELECT `m`.*, `km`.`nama_kategori`
FROM `materi`
LEFT JOIN `kategori_mapel` `km` ON `km`.`id` = `m`.`id_kategori`
WHERE `m`.`id_user` IS NULL
GROUP BY `m`.`id`
ORDER BY `m`.`id` DESC', [], false)
 5 APPPATH\Controllers\Materi.php(34): CodeIgniter\Database\BaseBuilder->get()
 6 SYSTEMPATH\CodeIgniter.php(933): App\Controllers\Materi->index()
 7 SYSTEMPATH\CodeIgniter.php(507): CodeIgniter\CodeIgniter->runController(Object(App\Controllers\Materi))
 8 SYSTEMPATH\CodeIgniter.php(354): CodeIgniter\CodeIgniter->handleRequest(null, Object(Config\Cache), false)
 9 SYSTEMPATH\Boot.php(363): CodeIgniter\CodeIgniter->run()
10 SYSTEMPATH\Boot.php(68): CodeIgniter\Boot::runCodeIgniter(Object(CodeIgniter\CodeIgniter))
11 FCPATH\index.php(59): CodeIgniter\Boot::bootWeb(Object(Config\Paths))
12 SYSTEMPATH\rewrite.php(44): require_once('C:\\xampp\\htdocs\\LangkahPeduliNew\\public\\index.php')
DEBUG - 2025-11-30 07:58:30 --> Session: Class initialized using 'CodeIgniter\Session\Handlers\FileHandler' driver.
DEBUG - 2025-11-30 07:58:36 --> Session: Class initialized using 'CodeIgniter\Session\Handlers\FileHandler' driver.
DEBUG - 2025-11-30 07:58:50 --> Session: Class initialized using 'CodeIgniter\Session\Handlers\FileHandler' driver.
DEBUG - 2025-11-30 08:00:07 --> Session: Class initialized using 'CodeIgniter\Session\Handlers\FileHandler' driver.
DEBUG - 2025-11-30 08:00:09 --> Session: Class initialized using 'CodeIgniter\Session\Handlers\FileHandler' driver.
DEBUG - 2025-11-30 08:00:10 --> Session: Class initialized using 'CodeIgniter\Session\Handlers\FileHandler' driver.
DEBUG - 2025-11-30 08:01:01 --> Session: Class initialized using 'CodeIgniter\Session\Handlers\FileHandler' driver.
DEBUG - 2025-11-30 08:01:04 --> Session: Class initialized using 'CodeIgniter\Session\Handlers\FileHandler' driver.
DEBUG - 2025-11-30 08:01:16 --> Session: Class initialized using 'CodeIgniter\Session\Handlers\FileHandler' driver.
DEBUG - 2025-11-30 08:01:16 --> Session: Class initialized using 'CodeIgniter\Session\Handlers\FileHandler' driver.
DEBUG - 2025-11-30 08:01:19 --> Session: Class initialized using 'CodeIgniter\Session\Handlers\FileHandler' driver.
DEBUG - 2025-11-30 08:01:20 --> Session: Class initialized using 'CodeIgniter\Session\Handlers\FileHandler' driver.
DEBUG - 2025-11-30 08:01:21 --> Session: Class initialized using 'CodeIgniter\Session\Handlers\FileHandler' driver.
DEBUG - 2025-11-30 08:01:23 --> Session: Class initialized using 'CodeIgniter\Session\Handlers\FileHandler' driver.
DEBUG - 2025-11-30 08:07:06 --> Session: Class initialized using 'CodeIgniter\Session\Handlers\FileHandler' driver.
DEBUG - 2025-11-30 08:07:07 --> Session: Class initialized using 'CodeIgniter\Session\Handlers\FileHandler' driver.
ERROR - 2025-11-30 08:07:18 --> mysqli_sql_exception: Column 'isi_soal' cannot be null in C:\xampp\htdocs\LangkahPeduliNew\system\Database\MySQLi\Connection.php:327
Stack trace:
#0 C:\xampp\htdocs\LangkahPeduliNew\system\Database\MySQLi\Connection.php(327): mysqli->query('INSERT INTO `so...', 0)
#1 C:\xampp\htdocs\LangkahPeduliNew\system\Database\BaseConnection.php(729): CodeIgniter\Database\MySQLi\Connection->execute('INSERT INTO `so...')
#2 C:\xampp\htdocs\LangkahPeduliNew\system\Database\BaseConnection.php(646): CodeIgniter\Database\BaseConnection->simpleQuery('INSERT INTO `so...')
#3 C:\xampp\htdocs\LangkahPeduliNew\system\Database\BaseBuilder.php(2345): CodeIgniter\Database\BaseConnection->query('INSERT INTO `so...', Array, false)
#4 C:\xampp\htdocs\LangkahPeduliNew\system\Model.php(394): CodeIgniter\Database\BaseBuilder->insert()
#5 C:\xampp\htdocs\LangkahPeduliNew\system\BaseModel.php(838): CodeIgniter\Model->doInsert(Array)
#6 C:\xampp\htdocs\LangkahPeduliNew\system\Model.php(797): CodeIgniter\BaseModel->insert(Array, true)
#7 C:\xampp\htdocs\LangkahPeduliNew\app\Controllers\Soal.php(54): CodeIgniter\Model->insert(Array)
#8 C:\xampp\htdocs\LangkahPeduliNew\system\CodeIgniter.php(933): App\Controllers\Soal->store('1')
#9 C:\xampp\htdocs\LangkahPeduliNew\system\CodeIgniter.php(507): CodeIgniter\CodeIgniter->runController(Object(App\Controllers\Soal))
#10 C:\xampp\htdocs\LangkahPeduliNew\system\CodeIgniter.php(354): CodeIgniter\CodeIgniter->handleRequest(NULL, Object(Config\Cache), false)
#11 C:\xampp\htdocs\LangkahPeduliNew\system\Boot.php(363): CodeIgniter\CodeIgniter->run()
#12 C:\xampp\htdocs\LangkahPeduliNew\system\Boot.php(68): CodeIgniter\Boot::runCodeIgniter(Object(CodeIgniter\CodeIgniter))
#13 C:\xampp\htdocs\LangkahPeduliNew\public\index.php(59): CodeIgniter\Boot::bootWeb(Object(Config\Paths))
#14 C:\xampp\htdocs\LangkahPeduliNew\system\rewrite.php(44): require_once('C:\\xampp\\htdocs...')
#15 {main}
CRITICAL - 2025-11-30 08:07:18 --> CodeIgniter\Database\Exceptions\DatabaseException: Column 'isi_soal' cannot be null
[Method: POST, Route: dashboard/pengajar/soal/simpan/1]
in SYSTEMPATH\Database\BaseConnection.php on line 684.
 1 SYSTEMPATH\Database\BaseBuilder.php(2345): CodeIgniter\Database\BaseConnection->query('INSERT INTO `soal` (`id_banksoal`, `isi_soal`, `opsi1`, `opsi2`, `opsi3`, `opsi4`, `jawaban`, `created_at`) VALUES (:id_banksoal:, :isi_soal:, :opsi1:, :opsi2:, :opsi3:, :opsi4:, :jawaban:, :created_at:)', [...], false)
 2 SYSTEMPATH\Model.php(394): CodeIgniter\Database\BaseBuilder->insert()
 3 SYSTEMPATH\BaseModel.php(838): CodeIgniter\Model->doInsert([...])
 4 SYSTEMPATH\Model.php(797): CodeIgniter\BaseModel->insert([...], true)
 5 APPPATH\Controllers\Soal.php(54): CodeIgniter\Model->insert([...])
 6 SYSTEMPATH\CodeIgniter.php(933): App\Controllers\Soal->store('1')
 7 SYSTEMPATH\CodeIgniter.php(507): CodeIgniter\CodeIgniter->runController(Object(App\Controllers\Soal))
 8 SYSTEMPATH\CodeIgniter.php(354): CodeIgniter\CodeIgniter->handleRequest(null, Object(Config\Cache), false)
 9 SYSTEMPATH\Boot.php(363): CodeIgniter\CodeIgniter->run()
10 SYSTEMPATH\Boot.php(68): CodeIgniter\Boot::runCodeIgniter(Object(CodeIgniter\CodeIgniter))
11 FCPATH\index.php(59): CodeIgniter\Boot::bootWeb(Object(Config\Paths))
12 SYSTEMPATH\rewrite.php(44): require_once('C:\\xampp\\htdocs\\LangkahPeduliNew\\public\\index.php')
CRITICAL - 2025-11-30 08:07:18 --> [Caused by] CodeIgniter\Database\Exceptions\DatabaseException: Column 'isi_soal' cannot be null
in SYSTEMPATH\Database\MySQLi\Connection.php on line 332.
 1 SYSTEMPATH\Database\BaseConnection.php(729): CodeIgniter\Database\MySQLi\Connection->execute('INSERT INTO `soal` (`id_banksoal`, `isi_soal`, `opsi1`, `opsi2`, `opsi3`, `opsi4`, `jawaban`, `created_at`) VALUES (\'1\', NULL, NULL, NULL, NULL, NULL, NULL, \'2025-11-30 08:07:18\')')
 2 SYSTEMPATH\Database\BaseConnection.php(646): CodeIgniter\Database\BaseConnection->simpleQuery('INSERT INTO `soal` (`id_banksoal`, `isi_soal`, `opsi1`, `opsi2`, `opsi3`, `opsi4`, `jawaban`, `created_at`) VALUES (\'1\', NULL, NULL, NULL, NULL, NULL, NULL, \'2025-11-30 08:07:18\')')
 3 SYSTEMPATH\Database\BaseBuilder.php(2345): CodeIgniter\Database\BaseConnection->query('INSERT INTO `soal` (`id_banksoal`, `isi_soal`, `opsi1`, `opsi2`, `opsi3`, `opsi4`, `jawaban`, `created_at`) VALUES (:id_banksoal:, :isi_soal:, :opsi1:, :opsi2:, :opsi3:, :opsi4:, :jawaban:, :created_at:)', [...], false)
 4 SYSTEMPATH\Model.php(394): CodeIgniter\Database\BaseBuilder->insert()
 5 SYSTEMPATH\BaseModel.php(838): CodeIgniter\Model->doInsert([...])
 6 SYSTEMPATH\Model.php(797): CodeIgniter\BaseModel->insert([...], true)
 7 APPPATH\Controllers\Soal.php(54): CodeIgniter\Model->insert([...])
 8 SYSTEMPATH\CodeIgniter.php(933): App\Controllers\Soal->store('1')
 9 SYSTEMPATH\CodeIgniter.php(507): CodeIgniter\CodeIgniter->runController(Object(App\Controllers\Soal))
10 SYSTEMPATH\CodeIgniter.php(354): CodeIgniter\CodeIgniter->handleRequest(null, Object(Config\Cache), false)
11 SYSTEMPATH\Boot.php(363): CodeIgniter\CodeIgniter->run()
12 SYSTEMPATH\Boot.php(68): CodeIgniter\Boot::runCodeIgniter(Object(CodeIgniter\CodeIgniter))
13 FCPATH\index.php(59): CodeIgniter\Boot::bootWeb(Object(Config\Paths))
14 SYSTEMPATH\rewrite.php(44): require_once('C:\\xampp\\htdocs\\LangkahPeduliNew\\public\\index.php')
CRITICAL - 2025-11-30 08:07:18 --> [Caused by] mysqli_sql_exception: Column 'isi_soal' cannot be null
in SYSTEMPATH\Database\MySQLi\Connection.php on line 327.
 1 SYSTEMPATH\Database\MySQLi\Connection.php(327): mysqli->query('INSERT INTO `soal` (`id_banksoal`, `isi_soal`, `opsi1`, `opsi2`, `opsi3`, `opsi4`, `jawaban`, `created_at`) VALUES (\'1\', NULL, NULL, NULL, NULL, NULL, NULL, \'2025-11-30 08:07:18\')', 0)
 2 SYSTEMPATH\Database\BaseConnection.php(729): CodeIgniter\Database\MySQLi\Connection->execute('INSERT INTO `soal` (`id_banksoal`, `isi_soal`, `opsi1`, `opsi2`, `opsi3`, `opsi4`, `jawaban`, `created_at`) VALUES (\'1\', NULL, NULL, NULL, NULL, NULL, NULL, \'2025-11-30 08:07:18\')')
 3 SYSTEMPATH\Database\BaseConnection.php(646): CodeIgniter\Database\BaseConnection->simpleQuery('INSERT INTO `soal` (`id_banksoal`, `isi_soal`, `opsi1`, `opsi2`, `opsi3`, `opsi4`, `jawaban`, `created_at`) VALUES (\'1\', NULL, NULL, NULL, NULL, NULL, NULL, \'2025-11-30 08:07:18\')')
 4 SYSTEMPATH\Database\BaseBuilder.php(2345): CodeIgniter\Database\BaseConnection->query('INSERT INTO `soal` (`id_banksoal`, `isi_soal`, `opsi1`, `opsi2`, `opsi3`, `opsi4`, `jawaban`, `created_at`) VALUES (:id_banksoal:, :isi_soal:, :opsi1:, :opsi2:, :opsi3:, :opsi4:, :jawaban:, :created_at:)', [...], false)
 5 SYSTEMPATH\Model.php(394): CodeIgniter\Database\BaseBuilder->insert()
 6 SYSTEMPATH\BaseModel.php(838): CodeIgniter\Model->doInsert([...])
 7 SYSTEMPATH\Model.php(797): CodeIgniter\BaseModel->insert([...], true)
 8 APPPATH\Controllers\Soal.php(54): CodeIgniter\Model->insert([...])
 9 SYSTEMPATH\CodeIgniter.php(933): App\Controllers\Soal->store('1')
10 SYSTEMPATH\CodeIgniter.php(507): CodeIgniter\CodeIgniter->runController(Object(App\Controllers\Soal))
11 SYSTEMPATH\CodeIgniter.php(354): CodeIgniter\CodeIgniter->handleRequest(null, Object(Config\Cache), false)
12 SYSTEMPATH\Boot.php(363): CodeIgniter\CodeIgniter->run()
13 SYSTEMPATH\Boot.php(68): CodeIgniter\Boot::runCodeIgniter(Object(CodeIgniter\CodeIgniter))
14 FCPATH\index.php(59): CodeIgniter\Boot::bootWeb(Object(Config\Paths))
15 SYSTEMPATH\rewrite.php(44): require_once('C:\\xampp\\htdocs\\LangkahPeduliNew\\public\\index.php')
DEBUG - 2025-11-30 08:08:43 --> Session: Class initialized using 'CodeIgniter\Session\Handlers\FileHandler' driver.
DEBUG - 2025-11-30 08:08:44 --> Session: Class initialized using 'CodeIgniter\Session\Handlers\FileHandler' driver.
DEBUG - 2025-11-30 08:08:48 --> Session: Class initialized using 'CodeIgniter\Session\Handlers\FileHandler' driver.
DEBUG - 2025-11-30 08:08:52 --> Session: Class initialized using 'CodeIgniter\Session\Handlers\FileHandler' driver.
DEBUG - 2025-11-30 08:08:55 --> Session: Class initialized using 'CodeIgniter\Session\Handlers\FileHandler' driver.
DEBUG - 2025-11-30 08:08:59 --> Session: Class initialized using 'CodeIgniter\Session\Handlers\FileHandler' driver.
DEBUG - 2025-11-30 08:09:02 --> Session: Class initialized using 'CodeIgniter\Session\Handlers\FileHandler' driver.
DEBUG - 2025-11-30 08:09:08 --> Session: Class initialized using 'CodeIgniter\Session\Handlers\FileHandler' driver.
DEBUG - 2025-11-30 08:09:08 --> Session: Class initialized using 'CodeIgniter\Session\Handlers\FileHandler' driver.
DEBUG - 2025-11-30 08:09:12 --> Session: Class initialized using 'CodeIgniter\Session\Handlers\FileHandler' driver.
DEBUG - 2025-11-30 08:09:25 --> Session: Class initialized using 'CodeIgniter\Session\Handlers\FileHandler' driver.
DEBUG - 2025-11-30 08:09:27 --> Session: Class initialized using 'CodeIgniter\Session\Handlers\FileHandler' driver.
DEBUG - 2025-11-30 08:10:16 --> Session: Class initialized using 'CodeIgniter\Session\Handlers\FileHandler' driver.
DEBUG - 2025-11-30 08:10:28 --> Session: Class initialized using 'CodeIgniter\Session\Handlers\FileHandler' driver.
DEBUG - 2025-11-30 08:10:29 --> Session: Class initialized using 'CodeIgniter\Session\Handlers\FileHandler' driver.
DEBUG - 2025-11-30 08:11:57 --> Session: Class initialized using 'CodeIgniter\Session\Handlers\FileHandler' driver.
DEBUG - 2025-11-30 08:17:21 --> Session: Class initialized using 'CodeIgniter\Session\Handlers\FileHandler' driver.
DEBUG - 2025-11-30 08:18:37 --> Session: Class initialized using 'CodeIgniter\Session\Handlers\FileHandler' driver.
DEBUG - 2025-11-30 08:18:42 --> Session: Class initialized using 'CodeIgniter\Session\Handlers\FileHandler' driver.
DEBUG - 2025-11-30 08:19:33 --> Session: Class initialized using 'CodeIgniter\Session\Handlers\FileHandler' driver.
DEBUG - 2025-11-30 08:19:34 --> Session: Class initialized using 'CodeIgniter\Session\Handlers\FileHandler' driver.
DEBUG - 2025-11-30 08:19:51 --> Session: Class initialized using 'CodeIgniter\Session\Handlers\FileHandler' driver.
DEBUG - 2025-11-30 08:20:56 --> Session: Class initialized using 'CodeIgniter\Session\Handlers\FileHandler' driver.
DEBUG - 2025-11-30 08:22:29 --> Session: Class initialized using 'CodeIgniter\Session\Handlers\FileHandler' driver.
DEBUG - 2025-11-30 08:23:11 --> Session: Class initialized using 'CodeIgniter\Session\Handlers\FileHandler' driver.
DEBUG - 2025-11-30 08:23:16 --> Session: Class initialized using 'CodeIgniter\Session\Handlers\FileHandler' driver.
DEBUG - 2025-11-30 08:24:02 --> Session: Class initialized using 'CodeIgniter\Session\Handlers\FileHandler' driver.
DEBUG - 2025-11-30 08:24:06 --> Session: Class initialized using 'CodeIgniter\Session\Handlers\FileHandler' driver.
DEBUG - 2025-11-30 08:24:14 --> Session: Class initialized using 'CodeIgniter\Session\Handlers\FileHandler' driver.
DEBUG - 2025-11-30 08:25:42 --> Session: Class initialized using 'CodeIgniter\Session\Handlers\FileHandler' driver.
DEBUG - 2025-11-30 08:25:47 --> Session: Class initialized using 'CodeIgniter\Session\Handlers\FileHandler' driver.
DEBUG - 2025-11-30 08:26:27 --> Session: Class initialized using 'CodeIgniter\Session\Handlers\FileHandler' driver.
DEBUG - 2025-11-30 08:26:46 --> Session: Class initialized using 'CodeIgniter\Session\Handlers\FileHandler' driver.
DEBUG - 2025-11-30 08:28:09 --> Session: Class initialized using 'CodeIgniter\Session\Handlers\FileHandler' driver.
DEBUG - 2025-11-30 08:28:24 --> Session: Class initialized using 'CodeIgniter\Session\Handlers\FileHandler' driver.
DEBUG - 2025-11-30 08:28:26 --> Session: Class initialized using 'CodeIgniter\Session\Handlers\FileHandler' driver.
DEBUG - 2025-11-30 08:28:31 --> Session: Class initialized using 'CodeIgniter\Session\Handlers\FileHandler' driver.
DEBUG - 2025-11-30 08:28:34 --> Session: Class initialized using 'CodeIgniter\Session\Handlers\FileHandler' driver.
DEBUG - 2025-11-30 08:28:37 --> Session: Class initialized using 'CodeIgniter\Session\Handlers\FileHandler' driver.
DEBUG - 2025-11-30 08:29:03 --> Session: Class initialized using 'CodeIgniter\Session\Handlers\FileHandler' driver.
DEBUG - 2025-11-30 08:29:26 --> Session: Class initialized using 'CodeIgniter\Session\Handlers\FileHandler' driver.
DEBUG - 2025-11-30 08:29:28 --> Session: Class initialized using 'CodeIgniter\Session\Handlers\FileHandler' driver.
DEBUG - 2025-11-30 08:29:36 --> Session: Class initialized using 'CodeIgniter\Session\Handlers\FileHandler' driver.
DEBUG - 2025-11-30 08:29:40 --> Session: Class initialized using 'CodeIgniter\Session\Handlers\FileHandler' driver.
DEBUG - 2025-11-30 08:29:45 --> Session: Class initialized using 'CodeIgniter\Session\Handlers\FileHandler' driver.
DEBUG - 2025-11-30 08:29:49 --> Session: Class initialized using 'CodeIgniter\Session\Handlers\FileHandler' driver.
DEBUG - 2025-11-30 08:29:57 --> Session: Class initialized using 'CodeIgniter\Session\Handlers\FileHandler' driver.
DEBUG - 2025-11-30 08:29:58 --> Session: Class initialized using 'CodeIgniter\Session\Handlers\FileHandler' driver.
DEBUG - 2025-11-30 08:30:00 --> Session: Class initialized using 'CodeIgniter\Session\Handlers\FileHandler' driver.
DEBUG - 2025-11-30 08:30:03 --> Session: Class initialized using 'CodeIgniter\Session\Handlers\FileHandler' driver.
DEBUG - 2025-11-30 08:30:05 --> Session: Class initialized using 'CodeIgniter\Session\Handlers\FileHandler' driver.
DEBUG - 2025-11-30 08:30:07 --> Session: Class initialized using 'CodeIgniter\Session\Handlers\FileHandler' driver.
DEBUG - 2025-11-30 08:30:15 --> Session: Class initialized using 'CodeIgniter\Session\Handlers\FileHandler' driver.
DEBUG - 2025-11-30 08:30:57 --> Session: Class initialized using 'CodeIgniter\Session\Handlers\FileHandler' driver.
DEBUG - 2025-11-30 08:31:01 --> Session: Class initialized using 'CodeIgniter\Session\Handlers\FileHandler' driver.
DEBUG - 2025-11-30 08:31:06 --> Session: Class initialized using 'CodeIgniter\Session\Handlers\FileHandler' driver.
DEBUG - 2025-11-30 08:31:08 --> Session: Class initialized using 'CodeIgniter\Session\Handlers\FileHandler' driver.
DEBUG - 2025-11-30 08:32:02 --> Session: Class initialized using 'CodeIgniter\Session\Handlers\FileHandler' driver.
DEBUG - 2025-11-30 08:32:04 --> Session: Class initialized using 'CodeIgniter\Session\Handlers\FileHandler' driver.
DEBUG - 2025-11-30 08:32:06 --> Session: Class initialized using 'CodeIgniter\Session\Handlers\FileHandler' driver.
DEBUG - 2025-11-30 08:32:07 --> Session: Class initialized using 'CodeIgniter\Session\Handlers\FileHandler' driver.
DEBUG - 2025-11-30 08:32:11 --> Session: Class initialized using 'CodeIgniter\Session\Handlers\FileHandler' driver.
DEBUG - 2025-11-30 08:32:19 --> Session: Class initialized using 'CodeIgniter\Session\Handlers\FileHandler' driver.
DEBUG - 2025-11-30 08:32:19 --> Session: Class initialized using 'CodeIgniter\Session\Handlers\FileHandler' driver.
DEBUG - 2025-11-30 08:32:25 --> Session: Class initialized using 'CodeIgniter\Session\Handlers\FileHandler' driver.
ERROR - 2025-11-30 08:32:34 --> mysqli_sql_exception: Column 'isi_soal' cannot be null in C:\xampp\htdocs\LangkahPeduliNew\system\Database\MySQLi\Connection.php:327
Stack trace:
#0 C:\xampp\htdocs\LangkahPeduliNew\system\Database\MySQLi\Connection.php(327): mysqli->query('INSERT INTO `so...', 0)
#1 C:\xampp\htdocs\LangkahPeduliNew\system\Database\BaseConnection.php(729): CodeIgniter\Database\MySQLi\Connection->execute('INSERT INTO `so...')
#2 C:\xampp\htdocs\LangkahPeduliNew\system\Database\BaseConnection.php(646): CodeIgniter\Database\BaseConnection->simpleQuery('INSERT INTO `so...')
#3 C:\xampp\htdocs\LangkahPeduliNew\system\Database\BaseBuilder.php(2345): CodeIgniter\Database\BaseConnection->query('INSERT INTO `so...', Array, false)
#4 C:\xampp\htdocs\LangkahPeduliNew\system\Model.php(394): CodeIgniter\Database\BaseBuilder->insert()
#5 C:\xampp\htdocs\LangkahPeduliNew\system\BaseModel.php(838): CodeIgniter\Model->doInsert(Array)
#6 C:\xampp\htdocs\LangkahPeduliNew\system\Model.php(797): CodeIgniter\BaseModel->insert(Array, true)
#7 C:\xampp\htdocs\LangkahPeduliNew\app\Controllers\Soal.php(54): CodeIgniter\Model->insert(Array)
#8 C:\xampp\htdocs\LangkahPeduliNew\system\CodeIgniter.php(933): App\Controllers\Soal->store('1')
#9 C:\xampp\htdocs\LangkahPeduliNew\system\CodeIgniter.php(507): CodeIgniter\CodeIgniter->runController(Object(App\Controllers\Soal))
#10 C:\xampp\htdocs\LangkahPeduliNew\system\CodeIgniter.php(354): CodeIgniter\CodeIgniter->handleRequest(NULL, Object(Config\Cache), false)
#11 C:\xampp\htdocs\LangkahPeduliNew\system\Boot.php(363): CodeIgniter\CodeIgniter->run()
#12 C:\xampp\htdocs\LangkahPeduliNew\system\Boot.php(68): CodeIgniter\Boot::runCodeIgniter(Object(CodeIgniter\CodeIgniter))
#13 C:\xampp\htdocs\LangkahPeduliNew\public\index.php(59): CodeIgniter\Boot::bootWeb(Object(Config\Paths))
#14 C:\xampp\htdocs\LangkahPeduliNew\system\rewrite.php(44): require_once('C:\\xampp\\htdocs...')
#15 {main}
CRITICAL - 2025-11-30 08:32:34 --> CodeIgniter\Database\Exceptions\DatabaseException: Column 'isi_soal' cannot be null
[Method: POST, Route: dashboard/pengajar/soal/simpan/1]
in SYSTEMPATH\Database\BaseConnection.php on line 684.
 1 SYSTEMPATH\Database\BaseBuilder.php(2345): CodeIgniter\Database\BaseConnection->query('INSERT INTO `soal` (`id_banksoal`, `isi_soal`, `opsi1`, `opsi2`, `opsi3`, `opsi4`, `jawaban`, `created_at`) VALUES (:id_banksoal:, :isi_soal:, :opsi1:, :opsi2:, :opsi3:, :opsi4:, :jawaban:, :created_at:)', [...], false)
 2 SYSTEMPATH\Model.php(394): CodeIgniter\Database\BaseBuilder->insert()
 3 SYSTEMPATH\BaseModel.php(838): CodeIgniter\Model->doInsert([...])
 4 SYSTEMPATH\Model.php(797): CodeIgniter\BaseModel->insert([...], true)
 5 APPPATH\Controllers\Soal.php(54): CodeIgniter\Model->insert([...])
 6 SYSTEMPATH\CodeIgniter.php(933): App\Controllers\Soal->store('1')
 7 SYSTEMPATH\CodeIgniter.php(507): CodeIgniter\CodeIgniter->runController(Object(App\Controllers\Soal))
 8 SYSTEMPATH\CodeIgniter.php(354): CodeIgniter\CodeIgniter->handleRequest(null, Object(Config\Cache), false)
 9 SYSTEMPATH\Boot.php(363): CodeIgniter\CodeIgniter->run()
10 SYSTEMPATH\Boot.php(68): CodeIgniter\Boot::runCodeIgniter(Object(CodeIgniter\CodeIgniter))
11 FCPATH\index.php(59): CodeIgniter\Boot::bootWeb(Object(Config\Paths))
12 SYSTEMPATH\rewrite.php(44): require_once('C:\\xampp\\htdocs\\LangkahPeduliNew\\public\\index.php')
CRITICAL - 2025-11-30 08:32:34 --> [Caused by] CodeIgniter\Database\Exceptions\DatabaseException: Column 'isi_soal' cannot be null
in SYSTEMPATH\Database\MySQLi\Connection.php on line 332.
 1 SYSTEMPATH\Database\BaseConnection.php(729): CodeIgniter\Database\MySQLi\Connection->execute('INSERT INTO `soal` (`id_banksoal`, `isi_soal`, `opsi1`, `opsi2`, `opsi3`, `opsi4`, `jawaban`, `created_at`) VALUES (\'1\', NULL, NULL, NULL, NULL, NULL, NULL, \'2025-11-30 08:32:34\')')
 2 SYSTEMPATH\Database\BaseConnection.php(646): CodeIgniter\Database\BaseConnection->simpleQuery('INSERT INTO `soal` (`id_banksoal`, `isi_soal`, `opsi1`, `opsi2`, `opsi3`, `opsi4`, `jawaban`, `created_at`) VALUES (\'1\', NULL, NULL, NULL, NULL, NULL, NULL, \'2025-11-30 08:32:34\')')
 3 SYSTEMPATH\Database\BaseBuilder.php(2345): CodeIgniter\Database\BaseConnection->query('INSERT INTO `soal` (`id_banksoal`, `isi_soal`, `opsi1`, `opsi2`, `opsi3`, `opsi4`, `jawaban`, `created_at`) VALUES (:id_banksoal:, :isi_soal:, :opsi1:, :opsi2:, :opsi3:, :opsi4:, :jawaban:, :created_at:)', [...], false)
 4 SYSTEMPATH\Model.php(394): CodeIgniter\Database\BaseBuilder->insert()
 5 SYSTEMPATH\BaseModel.php(838): CodeIgniter\Model->doInsert([...])
 6 SYSTEMPATH\Model.php(797): CodeIgniter\BaseModel->insert([...], true)
 7 APPPATH\Controllers\Soal.php(54): CodeIgniter\Model->insert([...])
 8 SYSTEMPATH\CodeIgniter.php(933): App\Controllers\Soal->store('1')
 9 SYSTEMPATH\CodeIgniter.php(507): CodeIgniter\CodeIgniter->runController(Object(App\Controllers\Soal))
10 SYSTEMPATH\CodeIgniter.php(354): CodeIgniter\CodeIgniter->handleRequest(null, Object(Config\Cache), false)
11 SYSTEMPATH\Boot.php(363): CodeIgniter\CodeIgniter->run()
12 SYSTEMPATH\Boot.php(68): CodeIgniter\Boot::runCodeIgniter(Object(CodeIgniter\CodeIgniter))
13 FCPATH\index.php(59): CodeIgniter\Boot::bootWeb(Object(Config\Paths))
14 SYSTEMPATH\rewrite.php(44): require_once('C:\\xampp\\htdocs\\LangkahPeduliNew\\public\\index.php')
CRITICAL - 2025-11-30 08:32:34 --> [Caused by] mysqli_sql_exception: Column 'isi_soal' cannot be null
in SYSTEMPATH\Database\MySQLi\Connection.php on line 327.
 1 SYSTEMPATH\Database\MySQLi\Connection.php(327): mysqli->query('INSERT INTO `soal` (`id_banksoal`, `isi_soal`, `opsi1`, `opsi2`, `opsi3`, `opsi4`, `jawaban`, `created_at`) VALUES (\'1\', NULL, NULL, NULL, NULL, NULL, NULL, \'2025-11-30 08:32:34\')', 0)
 2 SYSTEMPATH\Database\BaseConnection.php(729): CodeIgniter\Database\MySQLi\Connection->execute('INSERT INTO `soal` (`id_banksoal`, `isi_soal`, `opsi1`, `opsi2`, `opsi3`, `opsi4`, `jawaban`, `created_at`) VALUES (\'1\', NULL, NULL, NULL, NULL, NULL, NULL, \'2025-11-30 08:32:34\')')
 3 SYSTEMPATH\Database\BaseConnection.php(646): CodeIgniter\Database\BaseConnection->simpleQuery('INSERT INTO `soal` (`id_banksoal`, `isi_soal`, `opsi1`, `opsi2`, `opsi3`, `opsi4`, `jawaban`, `created_at`) VALUES (\'1\', NULL, NULL, NULL, NULL, NULL, NULL, \'2025-11-30 08:32:34\')')
 4 SYSTEMPATH\Database\BaseBuilder.php(2345): CodeIgniter\Database\BaseConnection->query('INSERT INTO `soal` (`id_banksoal`, `isi_soal`, `opsi1`, `opsi2`, `opsi3`, `opsi4`, `jawaban`, `created_at`) VALUES (:id_banksoal:, :isi_soal:, :opsi1:, :opsi2:, :opsi3:, :opsi4:, :jawaban:, :created_at:)', [...], false)
 5 SYSTEMPATH\Model.php(394): CodeIgniter\Database\BaseBuilder->insert()
 6 SYSTEMPATH\BaseModel.php(838): CodeIgniter\Model->doInsert([...])
 7 SYSTEMPATH\Model.php(797): CodeIgniter\BaseModel->insert([...], true)
 8 APPPATH\Controllers\Soal.php(54): CodeIgniter\Model->insert([...])
 9 SYSTEMPATH\CodeIgniter.php(933): App\Controllers\Soal->store('1')
10 SYSTEMPATH\CodeIgniter.php(507): CodeIgniter\CodeIgniter->runController(Object(App\Controllers\Soal))
11 SYSTEMPATH\CodeIgniter.php(354): CodeIgniter\CodeIgniter->handleRequest(null, Object(Config\Cache), false)
12 SYSTEMPATH\Boot.php(363): CodeIgniter\CodeIgniter->run()
13 SYSTEMPATH\Boot.php(68): CodeIgniter\Boot::runCodeIgniter(Object(CodeIgniter\CodeIgniter))
14 FCPATH\index.php(59): CodeIgniter\Boot::bootWeb(Object(Config\Paths))
15 SYSTEMPATH\rewrite.php(44): require_once('C:\\xampp\\htdocs\\LangkahPeduliNew\\public\\index.php')
DEBUG - 2025-11-30 08:32:43 --> Session: Class initialized using 'CodeIgniter\Session\Handlers\FileHandler' driver.
ERROR - 2025-11-30 08:34:02 --> mysqli_sql_exception: Column 'isi_soal' cannot be null in C:\xampp\htdocs\LangkahPeduliNew\system\Database\MySQLi\Connection.php:327
Stack trace:
#0 C:\xampp\htdocs\LangkahPeduliNew\system\Database\MySQLi\Connection.php(327): mysqli->query('INSERT INTO `so...', 0)
#1 C:\xampp\htdocs\LangkahPeduliNew\system\Database\BaseConnection.php(729): CodeIgniter\Database\MySQLi\Connection->execute('INSERT INTO `so...')
#2 C:\xampp\htdocs\LangkahPeduliNew\system\Database\BaseConnection.php(646): CodeIgniter\Database\BaseConnection->simpleQuery('INSERT INTO `so...')
#3 C:\xampp\htdocs\LangkahPeduliNew\system\Database\BaseBuilder.php(2345): CodeIgniter\Database\BaseConnection->query('INSERT INTO `so...', Array, false)
#4 C:\xampp\htdocs\LangkahPeduliNew\system\Model.php(394): CodeIgniter\Database\BaseBuilder->insert()
#5 C:\xampp\htdocs\LangkahPeduliNew\system\BaseModel.php(838): CodeIgniter\Model->doInsert(Array)
#6 C:\xampp\htdocs\LangkahPeduliNew\system\Model.php(797): CodeIgniter\BaseModel->insert(Array, true)
#7 C:\xampp\htdocs\LangkahPeduliNew\app\Controllers\Soal.php(54): CodeIgniter\Model->insert(Array)
#8 C:\xampp\htdocs\LangkahPeduliNew\system\CodeIgniter.php(933): App\Controllers\Soal->store('1')
#9 C:\xampp\htdocs\LangkahPeduliNew\system\CodeIgniter.php(507): CodeIgniter\CodeIgniter->runController(Object(App\Controllers\Soal))
#10 C:\xampp\htdocs\LangkahPeduliNew\system\CodeIgniter.php(354): CodeIgniter\CodeIgniter->handleRequest(NULL, Object(Config\Cache), false)
#11 C:\xampp\htdocs\LangkahPeduliNew\system\Boot.php(363): CodeIgniter\CodeIgniter->run()
#12 C:\xampp\htdocs\LangkahPeduliNew\system\Boot.php(68): CodeIgniter\Boot::runCodeIgniter(Object(CodeIgniter\CodeIgniter))
#13 C:\xampp\htdocs\LangkahPeduliNew\public\index.php(59): CodeIgniter\Boot::bootWeb(Object(Config\Paths))
#14 C:\xampp\htdocs\LangkahPeduliNew\system\rewrite.php(44): require_once('C:\\xampp\\htdocs...')
#15 {main}
CRITICAL - 2025-11-30 08:34:02 --> CodeIgniter\Database\Exceptions\DatabaseException: Column 'isi_soal' cannot be null
[Method: POST, Route: dashboard/pengajar/soal/simpan/1]
in SYSTEMPATH\Database\BaseConnection.php on line 684.
 1 SYSTEMPATH\Database\BaseBuilder.php(2345): CodeIgniter\Database\BaseConnection->query('INSERT INTO `soal` (`id_banksoal`, `isi_soal`, `opsi1`, `opsi2`, `opsi3`, `opsi4`, `jawaban`, `created_at`) VALUES (:id_banksoal:, :isi_soal:, :opsi1:, :opsi2:, :opsi3:, :opsi4:, :jawaban:, :created_at:)', [...], false)
 2 SYSTEMPATH\Model.php(394): CodeIgniter\Database\BaseBuilder->insert()
 3 SYSTEMPATH\BaseModel.php(838): CodeIgniter\Model->doInsert([...])
 4 SYSTEMPATH\Model.php(797): CodeIgniter\BaseModel->insert([...], true)
 5 APPPATH\Controllers\Soal.php(54): CodeIgniter\Model->insert([...])
 6 SYSTEMPATH\CodeIgniter.php(933): App\Controllers\Soal->store('1')
 7 SYSTEMPATH\CodeIgniter.php(507): CodeIgniter\CodeIgniter->runController(Object(App\Controllers\Soal))
 8 SYSTEMPATH\CodeIgniter.php(354): CodeIgniter\CodeIgniter->handleRequest(null, Object(Config\Cache), false)
 9 SYSTEMPATH\Boot.php(363): CodeIgniter\CodeIgniter->run()
10 SYSTEMPATH\Boot.php(68): CodeIgniter\Boot::runCodeIgniter(Object(CodeIgniter\CodeIgniter))
11 FCPATH\index.php(59): CodeIgniter\Boot::bootWeb(Object(Config\Paths))
12 SYSTEMPATH\rewrite.php(44): require_once('C:\\xampp\\htdocs\\LangkahPeduliNew\\public\\index.php')
CRITICAL - 2025-11-30 08:34:02 --> [Caused by] CodeIgniter\Database\Exceptions\DatabaseException: Column 'isi_soal' cannot be null
in SYSTEMPATH\Database\MySQLi\Connection.php on line 332.
 1 SYSTEMPATH\Database\BaseConnection.php(729): CodeIgniter\Database\MySQLi\Connection->execute('INSERT INTO `soal` (`id_banksoal`, `isi_soal`, `opsi1`, `opsi2`, `opsi3`, `opsi4`, `jawaban`, `created_at`) VALUES (\'1\', NULL, NULL, NULL, NULL, NULL, NULL, \'2025-11-30 08:34:02\')')
 2 SYSTEMPATH\Database\BaseConnection.php(646): CodeIgniter\Database\BaseConnection->simpleQuery('INSERT INTO `soal` (`id_banksoal`, `isi_soal`, `opsi1`, `opsi2`, `opsi3`, `opsi4`, `jawaban`, `created_at`) VALUES (\'1\', NULL, NULL, NULL, NULL, NULL, NULL, \'2025-11-30 08:34:02\')')
 3 SYSTEMPATH\Database\BaseBuilder.php(2345): CodeIgniter\Database\BaseConnection->query('INSERT INTO `soal` (`id_banksoal`, `isi_soal`, `opsi1`, `opsi2`, `opsi3`, `opsi4`, `jawaban`, `created_at`) VALUES (:id_banksoal:, :isi_soal:, :opsi1:, :opsi2:, :opsi3:, :opsi4:, :jawaban:, :created_at:)', [...], false)
 4 SYSTEMPATH\Model.php(394): CodeIgniter\Database\BaseBuilder->insert()
 5 SYSTEMPATH\BaseModel.php(838): CodeIgniter\Model->doInsert([...])
 6 SYSTEMPATH\Model.php(797): CodeIgniter\BaseModel->insert([...], true)
 7 APPPATH\Controllers\Soal.php(54): CodeIgniter\Model->insert([...])
 8 SYSTEMPATH\CodeIgniter.php(933): App\Controllers\Soal->store('1')
 9 SYSTEMPATH\CodeIgniter.php(507): CodeIgniter\CodeIgniter->runController(Object(App\Controllers\Soal))
10 SYSTEMPATH\CodeIgniter.php(354): CodeIgniter\CodeIgniter->handleRequest(null, Object(Config\Cache), false)
11 SYSTEMPATH\Boot.php(363): CodeIgniter\CodeIgniter->run()
12 SYSTEMPATH\Boot.php(68): CodeIgniter\Boot::runCodeIgniter(Object(CodeIgniter\CodeIgniter))
13 FCPATH\index.php(59): CodeIgniter\Boot::bootWeb(Object(Config\Paths))
14 SYSTEMPATH\rewrite.php(44): require_once('C:\\xampp\\htdocs\\LangkahPeduliNew\\public\\index.php')
CRITICAL - 2025-11-30 08:34:02 --> [Caused by] mysqli_sql_exception: Column 'isi_soal' cannot be null
in SYSTEMPATH\Database\MySQLi\Connection.php on line 327.
 1 SYSTEMPATH\Database\MySQLi\Connection.php(327): mysqli->query('INSERT INTO `soal` (`id_banksoal`, `isi_soal`, `opsi1`, `opsi2`, `opsi3`, `opsi4`, `jawaban`, `created_at`) VALUES (\'1\', NULL, NULL, NULL, NULL, NULL, NULL, \'2025-11-30 08:34:02\')', 0)
 2 SYSTEMPATH\Database\BaseConnection.php(729): CodeIgniter\Database\MySQLi\Connection->execute('INSERT INTO `soal` (`id_banksoal`, `isi_soal`, `opsi1`, `opsi2`, `opsi3`, `opsi4`, `jawaban`, `created_at`) VALUES (\'1\', NULL, NULL, NULL, NULL, NULL, NULL, \'2025-11-30 08:34:02\')')
 3 SYSTEMPATH\Database\BaseConnection.php(646): CodeIgniter\Database\BaseConnection->simpleQuery('INSERT INTO `soal` (`id_banksoal`, `isi_soal`, `opsi1`, `opsi2`, `opsi3`, `opsi4`, `jawaban`, `created_at`) VALUES (\'1\', NULL, NULL, NULL, NULL, NULL, NULL, \'2025-11-30 08:34:02\')')
 4 SYSTEMPATH\Database\BaseBuilder.php(2345): CodeIgniter\Database\BaseConnection->query('INSERT INTO `soal` (`id_banksoal`, `isi_soal`, `opsi1`, `opsi2`, `opsi3`, `opsi4`, `jawaban`, `created_at`) VALUES (:id_banksoal:, :isi_soal:, :opsi1:, :opsi2:, :opsi3:, :opsi4:, :jawaban:, :created_at:)', [...], false)
 5 SYSTEMPATH\Model.php(394): CodeIgniter\Database\BaseBuilder->insert()
 6 SYSTEMPATH\BaseModel.php(838): CodeIgniter\Model->doInsert([...])
 7 SYSTEMPATH\Model.php(797): CodeIgniter\BaseModel->insert([...], true)
 8 APPPATH\Controllers\Soal.php(54): CodeIgniter\Model->insert([...])
 9 SYSTEMPATH\CodeIgniter.php(933): App\Controllers\Soal->store('1')
10 SYSTEMPATH\CodeIgniter.php(507): CodeIgniter\CodeIgniter->runController(Object(App\Controllers\Soal))
11 SYSTEMPATH\CodeIgniter.php(354): CodeIgniter\CodeIgniter->handleRequest(null, Object(Config\Cache), false)
12 SYSTEMPATH\Boot.php(363): CodeIgniter\CodeIgniter->run()
13 SYSTEMPATH\Boot.php(68): CodeIgniter\Boot::runCodeIgniter(Object(CodeIgniter\CodeIgniter))
14 FCPATH\index.php(59): CodeIgniter\Boot::bootWeb(Object(Config\Paths))
15 SYSTEMPATH\rewrite.php(44): require_once('C:\\xampp\\htdocs\\LangkahPeduliNew\\public\\index.php')
DEBUG - 2025-11-30 08:34:04 --> Session: Class initialized using 'CodeIgniter\Session\Handlers\FileHandler' driver.
DEBUG - 2025-11-30 08:34:17 --> Session: Class initialized using 'CodeIgniter\Session\Handlers\FileHandler' driver.
DEBUG - 2025-11-30 08:34:17 --> Session: Class initialized using 'CodeIgniter\Session\Handlers\FileHandler' driver.
DEBUG - 2025-11-30 08:34:25 --> Session: Class initialized using 'CodeIgniter\Session\Handlers\FileHandler' driver.
DEBUG - 2025-11-30 08:34:32 --> Session: Class initialized using 'CodeIgniter\Session\Handlers\FileHandler' driver.
DEBUG - 2025-11-30 08:34:43 --> Session: Class initialized using 'CodeIgniter\Session\Handlers\FileHandler' driver.
