DEBUG - 2025-12-02 11:49:48 --> Session: Class initialized using 'CodeIgniter\Session\Handlers\FileHandler' driver.
DEBUG - 2025-12-02 11:49:55 --> Session: Class initialized using 'CodeIgniter\Session\Handlers\FileHandler' driver.
DEBUG - 2025-12-02 11:49:56 --> Session: Class initialized using 'CodeIgniter\Session\Handlers\FileHandler' driver.
ERROR - 2025-12-02 11:50:00 --> mysqli_sql_exception: Table 'newlangkah.quiz_detail' doesn't exist in C:\xampp\htdocs\LangkahPeduliNew\system\Database\MySQLi\Connection.php:327
Stack trace:
#0 C:\xampp\htdocs\LangkahPeduliNew\system\Database\MySQLi\Connection.php(327): mysqli->query('SELECT `quiz`.*...', 0)
#1 C:\xampp\htdocs\LangkahPeduliNew\system\Database\BaseConnection.php(729): CodeIgniter\Database\MySQLi\Connection->execute('SELECT `quiz`.*...')
#2 C:\xampp\htdocs\LangkahPeduliNew\system\Database\BaseConnection.php(646): CodeIgniter\Database\BaseConnection->simpleQuery('SELECT `quiz`.*...')
#3 C:\xampp\htdocs\LangkahPeduliNew\system\Database\BaseBuilder.php(1649): CodeIgniter\Database\BaseConnection->query('SELECT `quiz`.*...', Array, false)
#4 C:\xampp\htdocs\LangkahPeduliNew\system\Model.php(286): CodeIgniter\Database\BaseBuilder->get()
#5 C:\xampp\htdocs\LangkahPeduliNew\system\BaseModel.php(677): CodeIgniter\Model->doFindAll(0, 0)
#6 C:\xampp\htdocs\LangkahPeduliNew\app\Models\QuizModel.php(20): CodeIgniter\BaseModel->findAll()
#7 C:\xampp\htdocs\LangkahPeduliNew\app\Controllers\Quiz.php(16): App\Models\QuizModel->getQuizWithBank()
#8 C:\xampp\htdocs\LangkahPeduliNew\system\CodeIgniter.php(933): App\Controllers\Quiz->index()
#9 C:\xampp\htdocs\LangkahPeduliNew\system\CodeIgniter.php(507): CodeIgniter\CodeIgniter->runController(Object(App\Controllers\Quiz))
#10 C:\xampp\htdocs\LangkahPeduliNew\system\CodeIgniter.php(354): CodeIgniter\CodeIgniter->handleRequest(NULL, Object(Config\Cache), false)
#11 C:\xampp\htdocs\LangkahPeduliNew\system\Boot.php(363): CodeIgniter\CodeIgniter->run()
#12 C:\xampp\htdocs\LangkahPeduliNew\system\Boot.php(68): CodeIgniter\Boot::runCodeIgniter(Object(CodeIgniter\CodeIgniter))
#13 C:\xampp\htdocs\LangkahPeduliNew\public\index.php(59): CodeIgniter\Boot::bootWeb(Object(Config\Paths))
#14 C:\xampp\htdocs\LangkahPeduliNew\system\rewrite.php(44): require_once('C:\\xampp\\htdocs...')
#15 {main}
CRITICAL - 2025-12-02 11:50:00 --> CodeIgniter\Database\Exceptions\DatabaseException: Table 'newlangkah.quiz_detail' doesn't exist
[Method: GET, Route: dashboard/quiz]
in SYSTEMPATH\Database\BaseConnection.php on line 684.
 1 SYSTEMPATH\Database\BaseBuilder.php(1649): CodeIgniter\Database\BaseConnection->query('SELECT `quiz`.*, GROUP_CONCAT(DISTINCT banksoal.nama_banksoal SEPARATOR ", ") as nama_banksoal
FROM `quiz`
LEFT JOIN `quiz_detail` ON `quiz_detail`.`id_quiz` = `quiz`.`id_quiz`
LEFT JOIN `soal` ON `soal`.`id_soal` = `quiz_detail`.`id_soal`
LEFT JOIN `banksoal` ON `banksoal`.`id_banksoal` = `soal`.`id_banksoal`
GROUP BY `quiz`.`id_quiz`', [], false)
 2 SYSTEMPATH\Model.php(286): CodeIgniter\Database\BaseBuilder->get()
 3 SYSTEMPATH\BaseModel.php(677): CodeIgniter\Model->doFindAll(0, 0)
 4 APPPATH\Models\QuizModel.php(20): CodeIgniter\BaseModel->findAll()
 5 APPPATH\Controllers\Quiz.php(16): App\Models\QuizModel->getQuizWithBank()
 6 SYSTEMPATH\CodeIgniter.php(933): App\Controllers\Quiz->index()
 7 SYSTEMPATH\CodeIgniter.php(507): CodeIgniter\CodeIgniter->runController(Object(App\Controllers\Quiz))
 8 SYSTEMPATH\CodeIgniter.php(354): CodeIgniter\CodeIgniter->handleRequest(null, Object(Config\Cache), false)
 9 SYSTEMPATH\Boot.php(363): CodeIgniter\CodeIgniter->run()
10 SYSTEMPATH\Boot.php(68): CodeIgniter\Boot::runCodeIgniter(Object(CodeIgniter\CodeIgniter))
11 FCPATH\index.php(59): CodeIgniter\Boot::bootWeb(Object(Config\Paths))
12 SYSTEMPATH\rewrite.php(44): require_once('C:\\xampp\\htdocs\\LangkahPeduliNew\\public\\index.php')
CRITICAL - 2025-12-02 11:50:00 --> [Caused by] CodeIgniter\Database\Exceptions\DatabaseException: Table 'newlangkah.quiz_detail' doesn't exist
in SYSTEMPATH\Database\MySQLi\Connection.php on line 332.
 1 SYSTEMPATH\Database\BaseConnection.php(729): CodeIgniter\Database\MySQLi\Connection->execute('SELECT `quiz`.*, GROUP_CONCAT(DISTINCT banksoal.nama_banksoal SEPARATOR ", ") as nama_banksoal
FROM `quiz`
LEFT JOIN `quiz_detail` ON `quiz_detail`.`id_quiz` = `quiz`.`id_quiz`
LEFT JOIN `soal` ON `soal`.`id_soal` = `quiz_detail`.`id_soal`
LEFT JOIN `banksoal` ON `banksoal`.`id_banksoal` = `soal`.`id_banksoal`
GROUP BY `quiz`.`id_quiz`')
 2 SYSTEMPATH\Database\BaseConnection.php(646): CodeIgniter\Database\BaseConnection->simpleQuery('SELECT `quiz`.*, GROUP_CONCAT(DISTINCT banksoal.nama_banksoal SEPARATOR ", ") as nama_banksoal
FROM `quiz`
LEFT JOIN `quiz_detail` ON `quiz_detail`.`id_quiz` = `quiz`.`id_quiz`
LEFT JOIN `soal` ON `soal`.`id_soal` = `quiz_detail`.`id_soal`
LEFT JOIN `banksoal` ON `banksoal`.`id_banksoal` = `soal`.`id_banksoal`
GROUP BY `quiz`.`id_quiz`')
 3 SYSTEMPATH\Database\BaseBuilder.php(1649): CodeIgniter\Database\BaseConnection->query('SELECT `quiz`.*, GROUP_CONCAT(DISTINCT banksoal.nama_banksoal SEPARATOR ", ") as nama_banksoal
FROM `quiz`
LEFT JOIN `quiz_detail` ON `quiz_detail`.`id_quiz` = `quiz`.`id_quiz`
LEFT JOIN `soal` ON `soal`.`id_soal` = `quiz_detail`.`id_soal`
LEFT JOIN `banksoal` ON `banksoal`.`id_banksoal` = `soal`.`id_banksoal`
GROUP BY `quiz`.`id_quiz`', [], false)
 4 SYSTEMPATH\Model.php(286): CodeIgniter\Database\BaseBuilder->get()
 5 SYSTEMPATH\BaseModel.php(677): CodeIgniter\Model->doFindAll(0, 0)
 6 APPPATH\Models\QuizModel.php(20): CodeIgniter\BaseModel->findAll()
 7 APPPATH\Controllers\Quiz.php(16): App\Models\QuizModel->getQuizWithBank()
 8 SYSTEMPATH\CodeIgniter.php(933): App\Controllers\Quiz->index()
 9 SYSTEMPATH\CodeIgniter.php(507): CodeIgniter\CodeIgniter->runController(Object(App\Controllers\Quiz))
10 SYSTEMPATH\CodeIgniter.php(354): CodeIgniter\CodeIgniter->handleRequest(null, Object(Config\Cache), false)
11 SYSTEMPATH\Boot.php(363): CodeIgniter\CodeIgniter->run()
12 SYSTEMPATH\Boot.php(68): CodeIgniter\Boot::runCodeIgniter(Object(CodeIgniter\CodeIgniter))
13 FCPATH\index.php(59): CodeIgniter\Boot::bootWeb(Object(Config\Paths))
14 SYSTEMPATH\rewrite.php(44): require_once('C:\\xampp\\htdocs\\LangkahPeduliNew\\public\\index.php')
CRITICAL - 2025-12-02 11:50:00 --> [Caused by] mysqli_sql_exception: Table 'newlangkah.quiz_detail' doesn't exist
in SYSTEMPATH\Database\MySQLi\Connection.php on line 327.
 1 SYSTEMPATH\Database\MySQLi\Connection.php(327): mysqli->query('SELECT `quiz`.*, GROUP_CONCAT(DISTINCT banksoal.nama_banksoal SEPARATOR ", ") as nama_banksoal
FROM `quiz`
LEFT JOIN `quiz_detail` ON `quiz_detail`.`id_quiz` = `quiz`.`id_quiz`
LEFT JOIN `soal` ON `soal`.`id_soal` = `quiz_detail`.`id_soal`
LEFT JOIN `banksoal` ON `banksoal`.`id_banksoal` = `soal`.`id_banksoal`
GROUP BY `quiz`.`id_quiz`', 0)
 2 SYSTEMPATH\Database\BaseConnection.php(729): CodeIgniter\Database\MySQLi\Connection->execute('SELECT `quiz`.*, GROUP_CONCAT(DISTINCT banksoal.nama_banksoal SEPARATOR ", ") as nama_banksoal
FROM `quiz`
LEFT JOIN `quiz_detail` ON `quiz_detail`.`id_quiz` = `quiz`.`id_quiz`
LEFT JOIN `soal` ON `soal`.`id_soal` = `quiz_detail`.`id_soal`
LEFT JOIN `banksoal` ON `banksoal`.`id_banksoal` = `soal`.`id_banksoal`
GROUP BY `quiz`.`id_quiz`')
 3 SYSTEMPATH\Database\BaseConnection.php(646): CodeIgniter\Database\BaseConnection->simpleQuery('SELECT `quiz`.*, GROUP_CONCAT(DISTINCT banksoal.nama_banksoal SEPARATOR ", ") as nama_banksoal
FROM `quiz`
LEFT JOIN `quiz_detail` ON `quiz_detail`.`id_quiz` = `quiz`.`id_quiz`
LEFT JOIN `soal` ON `soal`.`id_soal` = `quiz_detail`.`id_soal`
LEFT JOIN `banksoal` ON `banksoal`.`id_banksoal` = `soal`.`id_banksoal`
GROUP BY `quiz`.`id_quiz`')
 4 SYSTEMPATH\Database\BaseBuilder.php(1649): CodeIgniter\Database\BaseConnection->query('SELECT `quiz`.*, GROUP_CONCAT(DISTINCT banksoal.nama_banksoal SEPARATOR ", ") as nama_banksoal
FROM `quiz`
LEFT JOIN `quiz_detail` ON `quiz_detail`.`id_quiz` = `quiz`.`id_quiz`
LEFT JOIN `soal` ON `soal`.`id_soal` = `quiz_detail`.`id_soal`
LEFT JOIN `banksoal` ON `banksoal`.`id_banksoal` = `soal`.`id_banksoal`
GROUP BY `quiz`.`id_quiz`', [], false)
 5 SYSTEMPATH\Model.php(286): CodeIgniter\Database\BaseBuilder->get()
 6 SYSTEMPATH\BaseModel.php(677): CodeIgniter\Model->doFindAll(0, 0)
 7 APPPATH\Models\QuizModel.php(20): CodeIgniter\BaseModel->findAll()
 8 APPPATH\Controllers\Quiz.php(16): App\Models\QuizModel->getQuizWithBank()
 9 SYSTEMPATH\CodeIgniter.php(933): App\Controllers\Quiz->index()
10 SYSTEMPATH\CodeIgniter.php(507): CodeIgniter\CodeIgniter->runController(Object(App\Controllers\Quiz))
11 SYSTEMPATH\CodeIgniter.php(354): CodeIgniter\CodeIgniter->handleRequest(null, Object(Config\Cache), false)
12 SYSTEMPATH\Boot.php(363): CodeIgniter\CodeIgniter->run()
13 SYSTEMPATH\Boot.php(68): CodeIgniter\Boot::runCodeIgniter(Object(CodeIgniter\CodeIgniter))
14 FCPATH\index.php(59): CodeIgniter\Boot::bootWeb(Object(Config\Paths))
15 SYSTEMPATH\rewrite.php(44): require_once('C:\\xampp\\htdocs\\LangkahPeduliNew\\public\\index.php')
DEBUG - 2025-12-02 11:50:05 --> Session: Class initialized using 'CodeIgniter\Session\Handlers\FileHandler' driver.
DEBUG - 2025-12-02 11:50:10 --> Session: Class initialized using 'CodeIgniter\Session\Handlers\FileHandler' driver.
DEBUG - 2025-12-02 11:52:25 --> Session: Class initialized using 'CodeIgniter\Session\Handlers\FileHandler' driver.
DEBUG - 2025-12-02 11:52:35 --> Session: Class initialized using 'CodeIgniter\Session\Handlers\FileHandler' driver.
DEBUG - 2025-12-02 11:52:36 --> Session: Class initialized using 'CodeIgniter\Session\Handlers\FileHandler' driver.
DEBUG - 2025-12-02 11:53:24 --> Session: Class initialized using 'CodeIgniter\Session\Handlers\FileHandler' driver.
DEBUG - 2025-12-02 11:53:27 --> Session: Class initialized using 'CodeIgniter\Session\Handlers\FileHandler' driver.
CRITICAL - 2025-12-02 11:53:27 --> ErrorException: Undefined array key "kode_mapel"
[Method: GET, Route: dashboard/penerima/mapel]
in APPPATH\Views\dashboard\penerima\daftar_mapel.php on line 140.
 1 APPPATH\Views\dashboard\penerima\daftar_mapel.php(140): CodeIgniter\Debug\Exceptions->errorHandler(2, 'Undefined array key "kode_mapel"', 'C:\\xampp\\htdocs\\LangkahPeduliNew\\app\\Views\\dashboard\\penerima\\daftar_mapel.php', 140)
 2 SYSTEMPATH\View\View.php(226): include('C:\\xampp\\htdocs\\LangkahPeduliNew\\app\\Views\\dashboard\\penerima\\daftar_mapel.php')
 3 SYSTEMPATH\View\View.php(229): CodeIgniter\View\View->{closure:CodeIgniter\View\View::render():223}()
 4 SYSTEMPATH\Common.php(1167): CodeIgniter\View\View->render('dashboard/penerima/daftar_mapel', [], true)
 5 APPPATH\Controllers\Dashboard.php(145): view('dashboard/penerima/daftar_mapel', [...])
 6 SYSTEMPATH\CodeIgniter.php(933): App\Controllers\Dashboard->daftarMapel()
 7 SYSTEMPATH\CodeIgniter.php(507): CodeIgniter\CodeIgniter->runController(Object(App\Controllers\Dashboard))
 8 SYSTEMPATH\CodeIgniter.php(354): CodeIgniter\CodeIgniter->handleRequest(null, Object(Config\Cache), false)
 9 SYSTEMPATH\Boot.php(363): CodeIgniter\CodeIgniter->run()
10 SYSTEMPATH\Boot.php(68): CodeIgniter\Boot::runCodeIgniter(Object(CodeIgniter\CodeIgniter))
11 FCPATH\index.php(59): CodeIgniter\Boot::bootWeb(Object(Config\Paths))
12 SYSTEMPATH\rewrite.php(44): require_once('C:\\xampp\\htdocs\\LangkahPeduliNew\\public\\index.php')
DEBUG - 2025-12-02 11:55:43 --> Session: Class initialized using 'CodeIgniter\Session\Handlers\FileHandler' driver.
CRITICAL - 2025-12-02 11:55:44 --> ErrorException: Undefined array key "kode_mapel"
[Method: GET, Route: dashboard/penerima/mapel]
in APPPATH\Views\dashboard\penerima\daftar_mapel.php on line 140.
 1 APPPATH\Views\dashboard\penerima\daftar_mapel.php(140): CodeIgniter\Debug\Exceptions->errorHandler(2, 'Undefined array key "kode_mapel"', 'C:\\xampp\\htdocs\\LangkahPeduliNew\\app\\Views\\dashboard\\penerima\\daftar_mapel.php', 140)
 2 SYSTEMPATH\View\View.php(226): include('C:\\xampp\\htdocs\\LangkahPeduliNew\\app\\Views\\dashboard\\penerima\\daftar_mapel.php')
 3 SYSTEMPATH\View\View.php(229): CodeIgniter\View\View->{closure:CodeIgniter\View\View::render():223}()
 4 SYSTEMPATH\Common.php(1167): CodeIgniter\View\View->render('dashboard/penerima/daftar_mapel', [], true)
 5 APPPATH\Controllers\Dashboard.php(145): view('dashboard/penerima/daftar_mapel', [...])
 6 SYSTEMPATH\CodeIgniter.php(933): App\Controllers\Dashboard->daftarMapel()
 7 SYSTEMPATH\CodeIgniter.php(507): CodeIgniter\CodeIgniter->runController(Object(App\Controllers\Dashboard))
 8 SYSTEMPATH\CodeIgniter.php(354): CodeIgniter\CodeIgniter->handleRequest(null, Object(Config\Cache), false)
 9 SYSTEMPATH\Boot.php(363): CodeIgniter\CodeIgniter->run()
10 SYSTEMPATH\Boot.php(68): CodeIgniter\Boot::runCodeIgniter(Object(CodeIgniter\CodeIgniter))
11 FCPATH\index.php(59): CodeIgniter\Boot::bootWeb(Object(Config\Paths))
12 SYSTEMPATH\rewrite.php(44): require_once('C:\\xampp\\htdocs\\LangkahPeduliNew\\public\\index.php')
DEBUG - 2025-12-02 12:07:48 --> Session: Class initialized using 'CodeIgniter\Session\Handlers\FileHandler' driver.
CRITICAL - 2025-12-02 12:07:48 --> Error: Class "App\Models\MataPelajaranModel" not found
[Method: GET, Route: dashboard/penerima/mapel]
in APPPATH\Controllers\Dashboard.php on line 136.
 1 SYSTEMPATH\CodeIgniter.php(933): App\Controllers\Dashboard->daftarMapel()
 2 SYSTEMPATH\CodeIgniter.php(507): CodeIgniter\CodeIgniter->runController(Object(App\Controllers\Dashboard))
 3 SYSTEMPATH\CodeIgniter.php(354): CodeIgniter\CodeIgniter->handleRequest(null, Object(Config\Cache), false)
 4 SYSTEMPATH\Boot.php(363): CodeIgniter\CodeIgniter->run()
 5 SYSTEMPATH\Boot.php(68): CodeIgniter\Boot::runCodeIgniter(Object(CodeIgniter\CodeIgniter))
 6 FCPATH\index.php(59): CodeIgniter\Boot::bootWeb(Object(Config\Paths))
 7 SYSTEMPATH\rewrite.php(44): require_once('C:\\xampp\\htdocs\\LangkahPeduliNew\\public\\index.php')
DEBUG - 2025-12-02 12:07:49 --> Session: Class initialized using 'CodeIgniter\Session\Handlers\FileHandler' driver.
CRITICAL - 2025-12-02 12:07:49 --> Error: Class "App\Models\MataPelajaranModel" not found
[Method: GET, Route: dashboard/penerima/mapel]
in APPPATH\Controllers\Dashboard.php on line 136.
 1 SYSTEMPATH\CodeIgniter.php(933): App\Controllers\Dashboard->daftarMapel()
 2 SYSTEMPATH\CodeIgniter.php(507): CodeIgniter\CodeIgniter->runController(Object(App\Controllers\Dashboard))
 3 SYSTEMPATH\CodeIgniter.php(354): CodeIgniter\CodeIgniter->handleRequest(null, Object(Config\Cache), false)
 4 SYSTEMPATH\Boot.php(363): CodeIgniter\CodeIgniter->run()
 5 SYSTEMPATH\Boot.php(68): CodeIgniter\Boot::runCodeIgniter(Object(CodeIgniter\CodeIgniter))
 6 FCPATH\index.php(59): CodeIgniter\Boot::bootWeb(Object(Config\Paths))
 7 SYSTEMPATH\rewrite.php(44): require_once('C:\\xampp\\htdocs\\LangkahPeduliNew\\public\\index.php')
DEBUG - 2025-12-02 12:07:50 --> Session: Class initialized using 'CodeIgniter\Session\Handlers\FileHandler' driver.
CRITICAL - 2025-12-02 12:07:50 --> Error: Class "App\Models\MataPelajaranModel" not found
[Method: GET, Route: dashboard/penerima/mapel]
in APPPATH\Controllers\Dashboard.php on line 136.
 1 SYSTEMPATH\CodeIgniter.php(933): App\Controllers\Dashboard->daftarMapel()
 2 SYSTEMPATH\CodeIgniter.php(507): CodeIgniter\CodeIgniter->runController(Object(App\Controllers\Dashboard))
 3 SYSTEMPATH\CodeIgniter.php(354): CodeIgniter\CodeIgniter->handleRequest(null, Object(Config\Cache), false)
 4 SYSTEMPATH\Boot.php(363): CodeIgniter\CodeIgniter->run()
 5 SYSTEMPATH\Boot.php(68): CodeIgniter\Boot::runCodeIgniter(Object(CodeIgniter\CodeIgniter))
 6 FCPATH\index.php(59): CodeIgniter\Boot::bootWeb(Object(Config\Paths))
 7 SYSTEMPATH\rewrite.php(44): require_once('C:\\xampp\\htdocs\\LangkahPeduliNew\\public\\index.php')
DEBUG - 2025-12-02 12:13:10 --> Session: Class initialized using 'CodeIgniter\Session\Handlers\FileHandler' driver.
CRITICAL - 2025-12-02 12:13:10 --> ErrorException: Undefined array key "kode_mapel"
[Method: GET, Route: dashboard/penerima/mapel]
in APPPATH\Views\dashboard\penerima\daftar_mapel.php on line 140.
 1 APPPATH\Views\dashboard\penerima\daftar_mapel.php(140): CodeIgniter\Debug\Exceptions->errorHandler(2, 'Undefined array key "kode_mapel"', 'C:\\xampp\\htdocs\\LangkahPeduliNew\\app\\Views\\dashboard\\penerima\\daftar_mapel.php', 140)
 2 SYSTEMPATH\View\View.php(226): include('C:\\xampp\\htdocs\\LangkahPeduliNew\\app\\Views\\dashboard\\penerima\\daftar_mapel.php')
 3 SYSTEMPATH\View\View.php(229): CodeIgniter\View\View->{closure:CodeIgniter\View\View::render():223}()
 4 SYSTEMPATH\Common.php(1167): CodeIgniter\View\View->render('dashboard/penerima/daftar_mapel', [], true)
 5 APPPATH\Controllers\Dashboard.php(149): view('dashboard/penerima/daftar_mapel', [...])
 6 SYSTEMPATH\CodeIgniter.php(933): App\Controllers\Dashboard->daftarMapel()
 7 SYSTEMPATH\CodeIgniter.php(507): CodeIgniter\CodeIgniter->runController(Object(App\Controllers\Dashboard))
 8 SYSTEMPATH\CodeIgniter.php(354): CodeIgniter\CodeIgniter->handleRequest(null, Object(Config\Cache), false)
 9 SYSTEMPATH\Boot.php(363): CodeIgniter\CodeIgniter->run()
10 SYSTEMPATH\Boot.php(68): CodeIgniter\Boot::runCodeIgniter(Object(CodeIgniter\CodeIgniter))
11 FCPATH\index.php(59): CodeIgniter\Boot::bootWeb(Object(Config\Paths))
12 SYSTEMPATH\rewrite.php(44): require_once('C:\\xampp\\htdocs\\LangkahPeduliNew\\public\\index.php')
DEBUG - 2025-12-02 12:13:12 --> Session: Class initialized using 'CodeIgniter\Session\Handlers\FileHandler' driver.
CRITICAL - 2025-12-02 12:13:12 --> ErrorException: Undefined array key "kode_mapel"
[Method: GET, Route: dashboard/penerima/mapel]
in APPPATH\Views\dashboard\penerima\daftar_mapel.php on line 140.
 1 APPPATH\Views\dashboard\penerima\daftar_mapel.php(140): CodeIgniter\Debug\Exceptions->errorHandler(2, 'Undefined array key "kode_mapel"', 'C:\\xampp\\htdocs\\LangkahPeduliNew\\app\\Views\\dashboard\\penerima\\daftar_mapel.php', 140)
 2 SYSTEMPATH\View\View.php(226): include('C:\\xampp\\htdocs\\LangkahPeduliNew\\app\\Views\\dashboard\\penerima\\daftar_mapel.php')
 3 SYSTEMPATH\View\View.php(229): CodeIgniter\View\View->{closure:CodeIgniter\View\View::render():223}()
 4 SYSTEMPATH\Common.php(1167): CodeIgniter\View\View->render('dashboard/penerima/daftar_mapel', [], true)
 5 APPPATH\Controllers\Dashboard.php(149): view('dashboard/penerima/daftar_mapel', [...])
 6 SYSTEMPATH\CodeIgniter.php(933): App\Controllers\Dashboard->daftarMapel()
 7 SYSTEMPATH\CodeIgniter.php(507): CodeIgniter\CodeIgniter->runController(Object(App\Controllers\Dashboard))
 8 SYSTEMPATH\CodeIgniter.php(354): CodeIgniter\CodeIgniter->handleRequest(null, Object(Config\Cache), false)
 9 SYSTEMPATH\Boot.php(363): CodeIgniter\CodeIgniter->run()
10 SYSTEMPATH\Boot.php(68): CodeIgniter\Boot::runCodeIgniter(Object(CodeIgniter\CodeIgniter))
11 FCPATH\index.php(59): CodeIgniter\Boot::bootWeb(Object(Config\Paths))
12 SYSTEMPATH\rewrite.php(44): require_once('C:\\xampp\\htdocs\\LangkahPeduliNew\\public\\index.php')
DEBUG - 2025-12-02 12:15:22 --> Session: Class initialized using 'CodeIgniter\Session\Handlers\FileHandler' driver.
DEBUG - 2025-12-02 12:19:39 --> Session: Class initialized using 'CodeIgniter\Session\Handlers\FileHandler' driver.
DEBUG - 2025-12-02 12:19:53 --> Session: Class initialized using 'CodeIgniter\Session\Handlers\FileHandler' driver.
DEBUG - 2025-12-02 12:19:55 --> Session: Class initialized using 'CodeIgniter\Session\Handlers\FileHandler' driver.
DEBUG - 2025-12-02 12:22:27 --> Session: Class initialized using 'CodeIgniter\Session\Handlers\FileHandler' driver.
DEBUG - 2025-12-02 12:22:31 --> Session: Class initialized using 'CodeIgniter\Session\Handlers\FileHandler' driver.
DEBUG - 2025-12-02 12:23:27 --> Session: Class initialized using 'CodeIgniter\Session\Handlers\FileHandler' driver.
DEBUG - 2025-12-02 12:23:43 --> Session: Class initialized using 'CodeIgniter\Session\Handlers\FileHandler' driver.
DEBUG - 2025-12-02 12:24:24 --> Session: Class initialized using 'CodeIgniter\Session\Handlers\FileHandler' driver.
DEBUG - 2025-12-02 12:26:30 --> Session: Class initialized using 'CodeIgniter\Session\Handlers\FileHandler' driver.
DEBUG - 2025-12-02 12:26:34 --> Session: Class initialized using 'CodeIgniter\Session\Handlers\FileHandler' driver.
DEBUG - 2025-12-02 12:32:29 --> Session: Class initialized using 'CodeIgniter\Session\Handlers\FileHandler' driver.
CRITICAL - 2025-12-02 12:32:30 --> CodeIgniter\View\Exceptions\ViewException: Invalid file: "dashboard/penerima/detail_materi.php"
[Method: GET, Route: dashboard/penerima/materi/1]
in SYSTEMPATH\Exceptions\FrameworkException.php on line 39.
 1 SYSTEMPATH\View\View.php(214): CodeIgniter\Exceptions\FrameworkException::forInvalidFile('dashboard/penerima/detail_materi.php')
 2 SYSTEMPATH\Common.php(1167): CodeIgniter\View\View->render('dashboard/penerima/detail_materi', [], true)
 3 APPPATH\Controllers\Dashboard.php(230): view('dashboard/penerima/detail_materi', [...])
 4 SYSTEMPATH\CodeIgniter.php(933): App\Controllers\Dashboard->detailMateri('1')
 5 SYSTEMPATH\CodeIgniter.php(507): CodeIgniter\CodeIgniter->runController(Object(App\Controllers\Dashboard))
 6 SYSTEMPATH\CodeIgniter.php(354): CodeIgniter\CodeIgniter->handleRequest(null, Object(Config\Cache), false)
 7 SYSTEMPATH\Boot.php(363): CodeIgniter\CodeIgniter->run()
 8 SYSTEMPATH\Boot.php(68): CodeIgniter\Boot::runCodeIgniter(Object(CodeIgniter\CodeIgniter))
 9 FCPATH\index.php(59): CodeIgniter\Boot::bootWeb(Object(Config\Paths))
10 SYSTEMPATH\rewrite.php(44): require_once('C:\\xampp\\htdocs\\LangkahPeduliNew\\public\\index.php')
DEBUG - 2025-12-02 12:32:44 --> Session: Class initialized using 'CodeIgniter\Session\Handlers\FileHandler' driver.
DEBUG - 2025-12-02 12:32:46 --> Session: Class initialized using 'CodeIgniter\Session\Handlers\FileHandler' driver.
DEBUG - 2025-12-02 12:32:49 --> Session: Class initialized using 'CodeIgniter\Session\Handlers\FileHandler' driver.
DEBUG - 2025-12-02 12:32:51 --> Session: Class initialized using 'CodeIgniter\Session\Handlers\FileHandler' driver.
DEBUG - 2025-12-02 12:32:53 --> Session: Class initialized using 'CodeIgniter\Session\Handlers\FileHandler' driver.
CRITICAL - 2025-12-02 12:32:53 --> CodeIgniter\View\Exceptions\ViewException: Invalid file: "dashboard/penerima/detail_materi.php"
[Method: GET, Route: dashboard/penerima/materi/4]
in SYSTEMPATH\Exceptions\FrameworkException.php on line 39.
 1 SYSTEMPATH\View\View.php(214): CodeIgniter\Exceptions\FrameworkException::forInvalidFile('dashboard/penerima/detail_materi.php')
 2 SYSTEMPATH\Common.php(1167): CodeIgniter\View\View->render('dashboard/penerima/detail_materi', [], true)
 3 APPPATH\Controllers\Dashboard.php(230): view('dashboard/penerima/detail_materi', [...])
 4 SYSTEMPATH\CodeIgniter.php(933): App\Controllers\Dashboard->detailMateri('4')
 5 SYSTEMPATH\CodeIgniter.php(507): CodeIgniter\CodeIgniter->runController(Object(App\Controllers\Dashboard))
 6 SYSTEMPATH\CodeIgniter.php(354): CodeIgniter\CodeIgniter->handleRequest(null, Object(Config\Cache), false)
 7 SYSTEMPATH\Boot.php(363): CodeIgniter\CodeIgniter->run()
 8 SYSTEMPATH\Boot.php(68): CodeIgniter\Boot::runCodeIgniter(Object(CodeIgniter\CodeIgniter))
 9 FCPATH\index.php(59): CodeIgniter\Boot::bootWeb(Object(Config\Paths))
10 SYSTEMPATH\rewrite.php(44): require_once('C:\\xampp\\htdocs\\LangkahPeduliNew\\public\\index.php')
DEBUG - 2025-12-02 12:33:01 --> Session: Class initialized using 'CodeIgniter\Session\Handlers\FileHandler' driver.
DEBUG - 2025-12-02 12:33:06 --> Session: Class initialized using 'CodeIgniter\Session\Handlers\FileHandler' driver.
DEBUG - 2025-12-02 12:33:09 --> Session: Class initialized using 'CodeIgniter\Session\Handlers\FileHandler' driver.
CRITICAL - 2025-12-02 12:33:09 --> CodeIgniter\View\Exceptions\ViewException: Invalid file: "dashboard/penerima/detail_materi.php"
[Method: GET, Route: dashboard/penerima/materi/1]
in SYSTEMPATH\Exceptions\FrameworkException.php on line 39.
 1 SYSTEMPATH\View\View.php(214): CodeIgniter\Exceptions\FrameworkException::forInvalidFile('dashboard/penerima/detail_materi.php')
 2 SYSTEMPATH\Common.php(1167): CodeIgniter\View\View->render('dashboard/penerima/detail_materi', [], true)
 3 APPPATH\Controllers\Dashboard.php(230): view('dashboard/penerima/detail_materi', [...])
 4 SYSTEMPATH\CodeIgniter.php(933): App\Controllers\Dashboard->detailMateri('1')
 5 SYSTEMPATH\CodeIgniter.php(507): CodeIgniter\CodeIgniter->runController(Object(App\Controllers\Dashboard))
 6 SYSTEMPATH\CodeIgniter.php(354): CodeIgniter\CodeIgniter->handleRequest(null, Object(Config\Cache), false)
 7 SYSTEMPATH\Boot.php(363): CodeIgniter\CodeIgniter->run()
 8 SYSTEMPATH\Boot.php(68): CodeIgniter\Boot::runCodeIgniter(Object(CodeIgniter\CodeIgniter))
 9 FCPATH\index.php(59): CodeIgniter\Boot::bootWeb(Object(Config\Paths))
10 SYSTEMPATH\rewrite.php(44): require_once('C:\\xampp\\htdocs\\LangkahPeduliNew\\public\\index.php')
DEBUG - 2025-12-02 12:33:48 --> Session: Class initialized using 'CodeIgniter\Session\Handlers\FileHandler' driver.
DEBUG - 2025-12-02 12:34:54 --> Session: Class initialized using 'CodeIgniter\Session\Handlers\FileHandler' driver.
CRITICAL - 2025-12-02 12:34:54 --> ErrorException: Undefined array key "nama_kategori"
[Method: GET, Route: dashboard/penerima/materi/1]
in APPPATH\Views\dashboard\penerima\detail_materi.php on line 61.
 1 APPPATH\Views\dashboard\penerima\detail_materi.php(61): CodeIgniter\Debug\Exceptions->errorHandler(2, 'Undefined array key "nama_kategori"', 'C:\\xampp\\htdocs\\LangkahPeduliNew\\app\\Views\\dashboard\\penerima\\detail_materi.php', 61)
 2 SYSTEMPATH\View\View.php(226): include('C:\\xampp\\htdocs\\LangkahPeduliNew\\app\\Views\\dashboard\\penerima\\detail_materi.php')
 3 SYSTEMPATH\View\View.php(229): CodeIgniter\View\View->{closure:CodeIgniter\View\View::render():223}()
 4 SYSTEMPATH\Common.php(1167): CodeIgniter\View\View->render('dashboard/penerima/detail_materi', [], true)
 5 APPPATH\Controllers\Dashboard.php(230): view('dashboard/penerima/detail_materi', [...])
 6 SYSTEMPATH\CodeIgniter.php(933): App\Controllers\Dashboard->detailMateri('1')
 7 SYSTEMPATH\CodeIgniter.php(507): CodeIgniter\CodeIgniter->runController(Object(App\Controllers\Dashboard))
 8 SYSTEMPATH\CodeIgniter.php(354): CodeIgniter\CodeIgniter->handleRequest(null, Object(Config\Cache), false)
 9 SYSTEMPATH\Boot.php(363): CodeIgniter\CodeIgniter->run()
10 SYSTEMPATH\Boot.php(68): CodeIgniter\Boot::runCodeIgniter(Object(CodeIgniter\CodeIgniter))
11 FCPATH\index.php(59): CodeIgniter\Boot::bootWeb(Object(Config\Paths))
12 SYSTEMPATH\rewrite.php(44): require_once('C:\\xampp\\htdocs\\LangkahPeduliNew\\public\\index.php')
DEBUG - 2025-12-02 12:35:01 --> Session: Class initialized using 'CodeIgniter\Session\Handlers\FileHandler' driver.
DEBUG - 2025-12-02 12:35:41 --> Session: Class initialized using 'CodeIgniter\Session\Handlers\FileHandler' driver.
DEBUG - 2025-12-02 12:36:11 --> Session: Class initialized using 'CodeIgniter\Session\Handlers\FileHandler' driver.
DEBUG - 2025-12-02 12:36:14 --> Session: Class initialized using 'CodeIgniter\Session\Handlers\FileHandler' driver.
DEBUG - 2025-12-02 12:36:17 --> Session: Class initialized using 'CodeIgniter\Session\Handlers\FileHandler' driver.
DEBUG - 2025-12-02 12:36:24 --> Session: Class initialized using 'CodeIgniter\Session\Handlers\FileHandler' driver.
DEBUG - 2025-12-02 12:36:25 --> Session: Class initialized using 'CodeIgniter\Session\Handlers\FileHandler' driver.
DEBUG - 2025-12-02 12:36:46 --> Session: Class initialized using 'CodeIgniter\Session\Handlers\FileHandler' driver.
DEBUG - 2025-12-02 12:36:48 --> Session: Class initialized using 'CodeIgniter\Session\Handlers\FileHandler' driver.
DEBUG - 2025-12-02 12:36:56 --> Session: Class initialized using 'CodeIgniter\Session\Handlers\FileHandler' driver.
DEBUG - 2025-12-02 12:37:06 --> Session: Class initialized using 'CodeIgniter\Session\Handlers\FileHandler' driver.
DEBUG - 2025-12-02 12:37:06 --> Session: Class initialized using 'CodeIgniter\Session\Handlers\FileHandler' driver.
DEBUG - 2025-12-02 12:37:09 --> Session: Class initialized using 'CodeIgniter\Session\Handlers\FileHandler' driver.
DEBUG - 2025-12-02 12:37:12 --> Session: Class initialized using 'CodeIgniter\Session\Handlers\FileHandler' driver.
DEBUG - 2025-12-02 12:37:13 --> Session: Class initialized using 'CodeIgniter\Session\Handlers\FileHandler' driver.
DEBUG - 2025-12-02 12:37:25 --> Session: Class initialized using 'CodeIgniter\Session\Handlers\FileHandler' driver.
DEBUG - 2025-12-02 12:37:25 --> Session: Class initialized using 'CodeIgniter\Session\Handlers\FileHandler' driver.
DEBUG - 2025-12-02 12:37:36 --> Session: Class initialized using 'CodeIgniter\Session\Handlers\FileHandler' driver.
DEBUG - 2025-12-02 12:37:36 --> Session: Class initialized using 'CodeIgniter\Session\Handlers\FileHandler' driver.
DEBUG - 2025-12-02 12:38:15 --> Session: Class initialized using 'CodeIgniter\Session\Handlers\FileHandler' driver.
DEBUG - 2025-12-02 12:38:47 --> Session: Class initialized using 'CodeIgniter\Session\Handlers\FileHandler' driver.
DEBUG - 2025-12-02 12:38:48 --> Session: Class initialized using 'CodeIgniter\Session\Handlers\FileHandler' driver.
DEBUG - 2025-12-02 12:39:18 --> Session: Class initialized using 'CodeIgniter\Session\Handlers\FileHandler' driver.
DEBUG - 2025-12-02 12:39:18 --> Session: Class initialized using 'CodeIgniter\Session\Handlers\FileHandler' driver.
DEBUG - 2025-12-02 12:39:21 --> Session: Class initialized using 'CodeIgniter\Session\Handlers\FileHandler' driver.
CRITICAL - 2025-12-02 12:39:24 --> CodeIgniter\Database\Exceptions\DatabaseException: Deletes are not allowed unless they contain a "where" or "like" clause.
[Method: GET, Route: dashboard/admin/hapus-forum/0]
in SYSTEMPATH\Database\BaseBuilder.php on line 2819.
 1 SYSTEMPATH\Model.php(521): CodeIgniter\Database\BaseBuilder->delete()
 2 SYSTEMPATH\BaseModel.php(1152): CodeIgniter\Model->doDelete('0', false)
 3 APPPATH\Controllers\ForumController.php(76): CodeIgniter\BaseModel->delete('0')
 4 SYSTEMPATH\CodeIgniter.php(933): App\Controllers\ForumController->hapusForum('0')
 5 SYSTEMPATH\CodeIgniter.php(507): CodeIgniter\CodeIgniter->runController(Object(App\Controllers\ForumController))
 6 SYSTEMPATH\CodeIgniter.php(354): CodeIgniter\CodeIgniter->handleRequest(null, Object(Config\Cache), false)
 7 SYSTEMPATH\Boot.php(363): CodeIgniter\CodeIgniter->run()
 8 SYSTEMPATH\Boot.php(68): CodeIgniter\Boot::runCodeIgniter(Object(CodeIgniter\CodeIgniter))
 9 FCPATH\index.php(59): CodeIgniter\Boot::bootWeb(Object(Config\Paths))
10 SYSTEMPATH\rewrite.php(44): require_once('C:\\xampp\\htdocs\\LangkahPeduliNew\\public\\index.php')
DEBUG - 2025-12-02 12:54:25 --> Session: Class initialized using 'CodeIgniter\Session\Handlers\FileHandler' driver.
DEBUG - 2025-12-02 12:54:36 --> Session: Class initialized using 'CodeIgniter\Session\Handlers\FileHandler' driver.
DEBUG - 2025-12-02 12:54:37 --> Session: Class initialized using 'CodeIgniter\Session\Handlers\FileHandler' driver.
DEBUG - 2025-12-02 12:54:40 --> Session: Class initialized using 'CodeIgniter\Session\Handlers\FileHandler' driver.
DEBUG - 2025-12-02 12:54:45 --> Session: Class initialized using 'CodeIgniter\Session\Handlers\FileHandler' driver.
CRITICAL - 2025-12-02 12:54:49 --> CodeIgniter\Database\Exceptions\DatabaseException: Deletes are not allowed unless they contain a "where" or "like" clause.
[Method: GET, Route: dashboard/admin/hapus-forum/0]
in SYSTEMPATH\Database\BaseBuilder.php on line 2819.
 1 SYSTEMPATH\Model.php(521): CodeIgniter\Database\BaseBuilder->delete()
 2 SYSTEMPATH\BaseModel.php(1152): CodeIgniter\Model->doDelete('0', false)
 3 APPPATH\Controllers\ForumController.php(76): CodeIgniter\BaseModel->delete('0')
 4 SYSTEMPATH\CodeIgniter.php(933): App\Controllers\ForumController->hapusForum('0')
 5 SYSTEMPATH\CodeIgniter.php(507): CodeIgniter\CodeIgniter->runController(Object(App\Controllers\ForumController))
 6 SYSTEMPATH\CodeIgniter.php(354): CodeIgniter\CodeIgniter->handleRequest(null, Object(Config\Cache), false)
 7 SYSTEMPATH\Boot.php(363): CodeIgniter\CodeIgniter->run()
 8 SYSTEMPATH\Boot.php(68): CodeIgniter\Boot::runCodeIgniter(Object(CodeIgniter\CodeIgniter))
 9 FCPATH\index.php(59): CodeIgniter\Boot::bootWeb(Object(Config\Paths))
10 SYSTEMPATH\rewrite.php(44): require_once('C:\\xampp\\htdocs\\LangkahPeduliNew\\public\\index.php')
DEBUG - 2025-12-02 12:58:12 --> Session: Class initialized using 'CodeIgniter\Session\Handlers\FileHandler' driver.
DEBUG - 2025-12-02 12:58:14 --> Session: Class initialized using 'CodeIgniter\Session\Handlers\FileHandler' driver.
DEBUG - 2025-12-02 12:58:22 --> Session: Class initialized using 'CodeIgniter\Session\Handlers\FileHandler' driver.
DEBUG - 2025-12-02 12:58:33 --> Session: Class initialized using 'CodeIgniter\Session\Handlers\FileHandler' driver.
DEBUG - 2025-12-02 12:58:33 --> Session: Class initialized using 'CodeIgniter\Session\Handlers\FileHandler' driver.
DEBUG - 2025-12-02 13:00:51 --> Session: Class initialized using 'CodeIgniter\Session\Handlers\FileHandler' driver.
DEBUG - 2025-12-02 13:01:27 --> Session: Class initialized using 'CodeIgniter\Session\Handlers\FileHandler' driver.
DEBUG - 2025-12-02 13:01:27 --> Session: Class initialized using 'CodeIgniter\Session\Handlers\FileHandler' driver.
DEBUG - 2025-12-02 13:01:40 --> Session: Class initialized using 'CodeIgniter\Session\Handlers\FileHandler' driver.
DEBUG - 2025-12-02 13:01:40 --> Session: Class initialized using 'CodeIgniter\Session\Handlers\FileHandler' driver.
DEBUG - 2025-12-02 13:01:44 --> Session: Class initialized using 'CodeIgniter\Session\Handlers\FileHandler' driver.
ERROR - 2025-12-02 13:01:46 --> mysqli_sql_exception: Table 'langkahpeduli.komentar' doesn't exist in C:\xampp\htdocs\LangkahPeduliNew\system\Database\MySQLi\Connection.php:327
Stack trace:
#0 C:\xampp\htdocs\LangkahPeduliNew\system\Database\MySQLi\Connection.php(327): mysqli->query('SELECT `komenta...', 0)
#1 C:\xampp\htdocs\LangkahPeduliNew\system\Database\BaseConnection.php(729): CodeIgniter\Database\MySQLi\Connection->execute('SELECT `komenta...')
#2 C:\xampp\htdocs\LangkahPeduliNew\system\Database\BaseConnection.php(646): CodeIgniter\Database\BaseConnection->simpleQuery('SELECT `komenta...')
#3 C:\xampp\htdocs\LangkahPeduliNew\system\Database\BaseBuilder.php(1649): CodeIgniter\Database\BaseConnection->query('SELECT `komenta...', Array, false)
#4 C:\xampp\htdocs\LangkahPeduliNew\system\Model.php(286): CodeIgniter\Database\BaseBuilder->get()
#5 C:\xampp\htdocs\LangkahPeduliNew\system\BaseModel.php(677): CodeIgniter\Model->doFindAll(0, 0)
#6 C:\xampp\htdocs\LangkahPeduliNew\app\Models\KomentarModel.php(28): CodeIgniter\BaseModel->findAll()
#7 C:\xampp\htdocs\LangkahPeduliNew\app\Controllers\Forum.php(35): App\Models\KomentarModel->getKomentarByForum('0')
#8 C:\xampp\htdocs\LangkahPeduliNew\system\CodeIgniter.php(933): App\Controllers\Forum->detail('0')
#9 C:\xampp\htdocs\LangkahPeduliNew\system\CodeIgniter.php(507): CodeIgniter\CodeIgniter->runController(Object(App\Controllers\Forum))
#10 C:\xampp\htdocs\LangkahPeduliNew\system\CodeIgniter.php(354): CodeIgniter\CodeIgniter->handleRequest(NULL, Object(Config\Cache), false)
#11 C:\xampp\htdocs\LangkahPeduliNew\system\Boot.php(363): CodeIgniter\CodeIgniter->run()
#12 C:\xampp\htdocs\LangkahPeduliNew\system\Boot.php(68): CodeIgniter\Boot::runCodeIgniter(Object(CodeIgniter\CodeIgniter))
#13 C:\xampp\htdocs\LangkahPeduliNew\public\index.php(59): CodeIgniter\Boot::bootWeb(Object(Config\Paths))
#14 C:\xampp\htdocs\LangkahPeduliNew\system\rewrite.php(44): require_once('C:\\xampp\\htdocs...')
#15 {main}
CRITICAL - 2025-12-02 13:01:46 --> CodeIgniter\Database\Exceptions\DatabaseException: Table 'langkahpeduli.komentar' doesn't exist
[Method: GET, Route: dashboard/forum/detail/0]
in SYSTEMPATH\Database\BaseConnection.php on line 684.
 1 SYSTEMPATH\Database\BaseBuilder.php(1649): CodeIgniter\Database\BaseConnection->query('SELECT `komentar`.*, `users`.`username` AS `name`
FROM `komentar`
JOIN `users` ON `users`.`id` = `komentar`.`user_id`
WHERE `forum_id` = :forum_id:
ORDER BY `tanggal` ASC', [...], false)
 2 SYSTEMPATH\Model.php(286): CodeIgniter\Database\BaseBuilder->get()
 3 SYSTEMPATH\BaseModel.php(677): CodeIgniter\Model->doFindAll(0, 0)
 4 APPPATH\Models\KomentarModel.php(28): CodeIgniter\BaseModel->findAll()
 5 APPPATH\Controllers\Forum.php(35): App\Models\KomentarModel->getKomentarByForum('0')
 6 SYSTEMPATH\CodeIgniter.php(933): App\Controllers\Forum->detail('0')
 7 SYSTEMPATH\CodeIgniter.php(507): CodeIgniter\CodeIgniter->runController(Object(App\Controllers\Forum))
 8 SYSTEMPATH\CodeIgniter.php(354): CodeIgniter\CodeIgniter->handleRequest(null, Object(Config\Cache), false)
 9 SYSTEMPATH\Boot.php(363): CodeIgniter\CodeIgniter->run()
10 SYSTEMPATH\Boot.php(68): CodeIgniter\Boot::runCodeIgniter(Object(CodeIgniter\CodeIgniter))
11 FCPATH\index.php(59): CodeIgniter\Boot::bootWeb(Object(Config\Paths))
12 SYSTEMPATH\rewrite.php(44): require_once('C:\\xampp\\htdocs\\LangkahPeduliNew\\public\\index.php')
CRITICAL - 2025-12-02 13:01:46 --> [Caused by] CodeIgniter\Database\Exceptions\DatabaseException: Table 'langkahpeduli.komentar' doesn't exist
in SYSTEMPATH\Database\MySQLi\Connection.php on line 332.
 1 SYSTEMPATH\Database\BaseConnection.php(729): CodeIgniter\Database\MySQLi\Connection->execute('SELECT `komentar`.*, `users`.`username` AS `name`
FROM `komentar`
JOIN `users` ON `users`.`id` = `komentar`.`user_id`
WHERE `forum_id` = \'0\'
ORDER BY `tanggal` ASC')
 2 SYSTEMPATH\Database\BaseConnection.php(646): CodeIgniter\Database\BaseConnection->simpleQuery('SELECT `komentar`.*, `users`.`username` AS `name`
FROM `komentar`
JOIN `users` ON `users`.`id` = `komentar`.`user_id`
WHERE `forum_id` = \'0\'
ORDER BY `tanggal` ASC')
 3 SYSTEMPATH\Database\BaseBuilder.php(1649): CodeIgniter\Database\BaseConnection->query('SELECT `komentar`.*, `users`.`username` AS `name`
FROM `komentar`
JOIN `users` ON `users`.`id` = `komentar`.`user_id`
WHERE `forum_id` = :forum_id:
ORDER BY `tanggal` ASC', [...], false)
 4 SYSTEMPATH\Model.php(286): CodeIgniter\Database\BaseBuilder->get()
 5 SYSTEMPATH\BaseModel.php(677): CodeIgniter\Model->doFindAll(0, 0)
 6 APPPATH\Models\KomentarModel.php(28): CodeIgniter\BaseModel->findAll()
 7 APPPATH\Controllers\Forum.php(35): App\Models\KomentarModel->getKomentarByForum('0')
 8 SYSTEMPATH\CodeIgniter.php(933): App\Controllers\Forum->detail('0')
 9 SYSTEMPATH\CodeIgniter.php(507): CodeIgniter\CodeIgniter->runController(Object(App\Controllers\Forum))
10 SYSTEMPATH\CodeIgniter.php(354): CodeIgniter\CodeIgniter->handleRequest(null, Object(Config\Cache), false)
11 SYSTEMPATH\Boot.php(363): CodeIgniter\CodeIgniter->run()
12 SYSTEMPATH\Boot.php(68): CodeIgniter\Boot::runCodeIgniter(Object(CodeIgniter\CodeIgniter))
13 FCPATH\index.php(59): CodeIgniter\Boot::bootWeb(Object(Config\Paths))
14 SYSTEMPATH\rewrite.php(44): require_once('C:\\xampp\\htdocs\\LangkahPeduliNew\\public\\index.php')
CRITICAL - 2025-12-02 13:01:46 --> [Caused by] mysqli_sql_exception: Table 'langkahpeduli.komentar' doesn't exist
in SYSTEMPATH\Database\MySQLi\Connection.php on line 327.
 1 SYSTEMPATH\Database\MySQLi\Connection.php(327): mysqli->query('SELECT `komentar`.*, `users`.`username` AS `name`
FROM `komentar`
JOIN `users` ON `users`.`id` = `komentar`.`user_id`
WHERE `forum_id` = \'0\'
ORDER BY `tanggal` ASC', 0)
 2 SYSTEMPATH\Database\BaseConnection.php(729): CodeIgniter\Database\MySQLi\Connection->execute('SELECT `komentar`.*, `users`.`username` AS `name`
FROM `komentar`
JOIN `users` ON `users`.`id` = `komentar`.`user_id`
WHERE `forum_id` = \'0\'
ORDER BY `tanggal` ASC')
 3 SYSTEMPATH\Database\BaseConnection.php(646): CodeIgniter\Database\BaseConnection->simpleQuery('SELECT `komentar`.*, `users`.`username` AS `name`
FROM `komentar`
JOIN `users` ON `users`.`id` = `komentar`.`user_id`
WHERE `forum_id` = \'0\'
ORDER BY `tanggal` ASC')
 4 SYSTEMPATH\Database\BaseBuilder.php(1649): CodeIgniter\Database\BaseConnection->query('SELECT `komentar`.*, `users`.`username` AS `name`
FROM `komentar`
JOIN `users` ON `users`.`id` = `komentar`.`user_id`
WHERE `forum_id` = :forum_id:
ORDER BY `tanggal` ASC', [...], false)
 5 SYSTEMPATH\Model.php(286): CodeIgniter\Database\BaseBuilder->get()
 6 SYSTEMPATH\BaseModel.php(677): CodeIgniter\Model->doFindAll(0, 0)
 7 APPPATH\Models\KomentarModel.php(28): CodeIgniter\BaseModel->findAll()
 8 APPPATH\Controllers\Forum.php(35): App\Models\KomentarModel->getKomentarByForum('0')
 9 SYSTEMPATH\CodeIgniter.php(933): App\Controllers\Forum->detail('0')
10 SYSTEMPATH\CodeIgniter.php(507): CodeIgniter\CodeIgniter->runController(Object(App\Controllers\Forum))
11 SYSTEMPATH\CodeIgniter.php(354): CodeIgniter\CodeIgniter->handleRequest(null, Object(Config\Cache), false)
12 SYSTEMPATH\Boot.php(363): CodeIgniter\CodeIgniter->run()
13 SYSTEMPATH\Boot.php(68): CodeIgniter\Boot::runCodeIgniter(Object(CodeIgniter\CodeIgniter))
14 FCPATH\index.php(59): CodeIgniter\Boot::bootWeb(Object(Config\Paths))
15 SYSTEMPATH\rewrite.php(44): require_once('C:\\xampp\\htdocs\\LangkahPeduliNew\\public\\index.php')
DEBUG - 2025-12-02 13:03:55 --> Session: Class initialized using 'CodeIgniter\Session\Handlers\FileHandler' driver.
DEBUG - 2025-12-02 13:04:01 --> Session: Class initialized using 'CodeIgniter\Session\Handlers\FileHandler' driver.
DEBUG - 2025-12-02 13:04:01 --> Session: Class initialized using 'CodeIgniter\Session\Handlers\FileHandler' driver.
DEBUG - 2025-12-02 13:05:52 --> Session: Class initialized using 'CodeIgniter\Session\Handlers\FileHandler' driver.
DEBUG - 2025-12-02 13:05:54 --> Session: Class initialized using 'CodeIgniter\Session\Handlers\FileHandler' driver.
DEBUG - 2025-12-02 13:05:55 --> Session: Class initialized using 'CodeIgniter\Session\Handlers\FileHandler' driver.
DEBUG - 2025-12-02 13:06:01 --> Session: Class initialized using 'CodeIgniter\Session\Handlers\FileHandler' driver.
DEBUG - 2025-12-02 13:06:01 --> Session: Class initialized using 'CodeIgniter\Session\Handlers\FileHandler' driver.
DEBUG - 2025-12-02 13:06:03 --> Session: Class initialized using 'CodeIgniter\Session\Handlers\FileHandler' driver.
CRITICAL - 2025-12-02 13:06:07 --> CodeIgniter\Database\Exceptions\DatabaseException: Deletes are not allowed unless they contain a "where" or "like" clause.
[Method: GET, Route: dashboard/admin/hapus-forum/0]
in SYSTEMPATH\Database\BaseBuilder.php on line 2819.
 1 SYSTEMPATH\Model.php(521): CodeIgniter\Database\BaseBuilder->delete()
 2 SYSTEMPATH\BaseModel.php(1152): CodeIgniter\Model->doDelete('0', false)
 3 APPPATH\Controllers\ForumController.php(76): CodeIgniter\BaseModel->delete('0')
 4 SYSTEMPATH\CodeIgniter.php(933): App\Controllers\ForumController->hapusForum('0')
 5 SYSTEMPATH\CodeIgniter.php(507): CodeIgniter\CodeIgniter->runController(Object(App\Controllers\ForumController))
 6 SYSTEMPATH\CodeIgniter.php(354): CodeIgniter\CodeIgniter->handleRequest(null, Object(Config\Cache), false)
 7 SYSTEMPATH\Boot.php(363): CodeIgniter\CodeIgniter->run()
 8 SYSTEMPATH\Boot.php(68): CodeIgniter\Boot::runCodeIgniter(Object(CodeIgniter\CodeIgniter))
 9 FCPATH\index.php(59): CodeIgniter\Boot::bootWeb(Object(Config\Paths))
10 SYSTEMPATH\rewrite.php(44): require_once('C:\\xampp\\htdocs\\LangkahPeduliNew\\public\\index.php')
DEBUG - 2025-12-02 13:11:50 --> Session: Class initialized using 'CodeIgniter\Session\Handlers\FileHandler' driver.
DEBUG - 2025-12-02 13:11:50 --> Session: Class initialized using 'CodeIgniter\Session\Handlers\FileHandler' driver.
DEBUG - 2025-12-02 13:11:53 --> Session: Class initialized using 'CodeIgniter\Session\Handlers\FileHandler' driver.
DEBUG - 2025-12-02 13:11:55 --> Session: Class initialized using 'CodeIgniter\Session\Handlers\FileHandler' driver.
DEBUG - 2025-12-02 13:11:59 --> Session: Class initialized using 'CodeIgniter\Session\Handlers\FileHandler' driver.
DEBUG - 2025-12-02 13:11:59 --> Session: Class initialized using 'CodeIgniter\Session\Handlers\FileHandler' driver.
DEBUG - 2025-12-02 13:12:13 --> Session: Class initialized using 'CodeIgniter\Session\Handlers\FileHandler' driver.
DEBUG - 2025-12-02 13:12:14 --> Session: Class initialized using 'CodeIgniter\Session\Handlers\FileHandler' driver.
DEBUG - 2025-12-02 13:12:16 --> Session: Class initialized using 'CodeIgniter\Session\Handlers\FileHandler' driver.
CRITICAL - 2025-12-02 13:12:19 --> CodeIgniter\Database\Exceptions\DatabaseException: Deletes are not allowed unless they contain a "where" or "like" clause.
[Method: GET, Route: dashboard/admin/hapus-forum/0]
in SYSTEMPATH\Database\BaseBuilder.php on line 2819.
 1 SYSTEMPATH\Model.php(521): CodeIgniter\Database\BaseBuilder->delete()
 2 SYSTEMPATH\BaseModel.php(1152): CodeIgniter\Model->doDelete('0', false)
 3 APPPATH\Controllers\ForumController.php(76): CodeIgniter\BaseModel->delete('0')
 4 SYSTEMPATH\CodeIgniter.php(933): App\Controllers\ForumController->hapusForum('0')
 5 SYSTEMPATH\CodeIgniter.php(507): CodeIgniter\CodeIgniter->runController(Object(App\Controllers\ForumController))
 6 SYSTEMPATH\CodeIgniter.php(354): CodeIgniter\CodeIgniter->handleRequest(null, Object(Config\Cache), false)
 7 SYSTEMPATH\Boot.php(363): CodeIgniter\CodeIgniter->run()
 8 SYSTEMPATH\Boot.php(68): CodeIgniter\Boot::runCodeIgniter(Object(CodeIgniter\CodeIgniter))
 9 FCPATH\index.php(59): CodeIgniter\Boot::bootWeb(Object(Config\Paths))
10 SYSTEMPATH\rewrite.php(44): require_once('C:\\xampp\\htdocs\\LangkahPeduliNew\\public\\index.php')
DEBUG - 2025-12-02 13:14:23 --> Session: Class initialized using 'CodeIgniter\Session\Handlers\FileHandler' driver.
DEBUG - 2025-12-02 13:14:38 --> Session: Class initialized using 'CodeIgniter\Session\Handlers\FileHandler' driver.
DEBUG - 2025-12-02 13:14:38 --> Session: Class initialized using 'CodeIgniter\Session\Handlers\FileHandler' driver.
CRITICAL - 2025-12-02 13:14:47 --> CodeIgniter\Database\Exceptions\DatabaseException: Deletes are not allowed unless they contain a "where" or "like" clause.
[Method: GET, Route: dashboard/admin/hapus-forum/0]
in SYSTEMPATH\Database\BaseBuilder.php on line 2819.
 1 SYSTEMPATH\Model.php(521): CodeIgniter\Database\BaseBuilder->delete()
 2 SYSTEMPATH\BaseModel.php(1152): CodeIgniter\Model->doDelete('0', false)
 3 APPPATH\Controllers\ForumController.php(76): CodeIgniter\BaseModel->delete('0')
 4 SYSTEMPATH\CodeIgniter.php(933): App\Controllers\ForumController->hapusForum('0')
 5 SYSTEMPATH\CodeIgniter.php(507): CodeIgniter\CodeIgniter->runController(Object(App\Controllers\ForumController))
 6 SYSTEMPATH\CodeIgniter.php(354): CodeIgniter\CodeIgniter->handleRequest(null, Object(Config\Cache), false)
 7 SYSTEMPATH\Boot.php(363): CodeIgniter\CodeIgniter->run()
 8 SYSTEMPATH\Boot.php(68): CodeIgniter\Boot::runCodeIgniter(Object(CodeIgniter\CodeIgniter))
 9 FCPATH\index.php(59): CodeIgniter\Boot::bootWeb(Object(Config\Paths))
10 SYSTEMPATH\rewrite.php(44): require_once('C:\\xampp\\htdocs\\LangkahPeduliNew\\public\\index.php')
CRITICAL - 2025-12-02 13:15:07 --> CodeIgniter\Database\Exceptions\DatabaseException: Deletes are not allowed unless they contain a "where" or "like" clause.
[Method: GET, Route: dashboard/admin/hapus-forum/0]
in SYSTEMPATH\Database\BaseBuilder.php on line 2819.
 1 SYSTEMPATH\Model.php(521): CodeIgniter\Database\BaseBuilder->delete()
 2 SYSTEMPATH\BaseModel.php(1152): CodeIgniter\Model->doDelete('0', false)
 3 APPPATH\Controllers\ForumController.php(76): CodeIgniter\BaseModel->delete('0')
 4 SYSTEMPATH\CodeIgniter.php(933): App\Controllers\ForumController->hapusForum('0')
 5 SYSTEMPATH\CodeIgniter.php(507): CodeIgniter\CodeIgniter->runController(Object(App\Controllers\ForumController))
 6 SYSTEMPATH\CodeIgniter.php(354): CodeIgniter\CodeIgniter->handleRequest(null, Object(Config\Cache), false)
 7 SYSTEMPATH\Boot.php(363): CodeIgniter\CodeIgniter->run()
 8 SYSTEMPATH\Boot.php(68): CodeIgniter\Boot::runCodeIgniter(Object(CodeIgniter\CodeIgniter))
 9 FCPATH\index.php(59): CodeIgniter\Boot::bootWeb(Object(Config\Paths))
10 SYSTEMPATH\rewrite.php(44): require_once('C:\\xampp\\htdocs\\LangkahPeduliNew\\public\\index.php')
DEBUG - 2025-12-02 13:15:08 --> Session: Class initialized using 'CodeIgniter\Session\Handlers\FileHandler' driver.
DEBUG - 2025-12-02 13:15:08 --> Session: Class initialized using 'CodeIgniter\Session\Handlers\FileHandler' driver.
DEBUG - 2025-12-02 13:15:10 --> Session: Class initialized using 'CodeIgniter\Session\Handlers\FileHandler' driver.
CRITICAL - 2025-12-02 13:15:15 --> CodeIgniter\Database\Exceptions\DatabaseException: Deletes are not allowed unless they contain a "where" or "like" clause.
[Method: GET, Route: dashboard/admin/hapus-forum/0]
in SYSTEMPATH\Database\BaseBuilder.php on line 2819.
 1 SYSTEMPATH\Model.php(521): CodeIgniter\Database\BaseBuilder->delete()
 2 SYSTEMPATH\BaseModel.php(1152): CodeIgniter\Model->doDelete('0', false)
 3 APPPATH\Controllers\ForumController.php(76): CodeIgniter\BaseModel->delete('0')
 4 SYSTEMPATH\CodeIgniter.php(933): App\Controllers\ForumController->hapusForum('0')
 5 SYSTEMPATH\CodeIgniter.php(507): CodeIgniter\CodeIgniter->runController(Object(App\Controllers\ForumController))
 6 SYSTEMPATH\CodeIgniter.php(354): CodeIgniter\CodeIgniter->handleRequest(null, Object(Config\Cache), false)
 7 SYSTEMPATH\Boot.php(363): CodeIgniter\CodeIgniter->run()
 8 SYSTEMPATH\Boot.php(68): CodeIgniter\Boot::runCodeIgniter(Object(CodeIgniter\CodeIgniter))
 9 FCPATH\index.php(59): CodeIgniter\Boot::bootWeb(Object(Config\Paths))
10 SYSTEMPATH\rewrite.php(44): require_once('C:\\xampp\\htdocs\\LangkahPeduliNew\\public\\index.php')
DEBUG - 2025-12-02 13:17:38 --> Session: Class initialized using 'CodeIgniter\Session\Handlers\FileHandler' driver.
DEBUG - 2025-12-02 13:17:40 --> Session: Class initialized using 'CodeIgniter\Session\Handlers\FileHandler' driver.
DEBUG - 2025-12-02 13:18:09 --> Session: Class initialized using 'CodeIgniter\Session\Handlers\FileHandler' driver.
DEBUG - 2025-12-02 13:18:09 --> Session: Class initialized using 'CodeIgniter\Session\Handlers\FileHandler' driver.
DEBUG - 2025-12-02 13:20:39 --> Session: Class initialized using 'CodeIgniter\Session\Handlers\FileHandler' driver.
DEBUG - 2025-12-02 13:21:06 --> Session: Class initialized using 'CodeIgniter\Session\Handlers\FileHandler' driver.
DEBUG - 2025-12-02 13:21:07 --> Session: Class initialized using 'CodeIgniter\Session\Handlers\FileHandler' driver.
DEBUG - 2025-12-02 13:21:19 --> Session: Class initialized using 'CodeIgniter\Session\Handlers\FileHandler' driver.
DEBUG - 2025-12-02 13:21:19 --> Session: Class initialized using 'CodeIgniter\Session\Handlers\FileHandler' driver.
DEBUG - 2025-12-02 13:21:23 --> Session: Class initialized using 'CodeIgniter\Session\Handlers\FileHandler' driver.
DEBUG - 2025-12-02 13:21:23 --> Session: Class initialized using 'CodeIgniter\Session\Handlers\FileHandler' driver.
DEBUG - 2025-12-02 13:21:26 --> Session: Class initialized using 'CodeIgniter\Session\Handlers\FileHandler' driver.
DEBUG - 2025-12-02 13:21:35 --> Session: Class initialized using 'CodeIgniter\Session\Handlers\FileHandler' driver.
DEBUG - 2025-12-02 13:21:35 --> Session: Class initialized using 'CodeIgniter\Session\Handlers\FileHandler' driver.
DEBUG - 2025-12-02 13:23:27 --> Session: Class initialized using 'CodeIgniter\Session\Handlers\FileHandler' driver.
DEBUG - 2025-12-02 13:24:59 --> Session: Class initialized using 'CodeIgniter\Session\Handlers\FileHandler' driver.
DEBUG - 2025-12-02 13:25:00 --> Session: Class initialized using 'CodeIgniter\Session\Handlers\FileHandler' driver.
DEBUG - 2025-12-02 13:25:06 --> Session: Class initialized using 'CodeIgniter\Session\Handlers\FileHandler' driver.
DEBUG - 2025-12-02 13:25:07 --> Session: Class initialized using 'CodeIgniter\Session\Handlers\FileHandler' driver.
DEBUG - 2025-12-02 13:25:11 --> Session: Class initialized using 'CodeIgniter\Session\Handlers\FileHandler' driver.
DEBUG - 2025-12-02 13:25:12 --> Session: Class initialized using 'CodeIgniter\Session\Handlers\FileHandler' driver.
DEBUG - 2025-12-02 13:25:14 --> Session: Class initialized using 'CodeIgniter\Session\Handlers\FileHandler' driver.
DEBUG - 2025-12-02 13:25:14 --> Session: Class initialized using 'CodeIgniter\Session\Handlers\FileHandler' driver.
DEBUG - 2025-12-02 13:25:39 --> Session: Class initialized using 'CodeIgniter\Session\Handlers\FileHandler' driver.
DEBUG - 2025-12-02 13:25:39 --> Session: Class initialized using 'CodeIgniter\Session\Handlers\FileHandler' driver.
DEBUG - 2025-12-02 13:25:47 --> Session: Class initialized using 'CodeIgniter\Session\Handlers\FileHandler' driver.
DEBUG - 2025-12-02 13:25:49 --> Session: Class initialized using 'CodeIgniter\Session\Handlers\FileHandler' driver.
DEBUG - 2025-12-02 13:26:02 --> Session: Class initialized using 'CodeIgniter\Session\Handlers\FileHandler' driver.
DEBUG - 2025-12-02 13:26:02 --> Session: Class initialized using 'CodeIgniter\Session\Handlers\FileHandler' driver.
DEBUG - 2025-12-02 13:26:08 --> Session: Class initialized using 'CodeIgniter\Session\Handlers\FileHandler' driver.
DEBUG - 2025-12-02 13:26:08 --> Session: Class initialized using 'CodeIgniter\Session\Handlers\FileHandler' driver.
DEBUG - 2025-12-02 13:26:19 --> Session: Class initialized using 'CodeIgniter\Session\Handlers\FileHandler' driver.
DEBUG - 2025-12-02 13:26:19 --> Session: Class initialized using 'CodeIgniter\Session\Handlers\FileHandler' driver.
DEBUG - 2025-12-02 13:26:28 --> Session: Class initialized using 'CodeIgniter\Session\Handlers\FileHandler' driver.
DEBUG - 2025-12-02 13:26:32 --> Session: Class initialized using 'CodeIgniter\Session\Handlers\FileHandler' driver.
DEBUG - 2025-12-02 13:27:17 --> Session: Class initialized using 'CodeIgniter\Session\Handlers\FileHandler' driver.
DEBUG - 2025-12-02 13:27:17 --> Session: Class initialized using 'CodeIgniter\Session\Handlers\FileHandler' driver.
DEBUG - 2025-12-02 13:27:20 --> Session: Class initialized using 'CodeIgniter\Session\Handlers\FileHandler' driver.
DEBUG - 2025-12-02 13:27:22 --> Session: Class initialized using 'CodeIgniter\Session\Handlers\FileHandler' driver.
DEBUG - 2025-12-02 13:27:25 --> Session: Class initialized using 'CodeIgniter\Session\Handlers\FileHandler' driver.
DEBUG - 2025-12-02 13:27:31 --> Session: Class initialized using 'CodeIgniter\Session\Handlers\FileHandler' driver.
DEBUG - 2025-12-02 13:27:33 --> Session: Class initialized using 'CodeIgniter\Session\Handlers\FileHandler' driver.
DEBUG - 2025-12-02 13:27:34 --> Session: Class initialized using 'CodeIgniter\Session\Handlers\FileHandler' driver.
DEBUG - 2025-12-02 13:27:36 --> Session: Class initialized using 'CodeIgniter\Session\Handlers\FileHandler' driver.
DEBUG - 2025-12-02 13:27:55 --> Session: Class initialized using 'CodeIgniter\Session\Handlers\FileHandler' driver.
DEBUG - 2025-12-02 13:27:58 --> Session: Class initialized using 'CodeIgniter\Session\Handlers\FileHandler' driver.
DEBUG - 2025-12-02 13:28:02 --> Session: Class initialized using 'CodeIgniter\Session\Handlers\FileHandler' driver.
DEBUG - 2025-12-02 13:28:02 --> Session: Class initialized using 'CodeIgniter\Session\Handlers\FileHandler' driver.
DEBUG - 2025-12-02 13:28:13 --> Session: Class initialized using 'CodeIgniter\Session\Handlers\FileHandler' driver.
DEBUG - 2025-12-02 13:28:13 --> Session: Class initialized using 'CodeIgniter\Session\Handlers\FileHandler' driver.
DEBUG - 2025-12-02 13:28:15 --> Session: Class initialized using 'CodeIgniter\Session\Handlers\FileHandler' driver.
DEBUG - 2025-12-02 13:28:38 --> Session: Class initialized using 'CodeIgniter\Session\Handlers\FileHandler' driver.
DEBUG - 2025-12-02 13:28:40 --> Session: Class initialized using 'CodeIgniter\Session\Handlers\FileHandler' driver.
DEBUG - 2025-12-02 13:28:41 --> Session: Class initialized using 'CodeIgniter\Session\Handlers\FileHandler' driver.
DEBUG - 2025-12-02 13:28:43 --> Session: Class initialized using 'CodeIgniter\Session\Handlers\FileHandler' driver.
DEBUG - 2025-12-02 13:29:12 --> Session: Class initialized using 'CodeIgniter\Session\Handlers\FileHandler' driver.
DEBUG - 2025-12-02 13:29:14 --> Session: Class initialized using 'CodeIgniter\Session\Handlers\FileHandler' driver.
DEBUG - 2025-12-02 13:29:16 --> Session: Class initialized using 'CodeIgniter\Session\Handlers\FileHandler' driver.
DEBUG - 2025-12-02 13:29:20 --> Session: Class initialized using 'CodeIgniter\Session\Handlers\FileHandler' driver.
DEBUG - 2025-12-02 13:29:20 --> Session: Class initialized using 'CodeIgniter\Session\Handlers\FileHandler' driver.
DEBUG - 2025-12-02 14:37:17 --> Session: Class initialized using 'CodeIgniter\Session\Handlers\FileHandler' driver.
DEBUG - 2025-12-02 14:37:17 --> Session: Class initialized using 'CodeIgniter\Session\Handlers\FileHandler' driver.
DEBUG - 2025-12-02 14:37:18 --> Session: Class initialized using 'CodeIgniter\Session\Handlers\FileHandler' driver.
ERROR - 2025-12-02 14:37:23 --> Error connecting to the database: mysqli_sql_exception: Unknown database 'langkahpeduli' in C:\xampp\htdocs\LangkahPeduliNew\system\Database\MySQLi\Connection.php:201
Stack trace:
#0 C:\xampp\htdocs\LangkahPeduliNew\system\Database\MySQLi\Connection.php(201): mysqli->real_connect('localhost', 'root', Object(SensitiveParameterValue), 'langkahpeduli', 3306, '', 0)
#1 C:\xampp\htdocs\LangkahPeduliNew\system\Database\BaseConnection.php(419): CodeIgniter\Database\MySQLi\Connection->connect(false)
#2 C:\xampp\htdocs\LangkahPeduliNew\system\Database\BaseConnection.php(614): CodeIgniter\Database\BaseConnection->initialize()
#3 C:\xampp\htdocs\LangkahPeduliNew\system\Database\BaseBuilder.php(1649): CodeIgniter\Database\BaseConnection->query('SELECT *\nFROM `...', Array, false)
#4 C:\xampp\htdocs\LangkahPeduliNew\system\Model.php(330): CodeIgniter\Database\BaseBuilder->get()
#5 C:\xampp\htdocs\LangkahPeduliNew\system\BaseModel.php(715): CodeIgniter\Model->doFirst()
#6 C:\xampp\htdocs\LangkahPeduliNew\app\Controllers\Auth.php(64): CodeIgniter\BaseModel->first()
#7 C:\xampp\htdocs\LangkahPeduliNew\system\CodeIgniter.php(933): App\Controllers\Auth->processLogin()
#8 C:\xampp\htdocs\LangkahPeduliNew\system\CodeIgniter.php(507): CodeIgniter\CodeIgniter->runController(Object(App\Controllers\Auth))
#9 C:\xampp\htdocs\LangkahPeduliNew\system\CodeIgniter.php(354): CodeIgniter\CodeIgniter->handleRequest(NULL, Object(Config\Cache), false)
#10 C:\xampp\htdocs\LangkahPeduliNew\system\Boot.php(363): CodeIgniter\CodeIgniter->run()
#11 C:\xampp\htdocs\LangkahPeduliNew\system\Boot.php(68): CodeIgniter\Boot::runCodeIgniter(Object(CodeIgniter\CodeIgniter))
#12 C:\xampp\htdocs\LangkahPeduliNew\public\index.php(59): CodeIgniter\Boot::bootWeb(Object(Config\Paths))
#13 C:\xampp\htdocs\LangkahPeduliNew\system\rewrite.php(44): require_once('C:\\xampp\\htdocs...')
#14 {main}

Next CodeIgniter\Database\Exceptions\DatabaseException: Unknown database 'langkahpeduli' in C:\xampp\htdocs\LangkahPeduliNew\system\Database\MySQLi\Connection.php:246
Stack trace:
#0 C:\xampp\htdocs\LangkahPeduliNew\system\Database\BaseConnection.php(419): CodeIgniter\Database\MySQLi\Connection->connect(false)
#1 C:\xampp\htdocs\LangkahPeduliNew\system\Database\BaseConnection.php(614): CodeIgniter\Database\BaseConnection->initialize()
#2 C:\xampp\htdocs\LangkahPeduliNew\system\Database\BaseBuilder.php(1649): CodeIgniter\Database\BaseConnection->query('SELECT *\nFROM `...', Array, false)
#3 C:\xampp\htdocs\LangkahPeduliNew\system\Model.php(330): CodeIgniter\Database\BaseBuilder->get()
#4 C:\xampp\htdocs\LangkahPeduliNew\system\BaseModel.php(715): CodeIgniter\Model->doFirst()
#5 C:\xampp\htdocs\LangkahPeduliNew\app\Controllers\Auth.php(64): CodeIgniter\BaseModel->first()
#6 C:\xampp\htdocs\LangkahPeduliNew\system\CodeIgniter.php(933): App\Controllers\Auth->processLogin()
#7 C:\xampp\htdocs\LangkahPeduliNew\system\CodeIgniter.php(507): CodeIgniter\CodeIgniter->runController(Object(App\Controllers\Auth))
#8 C:\xampp\htdocs\LangkahPeduliNew\system\CodeIgniter.php(354): CodeIgniter\CodeIgniter->handleRequest(NULL, Object(Config\Cache), false)
#9 C:\xampp\htdocs\LangkahPeduliNew\system\Boot.php(363): CodeIgniter\CodeIgniter->run()
#10 C:\xampp\htdocs\LangkahPeduliNew\system\Boot.php(68): CodeIgniter\Boot::runCodeIgniter(Object(CodeIgniter\CodeIgniter))
#11 C:\xampp\htdocs\LangkahPeduliNew\public\index.php(59): CodeIgniter\Boot::bootWeb(Object(Config\Paths))
#12 C:\xampp\htdocs\LangkahPeduliNew\system\rewrite.php(44): require_once('C:\\xampp\\htdocs...')
#13 {main}
CRITICAL - 2025-12-02 14:37:23 --> CodeIgniter\Database\Exceptions\DatabaseException: Unable to connect to the database.
Main connection [MySQLi]: Unknown database 'langkahpeduli'
[Method: POST, Route: login/process]
in SYSTEMPATH\Database\BaseConnection.php on line 465.
 1 SYSTEMPATH\Database\BaseConnection.php(614): CodeIgniter\Database\BaseConnection->initialize()
 2 SYSTEMPATH\Database\BaseBuilder.php(1649): CodeIgniter\Database\BaseConnection->query('SELECT *
FROM `users`
WHERE   (
LOWER(username) = :LOWER(username):
OR LOWER(email) = :LOWER(email):
 )
 LIMIT 1', [...], false)
 3 SYSTEMPATH\Model.php(330): CodeIgniter\Database\BaseBuilder->get()
 4 SYSTEMPATH\BaseModel.php(715): CodeIgniter\Model->doFirst()
 5 APPPATH\Controllers\Auth.php(64): CodeIgniter\BaseModel->first()
 6 SYSTEMPATH\CodeIgniter.php(933): App\Controllers\Auth->processLogin()
 7 SYSTEMPATH\CodeIgniter.php(507): CodeIgniter\CodeIgniter->runController(Object(App\Controllers\Auth))
 8 SYSTEMPATH\CodeIgniter.php(354): CodeIgniter\CodeIgniter->handleRequest(null, Object(Config\Cache), false)
 9 SYSTEMPATH\Boot.php(363): CodeIgniter\CodeIgniter->run()
10 SYSTEMPATH\Boot.php(68): CodeIgniter\Boot::runCodeIgniter(Object(CodeIgniter\CodeIgniter))
11 FCPATH\index.php(59): CodeIgniter\Boot::bootWeb(Object(Config\Paths))
12 SYSTEMPATH\rewrite.php(44): require_once('C:\\xampp\\htdocs\\LangkahPeduliNew\\public\\index.php')
DEBUG - 2025-12-02 14:38:44 --> Session: Class initialized using 'CodeIgniter\Session\Handlers\FileHandler' driver.
DEBUG - 2025-12-02 14:38:45 --> Session: Class initialized using 'CodeIgniter\Session\Handlers\FileHandler' driver.
DEBUG - 2025-12-02 14:39:03 --> Session: Class initialized using 'CodeIgniter\Session\Handlers\FileHandler' driver.
ERROR - 2025-12-02 14:39:03 --> mysqli_sql_exception: Table 'newlangkah.kategori' doesn't exist in C:\xampp\htdocs\LangkahPeduliNew\system\Database\MySQLi\Connection.php:327
Stack trace:
#0 C:\xampp\htdocs\LangkahPeduliNew\system\Database\MySQLi\Connection.php(327): mysqli->query('SELECT `materi`...', 0)
#1 C:\xampp\htdocs\LangkahPeduliNew\system\Database\BaseConnection.php(729): CodeIgniter\Database\MySQLi\Connection->execute('SELECT `materi`...')
#2 C:\xampp\htdocs\LangkahPeduliNew\system\Database\BaseConnection.php(646): CodeIgniter\Database\BaseConnection->simpleQuery('SELECT `materi`...')
#3 C:\xampp\htdocs\LangkahPeduliNew\system\Database\BaseBuilder.php(1649): CodeIgniter\Database\BaseConnection->query('SELECT `materi`...', Array, false)
#4 C:\xampp\htdocs\LangkahPeduliNew\system\Model.php(286): CodeIgniter\Database\BaseBuilder->get()
#5 C:\xampp\htdocs\LangkahPeduliNew\system\BaseModel.php(677): CodeIgniter\Model->doFindAll(0, 0)
#6 C:\xampp\htdocs\LangkahPeduliNew\app\Models\MateriModel.php(38): CodeIgniter\BaseModel->findAll()
#7 C:\xampp\htdocs\LangkahPeduliNew\app\Controllers\Materi.php(26): App\Models\MateriModel->getMateriByPengajar('1ag')
#8 C:\xampp\htdocs\LangkahPeduliNew\system\CodeIgniter.php(933): App\Controllers\Materi->index()
#9 C:\xampp\htdocs\LangkahPeduliNew\system\CodeIgniter.php(507): CodeIgniter\CodeIgniter->runController(Object(App\Controllers\Materi))
#10 C:\xampp\htdocs\LangkahPeduliNew\system\CodeIgniter.php(354): CodeIgniter\CodeIgniter->handleRequest(NULL, Object(Config\Cache), false)
#11 C:\xampp\htdocs\LangkahPeduliNew\system\Boot.php(363): CodeIgniter\CodeIgniter->run()
#12 C:\xampp\htdocs\LangkahPeduliNew\system\Boot.php(68): CodeIgniter\Boot::runCodeIgniter(Object(CodeIgniter\CodeIgniter))
#13 C:\xampp\htdocs\LangkahPeduliNew\public\index.php(59): CodeIgniter\Boot::bootWeb(Object(Config\Paths))
#14 C:\xampp\htdocs\LangkahPeduliNew\system\rewrite.php(44): require_once('C:\\xampp\\htdocs...')
#15 {main}
CRITICAL - 2025-12-02 14:39:03 --> CodeIgniter\Database\Exceptions\DatabaseException: Table 'newlangkah.kategori' doesn't exist
[Method: GET, Route: dashboard/pengajar/materi]
in SYSTEMPATH\Database\BaseConnection.php on line 684.
 1 SYSTEMPATH\Database\BaseBuilder.php(1649): CodeIgniter\Database\BaseConnection->query('SELECT `materi`.*, `kategori`.`nama_kategori`
FROM `materi`
JOIN `kategori` ON `kategori`.`id` = `materi`.`id_kategori`
WHERE `materi`.`pengajar` = :materi.pengajar:
ORDER BY `materi`.`id` DESC', [...], false)
 2 SYSTEMPATH\Model.php(286): CodeIgniter\Database\BaseBuilder->get()
 3 SYSTEMPATH\BaseModel.php(677): CodeIgniter\Model->doFindAll(0, 0)
 4 APPPATH\Models\MateriModel.php(38): CodeIgniter\BaseModel->findAll()
 5 APPPATH\Controllers\Materi.php(26): App\Models\MateriModel->getMateriByPengajar('1ag')
 6 SYSTEMPATH\CodeIgniter.php(933): App\Controllers\Materi->index()
 7 SYSTEMPATH\CodeIgniter.php(507): CodeIgniter\CodeIgniter->runController(Object(App\Controllers\Materi))
 8 SYSTEMPATH\CodeIgniter.php(354): CodeIgniter\CodeIgniter->handleRequest(null, Object(Config\Cache), false)
 9 SYSTEMPATH\Boot.php(363): CodeIgniter\CodeIgniter->run()
10 SYSTEMPATH\Boot.php(68): CodeIgniter\Boot::runCodeIgniter(Object(CodeIgniter\CodeIgniter))
11 FCPATH\index.php(59): CodeIgniter\Boot::bootWeb(Object(Config\Paths))
12 SYSTEMPATH\rewrite.php(44): require_once('C:\\xampp\\htdocs\\LangkahPeduliNew\\public\\index.php')
CRITICAL - 2025-12-02 14:39:03 --> [Caused by] CodeIgniter\Database\Exceptions\DatabaseException: Table 'newlangkah.kategori' doesn't exist
in SYSTEMPATH\Database\MySQLi\Connection.php on line 332.
 1 SYSTEMPATH\Database\BaseConnection.php(729): CodeIgniter\Database\MySQLi\Connection->execute('SELECT `materi`.*, `kategori`.`nama_kategori`
FROM `materi`
JOIN `kategori` ON `kategori`.`id` = `materi`.`id_kategori`
WHERE `materi`.`pengajar` = \'1ag\'
ORDER BY `materi`.`id` DESC')
 2 SYSTEMPATH\Database\BaseConnection.php(646): CodeIgniter\Database\BaseConnection->simpleQuery('SELECT `materi`.*, `kategori`.`nama_kategori`
FROM `materi`
JOIN `kategori` ON `kategori`.`id` = `materi`.`id_kategori`
WHERE `materi`.`pengajar` = \'1ag\'
ORDER BY `materi`.`id` DESC')
 3 SYSTEMPATH\Database\BaseBuilder.php(1649): CodeIgniter\Database\BaseConnection->query('SELECT `materi`.*, `kategori`.`nama_kategori`
FROM `materi`
JOIN `kategori` ON `kategori`.`id` = `materi`.`id_kategori`
WHERE `materi`.`pengajar` = :materi.pengajar:
ORDER BY `materi`.`id` DESC', [...], false)
 4 SYSTEMPATH\Model.php(286): CodeIgniter\Database\BaseBuilder->get()
 5 SYSTEMPATH\BaseModel.php(677): CodeIgniter\Model->doFindAll(0, 0)
 6 APPPATH\Models\MateriModel.php(38): CodeIgniter\BaseModel->findAll()
 7 APPPATH\Controllers\Materi.php(26): App\Models\MateriModel->getMateriByPengajar('1ag')
 8 SYSTEMPATH\CodeIgniter.php(933): App\Controllers\Materi->index()
 9 SYSTEMPATH\CodeIgniter.php(507): CodeIgniter\CodeIgniter->runController(Object(App\Controllers\Materi))
10 SYSTEMPATH\CodeIgniter.php(354): CodeIgniter\CodeIgniter->handleRequest(null, Object(Config\Cache), false)
11 SYSTEMPATH\Boot.php(363): CodeIgniter\CodeIgniter->run()
12 SYSTEMPATH\Boot.php(68): CodeIgniter\Boot::runCodeIgniter(Object(CodeIgniter\CodeIgniter))
13 FCPATH\index.php(59): CodeIgniter\Boot::bootWeb(Object(Config\Paths))
14 SYSTEMPATH\rewrite.php(44): require_once('C:\\xampp\\htdocs\\LangkahPeduliNew\\public\\index.php')
CRITICAL - 2025-12-02 14:39:03 --> [Caused by] mysqli_sql_exception: Table 'newlangkah.kategori' doesn't exist
in SYSTEMPATH\Database\MySQLi\Connection.php on line 327.
 1 SYSTEMPATH\Database\MySQLi\Connection.php(327): mysqli->query('SELECT `materi`.*, `kategori`.`nama_kategori`
FROM `materi`
JOIN `kategori` ON `kategori`.`id` = `materi`.`id_kategori`
WHERE `materi`.`pengajar` = \'1ag\'
ORDER BY `materi`.`id` DESC', 0)
 2 SYSTEMPATH\Database\BaseConnection.php(729): CodeIgniter\Database\MySQLi\Connection->execute('SELECT `materi`.*, `kategori`.`nama_kategori`
FROM `materi`
JOIN `kategori` ON `kategori`.`id` = `materi`.`id_kategori`
WHERE `materi`.`pengajar` = \'1ag\'
ORDER BY `materi`.`id` DESC')
 3 SYSTEMPATH\Database\BaseConnection.php(646): CodeIgniter\Database\BaseConnection->simpleQuery('SELECT `materi`.*, `kategori`.`nama_kategori`
FROM `materi`
JOIN `kategori` ON `kategori`.`id` = `materi`.`id_kategori`
WHERE `materi`.`pengajar` = \'1ag\'
ORDER BY `materi`.`id` DESC')
 4 SYSTEMPATH\Database\BaseBuilder.php(1649): CodeIgniter\Database\BaseConnection->query('SELECT `materi`.*, `kategori`.`nama_kategori`
FROM `materi`
JOIN `kategori` ON `kategori`.`id` = `materi`.`id_kategori`
WHERE `materi`.`pengajar` = :materi.pengajar:
ORDER BY `materi`.`id` DESC', [...], false)
 5 SYSTEMPATH\Model.php(286): CodeIgniter\Database\BaseBuilder->get()
 6 SYSTEMPATH\BaseModel.php(677): CodeIgniter\Model->doFindAll(0, 0)
 7 APPPATH\Models\MateriModel.php(38): CodeIgniter\BaseModel->findAll()
 8 APPPATH\Controllers\Materi.php(26): App\Models\MateriModel->getMateriByPengajar('1ag')
 9 SYSTEMPATH\CodeIgniter.php(933): App\Controllers\Materi->index()
10 SYSTEMPATH\CodeIgniter.php(507): CodeIgniter\CodeIgniter->runController(Object(App\Controllers\Materi))
11 SYSTEMPATH\CodeIgniter.php(354): CodeIgniter\CodeIgniter->handleRequest(null, Object(Config\Cache), false)
12 SYSTEMPATH\Boot.php(363): CodeIgniter\CodeIgniter->run()
13 SYSTEMPATH\Boot.php(68): CodeIgniter\Boot::runCodeIgniter(Object(CodeIgniter\CodeIgniter))
14 FCPATH\index.php(59): CodeIgniter\Boot::bootWeb(Object(Config\Paths))
15 SYSTEMPATH\rewrite.php(44): require_once('C:\\xampp\\htdocs\\LangkahPeduliNew\\public\\index.php')
DEBUG - 2025-12-02 14:40:22 --> Session: Class initialized using 'CodeIgniter\Session\Handlers\FileHandler' driver.
DEBUG - 2025-12-02 14:40:25 --> Session: Class initialized using 'CodeIgniter\Session\Handlers\FileHandler' driver.
DEBUG - 2025-12-02 14:41:56 --> Session: Class initialized using 'CodeIgniter\Session\Handlers\FileHandler' driver.
ERROR - 2025-12-02 14:41:56 --> mysqli_sql_exception: Table 'newlangkah.kategori' doesn't exist in C:\xampp\htdocs\LangkahPeduliNew\system\Database\MySQLi\Connection.php:327
Stack trace:
#0 C:\xampp\htdocs\LangkahPeduliNew\system\Database\MySQLi\Connection.php(327): mysqli->query('SELECT `materi`...', 0)
#1 C:\xampp\htdocs\LangkahPeduliNew\system\Database\BaseConnection.php(729): CodeIgniter\Database\MySQLi\Connection->execute('SELECT `materi`...')
#2 C:\xampp\htdocs\LangkahPeduliNew\system\Database\BaseConnection.php(646): CodeIgniter\Database\BaseConnection->simpleQuery('SELECT `materi`...')
#3 C:\xampp\htdocs\LangkahPeduliNew\system\Database\BaseBuilder.php(1649): CodeIgniter\Database\BaseConnection->query('SELECT `materi`...', Array, false)
#4 C:\xampp\htdocs\LangkahPeduliNew\system\Model.php(286): CodeIgniter\Database\BaseBuilder->get()
#5 C:\xampp\htdocs\LangkahPeduliNew\system\BaseModel.php(677): CodeIgniter\Model->doFindAll(0, 0)
#6 C:\xampp\htdocs\LangkahPeduliNew\app\Models\MateriModel.php(38): CodeIgniter\BaseModel->findAll()
#7 C:\xampp\htdocs\LangkahPeduliNew\app\Controllers\Materi.php(26): App\Models\MateriModel->getMateriByPengajar('1ag')
#8 C:\xampp\htdocs\LangkahPeduliNew\system\CodeIgniter.php(933): App\Controllers\Materi->index()
#9 C:\xampp\htdocs\LangkahPeduliNew\system\CodeIgniter.php(507): CodeIgniter\CodeIgniter->runController(Object(App\Controllers\Materi))
#10 C:\xampp\htdocs\LangkahPeduliNew\system\CodeIgniter.php(354): CodeIgniter\CodeIgniter->handleRequest(NULL, Object(Config\Cache), false)
#11 C:\xampp\htdocs\LangkahPeduliNew\system\Boot.php(363): CodeIgniter\CodeIgniter->run()
#12 C:\xampp\htdocs\LangkahPeduliNew\system\Boot.php(68): CodeIgniter\Boot::runCodeIgniter(Object(CodeIgniter\CodeIgniter))
#13 C:\xampp\htdocs\LangkahPeduliNew\public\index.php(59): CodeIgniter\Boot::bootWeb(Object(Config\Paths))
#14 C:\xampp\htdocs\LangkahPeduliNew\system\rewrite.php(44): require_once('C:\\xampp\\htdocs...')
#15 {main}
CRITICAL - 2025-12-02 14:41:56 --> CodeIgniter\Database\Exceptions\DatabaseException: Table 'newlangkah.kategori' doesn't exist
[Method: GET, Route: dashboard/pengajar/materi]
in SYSTEMPATH\Database\BaseConnection.php on line 684.
 1 SYSTEMPATH\Database\BaseBuilder.php(1649): CodeIgniter\Database\BaseConnection->query('SELECT `materi`.*, `kategori`.`nama_kategori`
FROM `materi`
JOIN `kategori` ON `kategori`.`id` = `materi`.`id_kategori`
WHERE `materi`.`pengajar` = :materi.pengajar:
ORDER BY `materi`.`id` DESC', [...], false)
 2 SYSTEMPATH\Model.php(286): CodeIgniter\Database\BaseBuilder->get()
 3 SYSTEMPATH\BaseModel.php(677): CodeIgniter\Model->doFindAll(0, 0)
 4 APPPATH\Models\MateriModel.php(38): CodeIgniter\BaseModel->findAll()
 5 APPPATH\Controllers\Materi.php(26): App\Models\MateriModel->getMateriByPengajar('1ag')
 6 SYSTEMPATH\CodeIgniter.php(933): App\Controllers\Materi->index()
 7 SYSTEMPATH\CodeIgniter.php(507): CodeIgniter\CodeIgniter->runController(Object(App\Controllers\Materi))
 8 SYSTEMPATH\CodeIgniter.php(354): CodeIgniter\CodeIgniter->handleRequest(null, Object(Config\Cache), false)
 9 SYSTEMPATH\Boot.php(363): CodeIgniter\CodeIgniter->run()
10 SYSTEMPATH\Boot.php(68): CodeIgniter\Boot::runCodeIgniter(Object(CodeIgniter\CodeIgniter))
11 FCPATH\index.php(59): CodeIgniter\Boot::bootWeb(Object(Config\Paths))
12 SYSTEMPATH\rewrite.php(44): require_once('C:\\xampp\\htdocs\\LangkahPeduliNew\\public\\index.php')
CRITICAL - 2025-12-02 14:41:56 --> [Caused by] CodeIgniter\Database\Exceptions\DatabaseException: Table 'newlangkah.kategori' doesn't exist
in SYSTEMPATH\Database\MySQLi\Connection.php on line 332.
 1 SYSTEMPATH\Database\BaseConnection.php(729): CodeIgniter\Database\MySQLi\Connection->execute('SELECT `materi`.*, `kategori`.`nama_kategori`
FROM `materi`
JOIN `kategori` ON `kategori`.`id` = `materi`.`id_kategori`
WHERE `materi`.`pengajar` = \'1ag\'
ORDER BY `materi`.`id` DESC')
 2 SYSTEMPATH\Database\BaseConnection.php(646): CodeIgniter\Database\BaseConnection->simpleQuery('SELECT `materi`.*, `kategori`.`nama_kategori`
FROM `materi`
JOIN `kategori` ON `kategori`.`id` = `materi`.`id_kategori`
WHERE `materi`.`pengajar` = \'1ag\'
ORDER BY `materi`.`id` DESC')
 3 SYSTEMPATH\Database\BaseBuilder.php(1649): CodeIgniter\Database\BaseConnection->query('SELECT `materi`.*, `kategori`.`nama_kategori`
FROM `materi`
JOIN `kategori` ON `kategori`.`id` = `materi`.`id_kategori`
WHERE `materi`.`pengajar` = :materi.pengajar:
ORDER BY `materi`.`id` DESC', [...], false)
 4 SYSTEMPATH\Model.php(286): CodeIgniter\Database\BaseBuilder->get()
 5 SYSTEMPATH\BaseModel.php(677): CodeIgniter\Model->doFindAll(0, 0)
 6 APPPATH\Models\MateriModel.php(38): CodeIgniter\BaseModel->findAll()
 7 APPPATH\Controllers\Materi.php(26): App\Models\MateriModel->getMateriByPengajar('1ag')
 8 SYSTEMPATH\CodeIgniter.php(933): App\Controllers\Materi->index()
 9 SYSTEMPATH\CodeIgniter.php(507): CodeIgniter\CodeIgniter->runController(Object(App\Controllers\Materi))
10 SYSTEMPATH\CodeIgniter.php(354): CodeIgniter\CodeIgniter->handleRequest(null, Object(Config\Cache), false)
11 SYSTEMPATH\Boot.php(363): CodeIgniter\CodeIgniter->run()
12 SYSTEMPATH\Boot.php(68): CodeIgniter\Boot::runCodeIgniter(Object(CodeIgniter\CodeIgniter))
13 FCPATH\index.php(59): CodeIgniter\Boot::bootWeb(Object(Config\Paths))
14 SYSTEMPATH\rewrite.php(44): require_once('C:\\xampp\\htdocs\\LangkahPeduliNew\\public\\index.php')
CRITICAL - 2025-12-02 14:41:56 --> [Caused by] mysqli_sql_exception: Table 'newlangkah.kategori' doesn't exist
in SYSTEMPATH\Database\MySQLi\Connection.php on line 327.
 1 SYSTEMPATH\Database\MySQLi\Connection.php(327): mysqli->query('SELECT `materi`.*, `kategori`.`nama_kategori`
FROM `materi`
JOIN `kategori` ON `kategori`.`id` = `materi`.`id_kategori`
WHERE `materi`.`pengajar` = \'1ag\'
ORDER BY `materi`.`id` DESC', 0)
 2 SYSTEMPATH\Database\BaseConnection.php(729): CodeIgniter\Database\MySQLi\Connection->execute('SELECT `materi`.*, `kategori`.`nama_kategori`
FROM `materi`
JOIN `kategori` ON `kategori`.`id` = `materi`.`id_kategori`
WHERE `materi`.`pengajar` = \'1ag\'
ORDER BY `materi`.`id` DESC')
 3 SYSTEMPATH\Database\BaseConnection.php(646): CodeIgniter\Database\BaseConnection->simpleQuery('SELECT `materi`.*, `kategori`.`nama_kategori`
FROM `materi`
JOIN `kategori` ON `kategori`.`id` = `materi`.`id_kategori`
WHERE `materi`.`pengajar` = \'1ag\'
ORDER BY `materi`.`id` DESC')
 4 SYSTEMPATH\Database\BaseBuilder.php(1649): CodeIgniter\Database\BaseConnection->query('SELECT `materi`.*, `kategori`.`nama_kategori`
FROM `materi`
JOIN `kategori` ON `kategori`.`id` = `materi`.`id_kategori`
WHERE `materi`.`pengajar` = :materi.pengajar:
ORDER BY `materi`.`id` DESC', [...], false)
 5 SYSTEMPATH\Model.php(286): CodeIgniter\Database\BaseBuilder->get()
 6 SYSTEMPATH\BaseModel.php(677): CodeIgniter\Model->doFindAll(0, 0)
 7 APPPATH\Models\MateriModel.php(38): CodeIgniter\BaseModel->findAll()
 8 APPPATH\Controllers\Materi.php(26): App\Models\MateriModel->getMateriByPengajar('1ag')
 9 SYSTEMPATH\CodeIgniter.php(933): App\Controllers\Materi->index()
10 SYSTEMPATH\CodeIgniter.php(507): CodeIgniter\CodeIgniter->runController(Object(App\Controllers\Materi))
11 SYSTEMPATH\CodeIgniter.php(354): CodeIgniter\CodeIgniter->handleRequest(null, Object(Config\Cache), false)
12 SYSTEMPATH\Boot.php(363): CodeIgniter\CodeIgniter->run()
13 SYSTEMPATH\Boot.php(68): CodeIgniter\Boot::runCodeIgniter(Object(CodeIgniter\CodeIgniter))
14 FCPATH\index.php(59): CodeIgniter\Boot::bootWeb(Object(Config\Paths))
15 SYSTEMPATH\rewrite.php(44): require_once('C:\\xampp\\htdocs\\LangkahPeduliNew\\public\\index.php')
DEBUG - 2025-12-02 14:42:47 --> Session: Class initialized using 'CodeIgniter\Session\Handlers\FileHandler' driver.
ERROR - 2025-12-02 14:42:47 --> mysqli_sql_exception: Table 'newlangkah.kategori' doesn't exist in C:\xampp\htdocs\LangkahPeduliNew\system\Database\MySQLi\Connection.php:327
Stack trace:
#0 C:\xampp\htdocs\LangkahPeduliNew\system\Database\MySQLi\Connection.php(327): mysqli->query('SELECT `materi`...', 0)
#1 C:\xampp\htdocs\LangkahPeduliNew\system\Database\BaseConnection.php(729): CodeIgniter\Database\MySQLi\Connection->execute('SELECT `materi`...')
#2 C:\xampp\htdocs\LangkahPeduliNew\system\Database\BaseConnection.php(646): CodeIgniter\Database\BaseConnection->simpleQuery('SELECT `materi`...')
#3 C:\xampp\htdocs\LangkahPeduliNew\system\Database\BaseBuilder.php(1649): CodeIgniter\Database\BaseConnection->query('SELECT `materi`...', Array, false)
#4 C:\xampp\htdocs\LangkahPeduliNew\system\Model.php(286): CodeIgniter\Database\BaseBuilder->get()
#5 C:\xampp\htdocs\LangkahPeduliNew\system\BaseModel.php(677): CodeIgniter\Model->doFindAll(0, 0)
#6 C:\xampp\htdocs\LangkahPeduliNew\app\Models\MateriModel.php(38): CodeIgniter\BaseModel->findAll()
#7 C:\xampp\htdocs\LangkahPeduliNew\app\Controllers\Materi.php(26): App\Models\MateriModel->getMateriByPengajar('1ag')
#8 C:\xampp\htdocs\LangkahPeduliNew\system\CodeIgniter.php(933): App\Controllers\Materi->index()
#9 C:\xampp\htdocs\LangkahPeduliNew\system\CodeIgniter.php(507): CodeIgniter\CodeIgniter->runController(Object(App\Controllers\Materi))
#10 C:\xampp\htdocs\LangkahPeduliNew\system\CodeIgniter.php(354): CodeIgniter\CodeIgniter->handleRequest(NULL, Object(Config\Cache), false)
#11 C:\xampp\htdocs\LangkahPeduliNew\system\Boot.php(363): CodeIgniter\CodeIgniter->run()
#12 C:\xampp\htdocs\LangkahPeduliNew\system\Boot.php(68): CodeIgniter\Boot::runCodeIgniter(Object(CodeIgniter\CodeIgniter))
#13 C:\xampp\htdocs\LangkahPeduliNew\public\index.php(59): CodeIgniter\Boot::bootWeb(Object(Config\Paths))
#14 C:\xampp\htdocs\LangkahPeduliNew\system\rewrite.php(44): require_once('C:\\xampp\\htdocs...')
#15 {main}
CRITICAL - 2025-12-02 14:42:47 --> CodeIgniter\Database\Exceptions\DatabaseException: Table 'newlangkah.kategori' doesn't exist
[Method: GET, Route: dashboard/pengajar/materi]
in SYSTEMPATH\Database\BaseConnection.php on line 684.
 1 SYSTEMPATH\Database\BaseBuilder.php(1649): CodeIgniter\Database\BaseConnection->query('SELECT `materi`.*, `kategori`.`nama_kategori`
FROM `materi`
JOIN `kategori` ON `kategori`.`id` = `materi`.`id_kategori`
WHERE `materi`.`pengajar` = :materi.pengajar:
ORDER BY `materi`.`id` DESC', [...], false)
 2 SYSTEMPATH\Model.php(286): CodeIgniter\Database\BaseBuilder->get()
 3 SYSTEMPATH\BaseModel.php(677): CodeIgniter\Model->doFindAll(0, 0)
 4 APPPATH\Models\MateriModel.php(38): CodeIgniter\BaseModel->findAll()
 5 APPPATH\Controllers\Materi.php(26): App\Models\MateriModel->getMateriByPengajar('1ag')
 6 SYSTEMPATH\CodeIgniter.php(933): App\Controllers\Materi->index()
 7 SYSTEMPATH\CodeIgniter.php(507): CodeIgniter\CodeIgniter->runController(Object(App\Controllers\Materi))
 8 SYSTEMPATH\CodeIgniter.php(354): CodeIgniter\CodeIgniter->handleRequest(null, Object(Config\Cache), false)
 9 SYSTEMPATH\Boot.php(363): CodeIgniter\CodeIgniter->run()
10 SYSTEMPATH\Boot.php(68): CodeIgniter\Boot::runCodeIgniter(Object(CodeIgniter\CodeIgniter))
11 FCPATH\index.php(59): CodeIgniter\Boot::bootWeb(Object(Config\Paths))
12 SYSTEMPATH\rewrite.php(44): require_once('C:\\xampp\\htdocs\\LangkahPeduliNew\\public\\index.php')
CRITICAL - 2025-12-02 14:42:47 --> [Caused by] CodeIgniter\Database\Exceptions\DatabaseException: Table 'newlangkah.kategori' doesn't exist
in SYSTEMPATH\Database\MySQLi\Connection.php on line 332.
 1 SYSTEMPATH\Database\BaseConnection.php(729): CodeIgniter\Database\MySQLi\Connection->execute('SELECT `materi`.*, `kategori`.`nama_kategori`
FROM `materi`
JOIN `kategori` ON `kategori`.`id` = `materi`.`id_kategori`
WHERE `materi`.`pengajar` = \'1ag\'
ORDER BY `materi`.`id` DESC')
 2 SYSTEMPATH\Database\BaseConnection.php(646): CodeIgniter\Database\BaseConnection->simpleQuery('SELECT `materi`.*, `kategori`.`nama_kategori`
FROM `materi`
JOIN `kategori` ON `kategori`.`id` = `materi`.`id_kategori`
WHERE `materi`.`pengajar` = \'1ag\'
ORDER BY `materi`.`id` DESC')
 3 SYSTEMPATH\Database\BaseBuilder.php(1649): CodeIgniter\Database\BaseConnection->query('SELECT `materi`.*, `kategori`.`nama_kategori`
FROM `materi`
JOIN `kategori` ON `kategori`.`id` = `materi`.`id_kategori`
WHERE `materi`.`pengajar` = :materi.pengajar:
ORDER BY `materi`.`id` DESC', [...], false)
 4 SYSTEMPATH\Model.php(286): CodeIgniter\Database\BaseBuilder->get()
 5 SYSTEMPATH\BaseModel.php(677): CodeIgniter\Model->doFindAll(0, 0)
 6 APPPATH\Models\MateriModel.php(38): CodeIgniter\BaseModel->findAll()
 7 APPPATH\Controllers\Materi.php(26): App\Models\MateriModel->getMateriByPengajar('1ag')
 8 SYSTEMPATH\CodeIgniter.php(933): App\Controllers\Materi->index()
 9 SYSTEMPATH\CodeIgniter.php(507): CodeIgniter\CodeIgniter->runController(Object(App\Controllers\Materi))
10 SYSTEMPATH\CodeIgniter.php(354): CodeIgniter\CodeIgniter->handleRequest(null, Object(Config\Cache), false)
11 SYSTEMPATH\Boot.php(363): CodeIgniter\CodeIgniter->run()
12 SYSTEMPATH\Boot.php(68): CodeIgniter\Boot::runCodeIgniter(Object(CodeIgniter\CodeIgniter))
13 FCPATH\index.php(59): CodeIgniter\Boot::bootWeb(Object(Config\Paths))
14 SYSTEMPATH\rewrite.php(44): require_once('C:\\xampp\\htdocs\\LangkahPeduliNew\\public\\index.php')
CRITICAL - 2025-12-02 14:42:47 --> [Caused by] mysqli_sql_exception: Table 'newlangkah.kategori' doesn't exist
in SYSTEMPATH\Database\MySQLi\Connection.php on line 327.
 1 SYSTEMPATH\Database\MySQLi\Connection.php(327): mysqli->query('SELECT `materi`.*, `kategori`.`nama_kategori`
FROM `materi`
JOIN `kategori` ON `kategori`.`id` = `materi`.`id_kategori`
WHERE `materi`.`pengajar` = \'1ag\'
ORDER BY `materi`.`id` DESC', 0)
 2 SYSTEMPATH\Database\BaseConnection.php(729): CodeIgniter\Database\MySQLi\Connection->execute('SELECT `materi`.*, `kategori`.`nama_kategori`
FROM `materi`
JOIN `kategori` ON `kategori`.`id` = `materi`.`id_kategori`
WHERE `materi`.`pengajar` = \'1ag\'
ORDER BY `materi`.`id` DESC')
 3 SYSTEMPATH\Database\BaseConnection.php(646): CodeIgniter\Database\BaseConnection->simpleQuery('SELECT `materi`.*, `kategori`.`nama_kategori`
FROM `materi`
JOIN `kategori` ON `kategori`.`id` = `materi`.`id_kategori`
WHERE `materi`.`pengajar` = \'1ag\'
ORDER BY `materi`.`id` DESC')
 4 SYSTEMPATH\Database\BaseBuilder.php(1649): CodeIgniter\Database\BaseConnection->query('SELECT `materi`.*, `kategori`.`nama_kategori`
FROM `materi`
JOIN `kategori` ON `kategori`.`id` = `materi`.`id_kategori`
WHERE `materi`.`pengajar` = :materi.pengajar:
ORDER BY `materi`.`id` DESC', [...], false)
 5 SYSTEMPATH\Model.php(286): CodeIgniter\Database\BaseBuilder->get()
 6 SYSTEMPATH\BaseModel.php(677): CodeIgniter\Model->doFindAll(0, 0)
 7 APPPATH\Models\MateriModel.php(38): CodeIgniter\BaseModel->findAll()
 8 APPPATH\Controllers\Materi.php(26): App\Models\MateriModel->getMateriByPengajar('1ag')
 9 SYSTEMPATH\CodeIgniter.php(933): App\Controllers\Materi->index()
10 SYSTEMPATH\CodeIgniter.php(507): CodeIgniter\CodeIgniter->runController(Object(App\Controllers\Materi))
11 SYSTEMPATH\CodeIgniter.php(354): CodeIgniter\CodeIgniter->handleRequest(null, Object(Config\Cache), false)
12 SYSTEMPATH\Boot.php(363): CodeIgniter\CodeIgniter->run()
13 SYSTEMPATH\Boot.php(68): CodeIgniter\Boot::runCodeIgniter(Object(CodeIgniter\CodeIgniter))
14 FCPATH\index.php(59): CodeIgniter\Boot::bootWeb(Object(Config\Paths))
15 SYSTEMPATH\rewrite.php(44): require_once('C:\\xampp\\htdocs\\LangkahPeduliNew\\public\\index.php')
DEBUG - 2025-12-02 14:42:50 --> Session: Class initialized using 'CodeIgniter\Session\Handlers\FileHandler' driver.
ERROR - 2025-12-02 14:42:50 --> mysqli_sql_exception: Table 'newlangkah.kategori' doesn't exist in C:\xampp\htdocs\LangkahPeduliNew\system\Database\MySQLi\Connection.php:327
Stack trace:
#0 C:\xampp\htdocs\LangkahPeduliNew\system\Database\MySQLi\Connection.php(327): mysqli->query('SELECT `materi`...', 0)
#1 C:\xampp\htdocs\LangkahPeduliNew\system\Database\BaseConnection.php(729): CodeIgniter\Database\MySQLi\Connection->execute('SELECT `materi`...')
#2 C:\xampp\htdocs\LangkahPeduliNew\system\Database\BaseConnection.php(646): CodeIgniter\Database\BaseConnection->simpleQuery('SELECT `materi`...')
#3 C:\xampp\htdocs\LangkahPeduliNew\system\Database\BaseBuilder.php(1649): CodeIgniter\Database\BaseConnection->query('SELECT `materi`...', Array, false)
#4 C:\xampp\htdocs\LangkahPeduliNew\system\Model.php(286): CodeIgniter\Database\BaseBuilder->get()
#5 C:\xampp\htdocs\LangkahPeduliNew\system\BaseModel.php(677): CodeIgniter\Model->doFindAll(0, 0)
#6 C:\xampp\htdocs\LangkahPeduliNew\app\Models\MateriModel.php(38): CodeIgniter\BaseModel->findAll()
#7 C:\xampp\htdocs\LangkahPeduliNew\app\Controllers\Materi.php(26): App\Models\MateriModel->getMateriByPengajar('1ag')
#8 C:\xampp\htdocs\LangkahPeduliNew\system\CodeIgniter.php(933): App\Controllers\Materi->index()
#9 C:\xampp\htdocs\LangkahPeduliNew\system\CodeIgniter.php(507): CodeIgniter\CodeIgniter->runController(Object(App\Controllers\Materi))
#10 C:\xampp\htdocs\LangkahPeduliNew\system\CodeIgniter.php(354): CodeIgniter\CodeIgniter->handleRequest(NULL, Object(Config\Cache), false)
#11 C:\xampp\htdocs\LangkahPeduliNew\system\Boot.php(363): CodeIgniter\CodeIgniter->run()
#12 C:\xampp\htdocs\LangkahPeduliNew\system\Boot.php(68): CodeIgniter\Boot::runCodeIgniter(Object(CodeIgniter\CodeIgniter))
#13 C:\xampp\htdocs\LangkahPeduliNew\public\index.php(59): CodeIgniter\Boot::bootWeb(Object(Config\Paths))
#14 C:\xampp\htdocs\LangkahPeduliNew\system\rewrite.php(44): require_once('C:\\xampp\\htdocs...')
#15 {main}
CRITICAL - 2025-12-02 14:42:50 --> CodeIgniter\Database\Exceptions\DatabaseException: Table 'newlangkah.kategori' doesn't exist
[Method: GET, Route: dashboard/pengajar/materi]
in SYSTEMPATH\Database\BaseConnection.php on line 684.
 1 SYSTEMPATH\Database\BaseBuilder.php(1649): CodeIgniter\Database\BaseConnection->query('SELECT `materi`.*, `kategori`.`nama_kategori`
FROM `materi`
JOIN `kategori` ON `kategori`.`id` = `materi`.`id_kategori`
WHERE `materi`.`pengajar` = :materi.pengajar:
ORDER BY `materi`.`id` DESC', [...], false)
 2 SYSTEMPATH\Model.php(286): CodeIgniter\Database\BaseBuilder->get()
 3 SYSTEMPATH\BaseModel.php(677): CodeIgniter\Model->doFindAll(0, 0)
 4 APPPATH\Models\MateriModel.php(38): CodeIgniter\BaseModel->findAll()
 5 APPPATH\Controllers\Materi.php(26): App\Models\MateriModel->getMateriByPengajar('1ag')
 6 SYSTEMPATH\CodeIgniter.php(933): App\Controllers\Materi->index()
 7 SYSTEMPATH\CodeIgniter.php(507): CodeIgniter\CodeIgniter->runController(Object(App\Controllers\Materi))
 8 SYSTEMPATH\CodeIgniter.php(354): CodeIgniter\CodeIgniter->handleRequest(null, Object(Config\Cache), false)
 9 SYSTEMPATH\Boot.php(363): CodeIgniter\CodeIgniter->run()
10 SYSTEMPATH\Boot.php(68): CodeIgniter\Boot::runCodeIgniter(Object(CodeIgniter\CodeIgniter))
11 FCPATH\index.php(59): CodeIgniter\Boot::bootWeb(Object(Config\Paths))
12 SYSTEMPATH\rewrite.php(44): require_once('C:\\xampp\\htdocs\\LangkahPeduliNew\\public\\index.php')
CRITICAL - 2025-12-02 14:42:50 --> [Caused by] CodeIgniter\Database\Exceptions\DatabaseException: Table 'newlangkah.kategori' doesn't exist
in SYSTEMPATH\Database\MySQLi\Connection.php on line 332.
 1 SYSTEMPATH\Database\BaseConnection.php(729): CodeIgniter\Database\MySQLi\Connection->execute('SELECT `materi`.*, `kategori`.`nama_kategori`
FROM `materi`
JOIN `kategori` ON `kategori`.`id` = `materi`.`id_kategori`
WHERE `materi`.`pengajar` = \'1ag\'
ORDER BY `materi`.`id` DESC')
 2 SYSTEMPATH\Database\BaseConnection.php(646): CodeIgniter\Database\BaseConnection->simpleQuery('SELECT `materi`.*, `kategori`.`nama_kategori`
FROM `materi`
JOIN `kategori` ON `kategori`.`id` = `materi`.`id_kategori`
WHERE `materi`.`pengajar` = \'1ag\'
ORDER BY `materi`.`id` DESC')
 3 SYSTEMPATH\Database\BaseBuilder.php(1649): CodeIgniter\Database\BaseConnection->query('SELECT `materi`.*, `kategori`.`nama_kategori`
FROM `materi`
JOIN `kategori` ON `kategori`.`id` = `materi`.`id_kategori`
WHERE `materi`.`pengajar` = :materi.pengajar:
ORDER BY `materi`.`id` DESC', [...], false)
 4 SYSTEMPATH\Model.php(286): CodeIgniter\Database\BaseBuilder->get()
 5 SYSTEMPATH\BaseModel.php(677): CodeIgniter\Model->doFindAll(0, 0)
 6 APPPATH\Models\MateriModel.php(38): CodeIgniter\BaseModel->findAll()
 7 APPPATH\Controllers\Materi.php(26): App\Models\MateriModel->getMateriByPengajar('1ag')
 8 SYSTEMPATH\CodeIgniter.php(933): App\Controllers\Materi->index()
 9 SYSTEMPATH\CodeIgniter.php(507): CodeIgniter\CodeIgniter->runController(Object(App\Controllers\Materi))
10 SYSTEMPATH\CodeIgniter.php(354): CodeIgniter\CodeIgniter->handleRequest(null, Object(Config\Cache), false)
11 SYSTEMPATH\Boot.php(363): CodeIgniter\CodeIgniter->run()
12 SYSTEMPATH\Boot.php(68): CodeIgniter\Boot::runCodeIgniter(Object(CodeIgniter\CodeIgniter))
13 FCPATH\index.php(59): CodeIgniter\Boot::bootWeb(Object(Config\Paths))
14 SYSTEMPATH\rewrite.php(44): require_once('C:\\xampp\\htdocs\\LangkahPeduliNew\\public\\index.php')
CRITICAL - 2025-12-02 14:42:50 --> [Caused by] mysqli_sql_exception: Table 'newlangkah.kategori' doesn't exist
in SYSTEMPATH\Database\MySQLi\Connection.php on line 327.
 1 SYSTEMPATH\Database\MySQLi\Connection.php(327): mysqli->query('SELECT `materi`.*, `kategori`.`nama_kategori`
FROM `materi`
JOIN `kategori` ON `kategori`.`id` = `materi`.`id_kategori`
WHERE `materi`.`pengajar` = \'1ag\'
ORDER BY `materi`.`id` DESC', 0)
 2 SYSTEMPATH\Database\BaseConnection.php(729): CodeIgniter\Database\MySQLi\Connection->execute('SELECT `materi`.*, `kategori`.`nama_kategori`
FROM `materi`
JOIN `kategori` ON `kategori`.`id` = `materi`.`id_kategori`
WHERE `materi`.`pengajar` = \'1ag\'
ORDER BY `materi`.`id` DESC')
 3 SYSTEMPATH\Database\BaseConnection.php(646): CodeIgniter\Database\BaseConnection->simpleQuery('SELECT `materi`.*, `kategori`.`nama_kategori`
FROM `materi`
JOIN `kategori` ON `kategori`.`id` = `materi`.`id_kategori`
WHERE `materi`.`pengajar` = \'1ag\'
ORDER BY `materi`.`id` DESC')
 4 SYSTEMPATH\Database\BaseBuilder.php(1649): CodeIgniter\Database\BaseConnection->query('SELECT `materi`.*, `kategori`.`nama_kategori`
FROM `materi`
JOIN `kategori` ON `kategori`.`id` = `materi`.`id_kategori`
WHERE `materi`.`pengajar` = :materi.pengajar:
ORDER BY `materi`.`id` DESC', [...], false)
 5 SYSTEMPATH\Model.php(286): CodeIgniter\Database\BaseBuilder->get()
 6 SYSTEMPATH\BaseModel.php(677): CodeIgniter\Model->doFindAll(0, 0)
 7 APPPATH\Models\MateriModel.php(38): CodeIgniter\BaseModel->findAll()
 8 APPPATH\Controllers\Materi.php(26): App\Models\MateriModel->getMateriByPengajar('1ag')
 9 SYSTEMPATH\CodeIgniter.php(933): App\Controllers\Materi->index()
10 SYSTEMPATH\CodeIgniter.php(507): CodeIgniter\CodeIgniter->runController(Object(App\Controllers\Materi))
11 SYSTEMPATH\CodeIgniter.php(354): CodeIgniter\CodeIgniter->handleRequest(null, Object(Config\Cache), false)
12 SYSTEMPATH\Boot.php(363): CodeIgniter\CodeIgniter->run()
13 SYSTEMPATH\Boot.php(68): CodeIgniter\Boot::runCodeIgniter(Object(CodeIgniter\CodeIgniter))
14 FCPATH\index.php(59): CodeIgniter\Boot::bootWeb(Object(Config\Paths))
15 SYSTEMPATH\rewrite.php(44): require_once('C:\\xampp\\htdocs\\LangkahPeduliNew\\public\\index.php')
DEBUG - 2025-12-02 14:42:51 --> Session: Class initialized using 'CodeIgniter\Session\Handlers\FileHandler' driver.
DEBUG - 2025-12-02 14:42:53 --> Session: Class initialized using 'CodeIgniter\Session\Handlers\FileHandler' driver.
ERROR - 2025-12-02 14:42:53 --> mysqli_sql_exception: Table 'newlangkah.kategori' doesn't exist in C:\xampp\htdocs\LangkahPeduliNew\system\Database\MySQLi\Connection.php:327
Stack trace:
#0 C:\xampp\htdocs\LangkahPeduliNew\system\Database\MySQLi\Connection.php(327): mysqli->query('SELECT `materi`...', 0)
#1 C:\xampp\htdocs\LangkahPeduliNew\system\Database\BaseConnection.php(729): CodeIgniter\Database\MySQLi\Connection->execute('SELECT `materi`...')
#2 C:\xampp\htdocs\LangkahPeduliNew\system\Database\BaseConnection.php(646): CodeIgniter\Database\BaseConnection->simpleQuery('SELECT `materi`...')
#3 C:\xampp\htdocs\LangkahPeduliNew\system\Database\BaseBuilder.php(1649): CodeIgniter\Database\BaseConnection->query('SELECT `materi`...', Array, false)
#4 C:\xampp\htdocs\LangkahPeduliNew\system\Model.php(286): CodeIgniter\Database\BaseBuilder->get()
#5 C:\xampp\htdocs\LangkahPeduliNew\system\BaseModel.php(677): CodeIgniter\Model->doFindAll(0, 0)
#6 C:\xampp\htdocs\LangkahPeduliNew\app\Models\MateriModel.php(38): CodeIgniter\BaseModel->findAll()
#7 C:\xampp\htdocs\LangkahPeduliNew\app\Controllers\Materi.php(26): App\Models\MateriModel->getMateriByPengajar('1ag')
#8 C:\xampp\htdocs\LangkahPeduliNew\system\CodeIgniter.php(933): App\Controllers\Materi->index()
#9 C:\xampp\htdocs\LangkahPeduliNew\system\CodeIgniter.php(507): CodeIgniter\CodeIgniter->runController(Object(App\Controllers\Materi))
#10 C:\xampp\htdocs\LangkahPeduliNew\system\CodeIgniter.php(354): CodeIgniter\CodeIgniter->handleRequest(NULL, Object(Config\Cache), false)
#11 C:\xampp\htdocs\LangkahPeduliNew\system\Boot.php(363): CodeIgniter\CodeIgniter->run()
#12 C:\xampp\htdocs\LangkahPeduliNew\system\Boot.php(68): CodeIgniter\Boot::runCodeIgniter(Object(CodeIgniter\CodeIgniter))
#13 C:\xampp\htdocs\LangkahPeduliNew\public\index.php(59): CodeIgniter\Boot::bootWeb(Object(Config\Paths))
#14 C:\xampp\htdocs\LangkahPeduliNew\system\rewrite.php(44): require_once('C:\\xampp\\htdocs...')
#15 {main}
CRITICAL - 2025-12-02 14:42:53 --> CodeIgniter\Database\Exceptions\DatabaseException: Table 'newlangkah.kategori' doesn't exist
[Method: GET, Route: dashboard/pengajar/materi]
in SYSTEMPATH\Database\BaseConnection.php on line 684.
 1 SYSTEMPATH\Database\BaseBuilder.php(1649): CodeIgniter\Database\BaseConnection->query('SELECT `materi`.*, `kategori`.`nama_kategori`
FROM `materi`
JOIN `kategori` ON `kategori`.`id` = `materi`.`id_kategori`
WHERE `materi`.`pengajar` = :materi.pengajar:
ORDER BY `materi`.`id` DESC', [...], false)
 2 SYSTEMPATH\Model.php(286): CodeIgniter\Database\BaseBuilder->get()
 3 SYSTEMPATH\BaseModel.php(677): CodeIgniter\Model->doFindAll(0, 0)
 4 APPPATH\Models\MateriModel.php(38): CodeIgniter\BaseModel->findAll()
 5 APPPATH\Controllers\Materi.php(26): App\Models\MateriModel->getMateriByPengajar('1ag')
 6 SYSTEMPATH\CodeIgniter.php(933): App\Controllers\Materi->index()
 7 SYSTEMPATH\CodeIgniter.php(507): CodeIgniter\CodeIgniter->runController(Object(App\Controllers\Materi))
 8 SYSTEMPATH\CodeIgniter.php(354): CodeIgniter\CodeIgniter->handleRequest(null, Object(Config\Cache), false)
 9 SYSTEMPATH\Boot.php(363): CodeIgniter\CodeIgniter->run()
10 SYSTEMPATH\Boot.php(68): CodeIgniter\Boot::runCodeIgniter(Object(CodeIgniter\CodeIgniter))
11 FCPATH\index.php(59): CodeIgniter\Boot::bootWeb(Object(Config\Paths))
12 SYSTEMPATH\rewrite.php(44): require_once('C:\\xampp\\htdocs\\LangkahPeduliNew\\public\\index.php')
CRITICAL - 2025-12-02 14:42:53 --> [Caused by] CodeIgniter\Database\Exceptions\DatabaseException: Table 'newlangkah.kategori' doesn't exist
in SYSTEMPATH\Database\MySQLi\Connection.php on line 332.
 1 SYSTEMPATH\Database\BaseConnection.php(729): CodeIgniter\Database\MySQLi\Connection->execute('SELECT `materi`.*, `kategori`.`nama_kategori`
FROM `materi`
JOIN `kategori` ON `kategori`.`id` = `materi`.`id_kategori`
WHERE `materi`.`pengajar` = \'1ag\'
ORDER BY `materi`.`id` DESC')
 2 SYSTEMPATH\Database\BaseConnection.php(646): CodeIgniter\Database\BaseConnection->simpleQuery('SELECT `materi`.*, `kategori`.`nama_kategori`
FROM `materi`
JOIN `kategori` ON `kategori`.`id` = `materi`.`id_kategori`
WHERE `materi`.`pengajar` = \'1ag\'
ORDER BY `materi`.`id` DESC')
 3 SYSTEMPATH\Database\BaseBuilder.php(1649): CodeIgniter\Database\BaseConnection->query('SELECT `materi`.*, `kategori`.`nama_kategori`
FROM `materi`
JOIN `kategori` ON `kategori`.`id` = `materi`.`id_kategori`
WHERE `materi`.`pengajar` = :materi.pengajar:
ORDER BY `materi`.`id` DESC', [...], false)
 4 SYSTEMPATH\Model.php(286): CodeIgniter\Database\BaseBuilder->get()
 5 SYSTEMPATH\BaseModel.php(677): CodeIgniter\Model->doFindAll(0, 0)
 6 APPPATH\Models\MateriModel.php(38): CodeIgniter\BaseModel->findAll()
 7 APPPATH\Controllers\Materi.php(26): App\Models\MateriModel->getMateriByPengajar('1ag')
 8 SYSTEMPATH\CodeIgniter.php(933): App\Controllers\Materi->index()
 9 SYSTEMPATH\CodeIgniter.php(507): CodeIgniter\CodeIgniter->runController(Object(App\Controllers\Materi))
10 SYSTEMPATH\CodeIgniter.php(354): CodeIgniter\CodeIgniter->handleRequest(null, Object(Config\Cache), false)
11 SYSTEMPATH\Boot.php(363): CodeIgniter\CodeIgniter->run()
12 SYSTEMPATH\Boot.php(68): CodeIgniter\Boot::runCodeIgniter(Object(CodeIgniter\CodeIgniter))
13 FCPATH\index.php(59): CodeIgniter\Boot::bootWeb(Object(Config\Paths))
14 SYSTEMPATH\rewrite.php(44): require_once('C:\\xampp\\htdocs\\LangkahPeduliNew\\public\\index.php')
CRITICAL - 2025-12-02 14:42:53 --> [Caused by] mysqli_sql_exception: Table 'newlangkah.kategori' doesn't exist
in SYSTEMPATH\Database\MySQLi\Connection.php on line 327.
 1 SYSTEMPATH\Database\MySQLi\Connection.php(327): mysqli->query('SELECT `materi`.*, `kategori`.`nama_kategori`
FROM `materi`
JOIN `kategori` ON `kategori`.`id` = `materi`.`id_kategori`
WHERE `materi`.`pengajar` = \'1ag\'
ORDER BY `materi`.`id` DESC', 0)
 2 SYSTEMPATH\Database\BaseConnection.php(729): CodeIgniter\Database\MySQLi\Connection->execute('SELECT `materi`.*, `kategori`.`nama_kategori`
FROM `materi`
JOIN `kategori` ON `kategori`.`id` = `materi`.`id_kategori`
WHERE `materi`.`pengajar` = \'1ag\'
ORDER BY `materi`.`id` DESC')
 3 SYSTEMPATH\Database\BaseConnection.php(646): CodeIgniter\Database\BaseConnection->simpleQuery('SELECT `materi`.*, `kategori`.`nama_kategori`
FROM `materi`
JOIN `kategori` ON `kategori`.`id` = `materi`.`id_kategori`
WHERE `materi`.`pengajar` = \'1ag\'
ORDER BY `materi`.`id` DESC')
 4 SYSTEMPATH\Database\BaseBuilder.php(1649): CodeIgniter\Database\BaseConnection->query('SELECT `materi`.*, `kategori`.`nama_kategori`
FROM `materi`
JOIN `kategori` ON `kategori`.`id` = `materi`.`id_kategori`
WHERE `materi`.`pengajar` = :materi.pengajar:
ORDER BY `materi`.`id` DESC', [...], false)
 5 SYSTEMPATH\Model.php(286): CodeIgniter\Database\BaseBuilder->get()
 6 SYSTEMPATH\BaseModel.php(677): CodeIgniter\Model->doFindAll(0, 0)
 7 APPPATH\Models\MateriModel.php(38): CodeIgniter\BaseModel->findAll()
 8 APPPATH\Controllers\Materi.php(26): App\Models\MateriModel->getMateriByPengajar('1ag')
 9 SYSTEMPATH\CodeIgniter.php(933): App\Controllers\Materi->index()
10 SYSTEMPATH\CodeIgniter.php(507): CodeIgniter\CodeIgniter->runController(Object(App\Controllers\Materi))
11 SYSTEMPATH\CodeIgniter.php(354): CodeIgniter\CodeIgniter->handleRequest(null, Object(Config\Cache), false)
12 SYSTEMPATH\Boot.php(363): CodeIgniter\CodeIgniter->run()
13 SYSTEMPATH\Boot.php(68): CodeIgniter\Boot::runCodeIgniter(Object(CodeIgniter\CodeIgniter))
14 FCPATH\index.php(59): CodeIgniter\Boot::bootWeb(Object(Config\Paths))
15 SYSTEMPATH\rewrite.php(44): require_once('C:\\xampp\\htdocs\\LangkahPeduliNew\\public\\index.php')
DEBUG - 2025-12-02 14:45:34 --> Session: Class initialized using 'CodeIgniter\Session\Handlers\FileHandler' driver.
ERROR - 2025-12-02 14:45:34 --> mysqli_sql_exception: Table 'newlangkah.kategori' doesn't exist in C:\xampp\htdocs\LangkahPeduliNew\system\Database\MySQLi\Connection.php:327
Stack trace:
#0 C:\xampp\htdocs\LangkahPeduliNew\system\Database\MySQLi\Connection.php(327): mysqli->query('SELECT `materi`...', 0)
#1 C:\xampp\htdocs\LangkahPeduliNew\system\Database\BaseConnection.php(729): CodeIgniter\Database\MySQLi\Connection->execute('SELECT `materi`...')
#2 C:\xampp\htdocs\LangkahPeduliNew\system\Database\BaseConnection.php(646): CodeIgniter\Database\BaseConnection->simpleQuery('SELECT `materi`...')
#3 C:\xampp\htdocs\LangkahPeduliNew\system\Database\BaseBuilder.php(1649): CodeIgniter\Database\BaseConnection->query('SELECT `materi`...', Array, false)
#4 C:\xampp\htdocs\LangkahPeduliNew\system\Model.php(286): CodeIgniter\Database\BaseBuilder->get()
#5 C:\xampp\htdocs\LangkahPeduliNew\system\BaseModel.php(677): CodeIgniter\Model->doFindAll(0, 0)
#6 C:\xampp\htdocs\LangkahPeduliNew\app\Models\MateriModel.php(38): CodeIgniter\BaseModel->findAll()
#7 C:\xampp\htdocs\LangkahPeduliNew\app\Controllers\Materi.php(26): App\Models\MateriModel->getMateriByPengajar('1ag')
#8 C:\xampp\htdocs\LangkahPeduliNew\system\CodeIgniter.php(933): App\Controllers\Materi->index()
#9 C:\xampp\htdocs\LangkahPeduliNew\system\CodeIgniter.php(507): CodeIgniter\CodeIgniter->runController(Object(App\Controllers\Materi))
#10 C:\xampp\htdocs\LangkahPeduliNew\system\CodeIgniter.php(354): CodeIgniter\CodeIgniter->handleRequest(NULL, Object(Config\Cache), false)
#11 C:\xampp\htdocs\LangkahPeduliNew\system\Boot.php(363): CodeIgniter\CodeIgniter->run()
#12 C:\xampp\htdocs\LangkahPeduliNew\system\Boot.php(68): CodeIgniter\Boot::runCodeIgniter(Object(CodeIgniter\CodeIgniter))
#13 C:\xampp\htdocs\LangkahPeduliNew\public\index.php(59): CodeIgniter\Boot::bootWeb(Object(Config\Paths))
#14 C:\xampp\htdocs\LangkahPeduliNew\system\rewrite.php(44): require_once('C:\\xampp\\htdocs...')
#15 {main}
CRITICAL - 2025-12-02 14:45:34 --> CodeIgniter\Database\Exceptions\DatabaseException: Table 'newlangkah.kategori' doesn't exist
[Method: GET, Route: dashboard/pengajar/materi]
in SYSTEMPATH\Database\BaseConnection.php on line 684.
 1 SYSTEMPATH\Database\BaseBuilder.php(1649): CodeIgniter\Database\BaseConnection->query('SELECT `materi`.*, `kategori`.`nama_kategori`
FROM `materi`
JOIN `kategori` ON `kategori`.`id` = `materi`.`id_kategori`
WHERE `materi`.`pengajar` = :materi.pengajar:
ORDER BY `materi`.`id` DESC', [...], false)
 2 SYSTEMPATH\Model.php(286): CodeIgniter\Database\BaseBuilder->get()
 3 SYSTEMPATH\BaseModel.php(677): CodeIgniter\Model->doFindAll(0, 0)
 4 APPPATH\Models\MateriModel.php(38): CodeIgniter\BaseModel->findAll()
 5 APPPATH\Controllers\Materi.php(26): App\Models\MateriModel->getMateriByPengajar('1ag')
 6 SYSTEMPATH\CodeIgniter.php(933): App\Controllers\Materi->index()
 7 SYSTEMPATH\CodeIgniter.php(507): CodeIgniter\CodeIgniter->runController(Object(App\Controllers\Materi))
 8 SYSTEMPATH\CodeIgniter.php(354): CodeIgniter\CodeIgniter->handleRequest(null, Object(Config\Cache), false)
 9 SYSTEMPATH\Boot.php(363): CodeIgniter\CodeIgniter->run()
10 SYSTEMPATH\Boot.php(68): CodeIgniter\Boot::runCodeIgniter(Object(CodeIgniter\CodeIgniter))
11 FCPATH\index.php(59): CodeIgniter\Boot::bootWeb(Object(Config\Paths))
12 SYSTEMPATH\rewrite.php(44): require_once('C:\\xampp\\htdocs\\LangkahPeduliNew\\public\\index.php')
CRITICAL - 2025-12-02 14:45:34 --> [Caused by] CodeIgniter\Database\Exceptions\DatabaseException: Table 'newlangkah.kategori' doesn't exist
in SYSTEMPATH\Database\MySQLi\Connection.php on line 332.
 1 SYSTEMPATH\Database\BaseConnection.php(729): CodeIgniter\Database\MySQLi\Connection->execute('SELECT `materi`.*, `kategori`.`nama_kategori`
FROM `materi`
JOIN `kategori` ON `kategori`.`id` = `materi`.`id_kategori`
WHERE `materi`.`pengajar` = \'1ag\'
ORDER BY `materi`.`id` DESC')
 2 SYSTEMPATH\Database\BaseConnection.php(646): CodeIgniter\Database\BaseConnection->simpleQuery('SELECT `materi`.*, `kategori`.`nama_kategori`
FROM `materi`
JOIN `kategori` ON `kategori`.`id` = `materi`.`id_kategori`
WHERE `materi`.`pengajar` = \'1ag\'
ORDER BY `materi`.`id` DESC')
 3 SYSTEMPATH\Database\BaseBuilder.php(1649): CodeIgniter\Database\BaseConnection->query('SELECT `materi`.*, `kategori`.`nama_kategori`
FROM `materi`
JOIN `kategori` ON `kategori`.`id` = `materi`.`id_kategori`
WHERE `materi`.`pengajar` = :materi.pengajar:
ORDER BY `materi`.`id` DESC', [...], false)
 4 SYSTEMPATH\Model.php(286): CodeIgniter\Database\BaseBuilder->get()
 5 SYSTEMPATH\BaseModel.php(677): CodeIgniter\Model->doFindAll(0, 0)
 6 APPPATH\Models\MateriModel.php(38): CodeIgniter\BaseModel->findAll()
 7 APPPATH\Controllers\Materi.php(26): App\Models\MateriModel->getMateriByPengajar('1ag')
 8 SYSTEMPATH\CodeIgniter.php(933): App\Controllers\Materi->index()
 9 SYSTEMPATH\CodeIgniter.php(507): CodeIgniter\CodeIgniter->runController(Object(App\Controllers\Materi))
10 SYSTEMPATH\CodeIgniter.php(354): CodeIgniter\CodeIgniter->handleRequest(null, Object(Config\Cache), false)
11 SYSTEMPATH\Boot.php(363): CodeIgniter\CodeIgniter->run()
12 SYSTEMPATH\Boot.php(68): CodeIgniter\Boot::runCodeIgniter(Object(CodeIgniter\CodeIgniter))
13 FCPATH\index.php(59): CodeIgniter\Boot::bootWeb(Object(Config\Paths))
14 SYSTEMPATH\rewrite.php(44): require_once('C:\\xampp\\htdocs\\LangkahPeduliNew\\public\\index.php')
CRITICAL - 2025-12-02 14:45:34 --> [Caused by] mysqli_sql_exception: Table 'newlangkah.kategori' doesn't exist
in SYSTEMPATH\Database\MySQLi\Connection.php on line 327.
 1 SYSTEMPATH\Database\MySQLi\Connection.php(327): mysqli->query('SELECT `materi`.*, `kategori`.`nama_kategori`
FROM `materi`
JOIN `kategori` ON `kategori`.`id` = `materi`.`id_kategori`
WHERE `materi`.`pengajar` = \'1ag\'
ORDER BY `materi`.`id` DESC', 0)
 2 SYSTEMPATH\Database\BaseConnection.php(729): CodeIgniter\Database\MySQLi\Connection->execute('SELECT `materi`.*, `kategori`.`nama_kategori`
FROM `materi`
JOIN `kategori` ON `kategori`.`id` = `materi`.`id_kategori`
WHERE `materi`.`pengajar` = \'1ag\'
ORDER BY `materi`.`id` DESC')
 3 SYSTEMPATH\Database\BaseConnection.php(646): CodeIgniter\Database\BaseConnection->simpleQuery('SELECT `materi`.*, `kategori`.`nama_kategori`
FROM `materi`
JOIN `kategori` ON `kategori`.`id` = `materi`.`id_kategori`
WHERE `materi`.`pengajar` = \'1ag\'
ORDER BY `materi`.`id` DESC')
 4 SYSTEMPATH\Database\BaseBuilder.php(1649): CodeIgniter\Database\BaseConnection->query('SELECT `materi`.*, `kategori`.`nama_kategori`
FROM `materi`
JOIN `kategori` ON `kategori`.`id` = `materi`.`id_kategori`
WHERE `materi`.`pengajar` = :materi.pengajar:
ORDER BY `materi`.`id` DESC', [...], false)
 5 SYSTEMPATH\Model.php(286): CodeIgniter\Database\BaseBuilder->get()
 6 SYSTEMPATH\BaseModel.php(677): CodeIgniter\Model->doFindAll(0, 0)
 7 APPPATH\Models\MateriModel.php(38): CodeIgniter\BaseModel->findAll()
 8 APPPATH\Controllers\Materi.php(26): App\Models\MateriModel->getMateriByPengajar('1ag')
 9 SYSTEMPATH\CodeIgniter.php(933): App\Controllers\Materi->index()
10 SYSTEMPATH\CodeIgniter.php(507): CodeIgniter\CodeIgniter->runController(Object(App\Controllers\Materi))
11 SYSTEMPATH\CodeIgniter.php(354): CodeIgniter\CodeIgniter->handleRequest(null, Object(Config\Cache), false)
12 SYSTEMPATH\Boot.php(363): CodeIgniter\CodeIgniter->run()
13 SYSTEMPATH\Boot.php(68): CodeIgniter\Boot::runCodeIgniter(Object(CodeIgniter\CodeIgniter))
14 FCPATH\index.php(59): CodeIgniter\Boot::bootWeb(Object(Config\Paths))
15 SYSTEMPATH\rewrite.php(44): require_once('C:\\xampp\\htdocs\\LangkahPeduliNew\\public\\index.php')
DEBUG - 2025-12-02 14:45:36 --> Session: Class initialized using 'CodeIgniter\Session\Handlers\FileHandler' driver.
DEBUG - 2025-12-02 14:45:39 --> Session: Class initialized using 'CodeIgniter\Session\Handlers\FileHandler' driver.
DEBUG - 2025-12-02 14:45:40 --> Session: Class initialized using 'CodeIgniter\Session\Handlers\FileHandler' driver.
DEBUG - 2025-12-02 14:45:42 --> Session: Class initialized using 'CodeIgniter\Session\Handlers\FileHandler' driver.
ERROR - 2025-12-02 14:45:42 --> mysqli_sql_exception: Table 'newlangkah.kategori' doesn't exist in C:\xampp\htdocs\LangkahPeduliNew\system\Database\MySQLi\Connection.php:327
Stack trace:
#0 C:\xampp\htdocs\LangkahPeduliNew\system\Database\MySQLi\Connection.php(327): mysqli->query('SELECT `materi`...', 0)
#1 C:\xampp\htdocs\LangkahPeduliNew\system\Database\BaseConnection.php(729): CodeIgniter\Database\MySQLi\Connection->execute('SELECT `materi`...')
#2 C:\xampp\htdocs\LangkahPeduliNew\system\Database\BaseConnection.php(646): CodeIgniter\Database\BaseConnection->simpleQuery('SELECT `materi`...')
#3 C:\xampp\htdocs\LangkahPeduliNew\system\Database\BaseBuilder.php(1649): CodeIgniter\Database\BaseConnection->query('SELECT `materi`...', Array, false)
#4 C:\xampp\htdocs\LangkahPeduliNew\system\Model.php(286): CodeIgniter\Database\BaseBuilder->get()
#5 C:\xampp\htdocs\LangkahPeduliNew\system\BaseModel.php(677): CodeIgniter\Model->doFindAll(0, 0)
#6 C:\xampp\htdocs\LangkahPeduliNew\app\Models\MateriModel.php(38): CodeIgniter\BaseModel->findAll()
#7 C:\xampp\htdocs\LangkahPeduliNew\app\Controllers\Materi.php(26): App\Models\MateriModel->getMateriByPengajar('1ag')
#8 C:\xampp\htdocs\LangkahPeduliNew\system\CodeIgniter.php(933): App\Controllers\Materi->index()
#9 C:\xampp\htdocs\LangkahPeduliNew\system\CodeIgniter.php(507): CodeIgniter\CodeIgniter->runController(Object(App\Controllers\Materi))
#10 C:\xampp\htdocs\LangkahPeduliNew\system\CodeIgniter.php(354): CodeIgniter\CodeIgniter->handleRequest(NULL, Object(Config\Cache), false)
#11 C:\xampp\htdocs\LangkahPeduliNew\system\Boot.php(363): CodeIgniter\CodeIgniter->run()
#12 C:\xampp\htdocs\LangkahPeduliNew\system\Boot.php(68): CodeIgniter\Boot::runCodeIgniter(Object(CodeIgniter\CodeIgniter))
#13 C:\xampp\htdocs\LangkahPeduliNew\public\index.php(59): CodeIgniter\Boot::bootWeb(Object(Config\Paths))
#14 C:\xampp\htdocs\LangkahPeduliNew\system\rewrite.php(44): require_once('C:\\xampp\\htdocs...')
#15 {main}
CRITICAL - 2025-12-02 14:45:42 --> CodeIgniter\Database\Exceptions\DatabaseException: Table 'newlangkah.kategori' doesn't exist
[Method: GET, Route: dashboard/pengajar/materi]
in SYSTEMPATH\Database\BaseConnection.php on line 684.
 1 SYSTEMPATH\Database\BaseBuilder.php(1649): CodeIgniter\Database\BaseConnection->query('SELECT `materi`.*, `kategori`.`nama_kategori`
FROM `materi`
JOIN `kategori` ON `kategori`.`id` = `materi`.`id_kategori`
WHERE `materi`.`pengajar` = :materi.pengajar:
ORDER BY `materi`.`id` DESC', [...], false)
 2 SYSTEMPATH\Model.php(286): CodeIgniter\Database\BaseBuilder->get()
 3 SYSTEMPATH\BaseModel.php(677): CodeIgniter\Model->doFindAll(0, 0)
 4 APPPATH\Models\MateriModel.php(38): CodeIgniter\BaseModel->findAll()
 5 APPPATH\Controllers\Materi.php(26): App\Models\MateriModel->getMateriByPengajar('1ag')
 6 SYSTEMPATH\CodeIgniter.php(933): App\Controllers\Materi->index()
 7 SYSTEMPATH\CodeIgniter.php(507): CodeIgniter\CodeIgniter->runController(Object(App\Controllers\Materi))
 8 SYSTEMPATH\CodeIgniter.php(354): CodeIgniter\CodeIgniter->handleRequest(null, Object(Config\Cache), false)
 9 SYSTEMPATH\Boot.php(363): CodeIgniter\CodeIgniter->run()
10 SYSTEMPATH\Boot.php(68): CodeIgniter\Boot::runCodeIgniter(Object(CodeIgniter\CodeIgniter))
11 FCPATH\index.php(59): CodeIgniter\Boot::bootWeb(Object(Config\Paths))
12 SYSTEMPATH\rewrite.php(44): require_once('C:\\xampp\\htdocs\\LangkahPeduliNew\\public\\index.php')
CRITICAL - 2025-12-02 14:45:42 --> [Caused by] CodeIgniter\Database\Exceptions\DatabaseException: Table 'newlangkah.kategori' doesn't exist
in SYSTEMPATH\Database\MySQLi\Connection.php on line 332.
 1 SYSTEMPATH\Database\BaseConnection.php(729): CodeIgniter\Database\MySQLi\Connection->execute('SELECT `materi`.*, `kategori`.`nama_kategori`
FROM `materi`
JOIN `kategori` ON `kategori`.`id` = `materi`.`id_kategori`
WHERE `materi`.`pengajar` = \'1ag\'
ORDER BY `materi`.`id` DESC')
 2 SYSTEMPATH\Database\BaseConnection.php(646): CodeIgniter\Database\BaseConnection->simpleQuery('SELECT `materi`.*, `kategori`.`nama_kategori`
FROM `materi`
JOIN `kategori` ON `kategori`.`id` = `materi`.`id_kategori`
WHERE `materi`.`pengajar` = \'1ag\'
ORDER BY `materi`.`id` DESC')
 3 SYSTEMPATH\Database\BaseBuilder.php(1649): CodeIgniter\Database\BaseConnection->query('SELECT `materi`.*, `kategori`.`nama_kategori`
FROM `materi`
JOIN `kategori` ON `kategori`.`id` = `materi`.`id_kategori`
WHERE `materi`.`pengajar` = :materi.pengajar:
ORDER BY `materi`.`id` DESC', [...], false)
 4 SYSTEMPATH\Model.php(286): CodeIgniter\Database\BaseBuilder->get()
 5 SYSTEMPATH\BaseModel.php(677): CodeIgniter\Model->doFindAll(0, 0)
 6 APPPATH\Models\MateriModel.php(38): CodeIgniter\BaseModel->findAll()
 7 APPPATH\Controllers\Materi.php(26): App\Models\MateriModel->getMateriByPengajar('1ag')
 8 SYSTEMPATH\CodeIgniter.php(933): App\Controllers\Materi->index()
 9 SYSTEMPATH\CodeIgniter.php(507): CodeIgniter\CodeIgniter->runController(Object(App\Controllers\Materi))
10 SYSTEMPATH\CodeIgniter.php(354): CodeIgniter\CodeIgniter->handleRequest(null, Object(Config\Cache), false)
11 SYSTEMPATH\Boot.php(363): CodeIgniter\CodeIgniter->run()
12 SYSTEMPATH\Boot.php(68): CodeIgniter\Boot::runCodeIgniter(Object(CodeIgniter\CodeIgniter))
13 FCPATH\index.php(59): CodeIgniter\Boot::bootWeb(Object(Config\Paths))
14 SYSTEMPATH\rewrite.php(44): require_once('C:\\xampp\\htdocs\\LangkahPeduliNew\\public\\index.php')
CRITICAL - 2025-12-02 14:45:42 --> [Caused by] mysqli_sql_exception: Table 'newlangkah.kategori' doesn't exist
in SYSTEMPATH\Database\MySQLi\Connection.php on line 327.
 1 SYSTEMPATH\Database\MySQLi\Connection.php(327): mysqli->query('SELECT `materi`.*, `kategori`.`nama_kategori`
FROM `materi`
JOIN `kategori` ON `kategori`.`id` = `materi`.`id_kategori`
WHERE `materi`.`pengajar` = \'1ag\'
ORDER BY `materi`.`id` DESC', 0)
 2 SYSTEMPATH\Database\BaseConnection.php(729): CodeIgniter\Database\MySQLi\Connection->execute('SELECT `materi`.*, `kategori`.`nama_kategori`
FROM `materi`
JOIN `kategori` ON `kategori`.`id` = `materi`.`id_kategori`
WHERE `materi`.`pengajar` = \'1ag\'
ORDER BY `materi`.`id` DESC')
 3 SYSTEMPATH\Database\BaseConnection.php(646): CodeIgniter\Database\BaseConnection->simpleQuery('SELECT `materi`.*, `kategori`.`nama_kategori`
FROM `materi`
JOIN `kategori` ON `kategori`.`id` = `materi`.`id_kategori`
WHERE `materi`.`pengajar` = \'1ag\'
ORDER BY `materi`.`id` DESC')
 4 SYSTEMPATH\Database\BaseBuilder.php(1649): CodeIgniter\Database\BaseConnection->query('SELECT `materi`.*, `kategori`.`nama_kategori`
FROM `materi`
JOIN `kategori` ON `kategori`.`id` = `materi`.`id_kategori`
WHERE `materi`.`pengajar` = :materi.pengajar:
ORDER BY `materi`.`id` DESC', [...], false)
 5 SYSTEMPATH\Model.php(286): CodeIgniter\Database\BaseBuilder->get()
 6 SYSTEMPATH\BaseModel.php(677): CodeIgniter\Model->doFindAll(0, 0)
 7 APPPATH\Models\MateriModel.php(38): CodeIgniter\BaseModel->findAll()
 8 APPPATH\Controllers\Materi.php(26): App\Models\MateriModel->getMateriByPengajar('1ag')
 9 SYSTEMPATH\CodeIgniter.php(933): App\Controllers\Materi->index()
10 SYSTEMPATH\CodeIgniter.php(507): CodeIgniter\CodeIgniter->runController(Object(App\Controllers\Materi))
11 SYSTEMPATH\CodeIgniter.php(354): CodeIgniter\CodeIgniter->handleRequest(null, Object(Config\Cache), false)
12 SYSTEMPATH\Boot.php(363): CodeIgniter\CodeIgniter->run()
13 SYSTEMPATH\Boot.php(68): CodeIgniter\Boot::runCodeIgniter(Object(CodeIgniter\CodeIgniter))
14 FCPATH\index.php(59): CodeIgniter\Boot::bootWeb(Object(Config\Paths))
15 SYSTEMPATH\rewrite.php(44): require_once('C:\\xampp\\htdocs\\LangkahPeduliNew\\public\\index.php')
DEBUG - 2025-12-02 14:46:00 --> Session: Class initialized using 'CodeIgniter\Session\Handlers\FileHandler' driver.
DEBUG - 2025-12-02 14:46:10 --> Session: Class initialized using 'CodeIgniter\Session\Handlers\FileHandler' driver.
DEBUG - 2025-12-02 14:46:10 --> Session: Class initialized using 'CodeIgniter\Session\Handlers\FileHandler' driver.
DEBUG - 2025-12-02 14:46:12 --> Session: Class initialized using 'CodeIgniter\Session\Handlers\FileHandler' driver.
ERROR - 2025-12-02 14:46:12 --> mysqli_sql_exception: Table 'newlangkah.kategori' doesn't exist in C:\xampp\htdocs\LangkahPeduliNew\system\Database\MySQLi\Connection.php:327
Stack trace:
#0 C:\xampp\htdocs\LangkahPeduliNew\system\Database\MySQLi\Connection.php(327): mysqli->query('SELECT `materi`...', 0)
#1 C:\xampp\htdocs\LangkahPeduliNew\system\Database\BaseConnection.php(729): CodeIgniter\Database\MySQLi\Connection->execute('SELECT `materi`...')
#2 C:\xampp\htdocs\LangkahPeduliNew\system\Database\BaseConnection.php(646): CodeIgniter\Database\BaseConnection->simpleQuery('SELECT `materi`...')
#3 C:\xampp\htdocs\LangkahPeduliNew\system\Database\BaseBuilder.php(1649): CodeIgniter\Database\BaseConnection->query('SELECT `materi`...', Array, false)
#4 C:\xampp\htdocs\LangkahPeduliNew\system\Model.php(286): CodeIgniter\Database\BaseBuilder->get()
#5 C:\xampp\htdocs\LangkahPeduliNew\system\BaseModel.php(677): CodeIgniter\Model->doFindAll(0, 0)
#6 C:\xampp\htdocs\LangkahPeduliNew\app\Models\MateriModel.php(38): CodeIgniter\BaseModel->findAll()
#7 C:\xampp\htdocs\LangkahPeduliNew\app\Controllers\Materi.php(26): App\Models\MateriModel->getMateriByPengajar('1ag')
#8 C:\xampp\htdocs\LangkahPeduliNew\system\CodeIgniter.php(933): App\Controllers\Materi->index()
#9 C:\xampp\htdocs\LangkahPeduliNew\system\CodeIgniter.php(507): CodeIgniter\CodeIgniter->runController(Object(App\Controllers\Materi))
#10 C:\xampp\htdocs\LangkahPeduliNew\system\CodeIgniter.php(354): CodeIgniter\CodeIgniter->handleRequest(NULL, Object(Config\Cache), false)
#11 C:\xampp\htdocs\LangkahPeduliNew\system\Boot.php(363): CodeIgniter\CodeIgniter->run()
#12 C:\xampp\htdocs\LangkahPeduliNew\system\Boot.php(68): CodeIgniter\Boot::runCodeIgniter(Object(CodeIgniter\CodeIgniter))
#13 C:\xampp\htdocs\LangkahPeduliNew\public\index.php(59): CodeIgniter\Boot::bootWeb(Object(Config\Paths))
#14 C:\xampp\htdocs\LangkahPeduliNew\system\rewrite.php(44): require_once('C:\\xampp\\htdocs...')
#15 {main}
CRITICAL - 2025-12-02 14:46:12 --> CodeIgniter\Database\Exceptions\DatabaseException: Table 'newlangkah.kategori' doesn't exist
[Method: GET, Route: dashboard/pengajar/materi]
in SYSTEMPATH\Database\BaseConnection.php on line 684.
 1 SYSTEMPATH\Database\BaseBuilder.php(1649): CodeIgniter\Database\BaseConnection->query('SELECT `materi`.*, `kategori`.`nama_kategori`
FROM `materi`
JOIN `kategori` ON `kategori`.`id` = `materi`.`id_kategori`
WHERE `materi`.`pengajar` = :materi.pengajar:
ORDER BY `materi`.`id` DESC', [...], false)
 2 SYSTEMPATH\Model.php(286): CodeIgniter\Database\BaseBuilder->get()
 3 SYSTEMPATH\BaseModel.php(677): CodeIgniter\Model->doFindAll(0, 0)
 4 APPPATH\Models\MateriModel.php(38): CodeIgniter\BaseModel->findAll()
 5 APPPATH\Controllers\Materi.php(26): App\Models\MateriModel->getMateriByPengajar('1ag')
 6 SYSTEMPATH\CodeIgniter.php(933): App\Controllers\Materi->index()
 7 SYSTEMPATH\CodeIgniter.php(507): CodeIgniter\CodeIgniter->runController(Object(App\Controllers\Materi))
 8 SYSTEMPATH\CodeIgniter.php(354): CodeIgniter\CodeIgniter->handleRequest(null, Object(Config\Cache), false)
 9 SYSTEMPATH\Boot.php(363): CodeIgniter\CodeIgniter->run()
10 SYSTEMPATH\Boot.php(68): CodeIgniter\Boot::runCodeIgniter(Object(CodeIgniter\CodeIgniter))
11 FCPATH\index.php(59): CodeIgniter\Boot::bootWeb(Object(Config\Paths))
12 SYSTEMPATH\rewrite.php(44): require_once('C:\\xampp\\htdocs\\LangkahPeduliNew\\public\\index.php')
CRITICAL - 2025-12-02 14:46:12 --> [Caused by] CodeIgniter\Database\Exceptions\DatabaseException: Table 'newlangkah.kategori' doesn't exist
in SYSTEMPATH\Database\MySQLi\Connection.php on line 332.
 1 SYSTEMPATH\Database\BaseConnection.php(729): CodeIgniter\Database\MySQLi\Connection->execute('SELECT `materi`.*, `kategori`.`nama_kategori`
FROM `materi`
JOIN `kategori` ON `kategori`.`id` = `materi`.`id_kategori`
WHERE `materi`.`pengajar` = \'1ag\'
ORDER BY `materi`.`id` DESC')
 2 SYSTEMPATH\Database\BaseConnection.php(646): CodeIgniter\Database\BaseConnection->simpleQuery('SELECT `materi`.*, `kategori`.`nama_kategori`
FROM `materi`
JOIN `kategori` ON `kategori`.`id` = `materi`.`id_kategori`
WHERE `materi`.`pengajar` = \'1ag\'
ORDER BY `materi`.`id` DESC')
 3 SYSTEMPATH\Database\BaseBuilder.php(1649): CodeIgniter\Database\BaseConnection->query('SELECT `materi`.*, `kategori`.`nama_kategori`
FROM `materi`
JOIN `kategori` ON `kategori`.`id` = `materi`.`id_kategori`
WHERE `materi`.`pengajar` = :materi.pengajar:
ORDER BY `materi`.`id` DESC', [...], false)
 4 SYSTEMPATH\Model.php(286): CodeIgniter\Database\BaseBuilder->get()
 5 SYSTEMPATH\BaseModel.php(677): CodeIgniter\Model->doFindAll(0, 0)
 6 APPPATH\Models\MateriModel.php(38): CodeIgniter\BaseModel->findAll()
 7 APPPATH\Controllers\Materi.php(26): App\Models\MateriModel->getMateriByPengajar('1ag')
 8 SYSTEMPATH\CodeIgniter.php(933): App\Controllers\Materi->index()
 9 SYSTEMPATH\CodeIgniter.php(507): CodeIgniter\CodeIgniter->runController(Object(App\Controllers\Materi))
10 SYSTEMPATH\CodeIgniter.php(354): CodeIgniter\CodeIgniter->handleRequest(null, Object(Config\Cache), false)
11 SYSTEMPATH\Boot.php(363): CodeIgniter\CodeIgniter->run()
12 SYSTEMPATH\Boot.php(68): CodeIgniter\Boot::runCodeIgniter(Object(CodeIgniter\CodeIgniter))
13 FCPATH\index.php(59): CodeIgniter\Boot::bootWeb(Object(Config\Paths))
14 SYSTEMPATH\rewrite.php(44): require_once('C:\\xampp\\htdocs\\LangkahPeduliNew\\public\\index.php')
CRITICAL - 2025-12-02 14:46:12 --> [Caused by] mysqli_sql_exception: Table 'newlangkah.kategori' doesn't exist
in SYSTEMPATH\Database\MySQLi\Connection.php on line 327.
 1 SYSTEMPATH\Database\MySQLi\Connection.php(327): mysqli->query('SELECT `materi`.*, `kategori`.`nama_kategori`
FROM `materi`
JOIN `kategori` ON `kategori`.`id` = `materi`.`id_kategori`
WHERE `materi`.`pengajar` = \'1ag\'
ORDER BY `materi`.`id` DESC', 0)
 2 SYSTEMPATH\Database\BaseConnection.php(729): CodeIgniter\Database\MySQLi\Connection->execute('SELECT `materi`.*, `kategori`.`nama_kategori`
FROM `materi`
JOIN `kategori` ON `kategori`.`id` = `materi`.`id_kategori`
WHERE `materi`.`pengajar` = \'1ag\'
ORDER BY `materi`.`id` DESC')
 3 SYSTEMPATH\Database\BaseConnection.php(646): CodeIgniter\Database\BaseConnection->simpleQuery('SELECT `materi`.*, `kategori`.`nama_kategori`
FROM `materi`
JOIN `kategori` ON `kategori`.`id` = `materi`.`id_kategori`
WHERE `materi`.`pengajar` = \'1ag\'
ORDER BY `materi`.`id` DESC')
 4 SYSTEMPATH\Database\BaseBuilder.php(1649): CodeIgniter\Database\BaseConnection->query('SELECT `materi`.*, `kategori`.`nama_kategori`
FROM `materi`
JOIN `kategori` ON `kategori`.`id` = `materi`.`id_kategori`
WHERE `materi`.`pengajar` = :materi.pengajar:
ORDER BY `materi`.`id` DESC', [...], false)
 5 SYSTEMPATH\Model.php(286): CodeIgniter\Database\BaseBuilder->get()
 6 SYSTEMPATH\BaseModel.php(677): CodeIgniter\Model->doFindAll(0, 0)
 7 APPPATH\Models\MateriModel.php(38): CodeIgniter\BaseModel->findAll()
 8 APPPATH\Controllers\Materi.php(26): App\Models\MateriModel->getMateriByPengajar('1ag')
 9 SYSTEMPATH\CodeIgniter.php(933): App\Controllers\Materi->index()
10 SYSTEMPATH\CodeIgniter.php(507): CodeIgniter\CodeIgniter->runController(Object(App\Controllers\Materi))
11 SYSTEMPATH\CodeIgniter.php(354): CodeIgniter\CodeIgniter->handleRequest(null, Object(Config\Cache), false)
12 SYSTEMPATH\Boot.php(363): CodeIgniter\CodeIgniter->run()
13 SYSTEMPATH\Boot.php(68): CodeIgniter\Boot::runCodeIgniter(Object(CodeIgniter\CodeIgniter))
14 FCPATH\index.php(59): CodeIgniter\Boot::bootWeb(Object(Config\Paths))
15 SYSTEMPATH\rewrite.php(44): require_once('C:\\xampp\\htdocs\\LangkahPeduliNew\\public\\index.php')
DEBUG - 2025-12-02 14:49:07 --> Session: Class initialized using 'CodeIgniter\Session\Handlers\FileHandler' driver.
ERROR - 2025-12-02 14:49:07 --> mysqli_sql_exception: Unknown column 'kategori_mapel.id_kategori' in 'on clause' in C:\xampp\htdocs\LangkahPeduliNew\system\Database\MySQLi\Connection.php:327
Stack trace:
#0 C:\xampp\htdocs\LangkahPeduliNew\system\Database\MySQLi\Connection.php(327): mysqli->query('SELECT `materi`...', 0)
#1 C:\xampp\htdocs\LangkahPeduliNew\system\Database\BaseConnection.php(729): CodeIgniter\Database\MySQLi\Connection->execute('SELECT `materi`...')
#2 C:\xampp\htdocs\LangkahPeduliNew\system\Database\BaseConnection.php(646): CodeIgniter\Database\BaseConnection->simpleQuery('SELECT `materi`...')
#3 C:\xampp\htdocs\LangkahPeduliNew\system\Database\BaseBuilder.php(1649): CodeIgniter\Database\BaseConnection->query('SELECT `materi`...', Array, false)
#4 C:\xampp\htdocs\LangkahPeduliNew\system\Model.php(286): CodeIgniter\Database\BaseBuilder->get()
#5 C:\xampp\htdocs\LangkahPeduliNew\system\BaseModel.php(677): CodeIgniter\Model->doFindAll(0, 0)
#6 C:\xampp\htdocs\LangkahPeduliNew\app\Models\MateriModel.php(38): CodeIgniter\BaseModel->findAll()
#7 C:\xampp\htdocs\LangkahPeduliNew\app\Controllers\Materi.php(26): App\Models\MateriModel->getMateriByPengajar('1ag')
#8 C:\xampp\htdocs\LangkahPeduliNew\system\CodeIgniter.php(933): App\Controllers\Materi->index()
#9 C:\xampp\htdocs\LangkahPeduliNew\system\CodeIgniter.php(507): CodeIgniter\CodeIgniter->runController(Object(App\Controllers\Materi))
#10 C:\xampp\htdocs\LangkahPeduliNew\system\CodeIgniter.php(354): CodeIgniter\CodeIgniter->handleRequest(NULL, Object(Config\Cache), false)
#11 C:\xampp\htdocs\LangkahPeduliNew\system\Boot.php(363): CodeIgniter\CodeIgniter->run()
#12 C:\xampp\htdocs\LangkahPeduliNew\system\Boot.php(68): CodeIgniter\Boot::runCodeIgniter(Object(CodeIgniter\CodeIgniter))
#13 C:\xampp\htdocs\LangkahPeduliNew\public\index.php(59): CodeIgniter\Boot::bootWeb(Object(Config\Paths))
#14 C:\xampp\htdocs\LangkahPeduliNew\system\rewrite.php(44): require_once('C:\\xampp\\htdocs...')
#15 {main}
CRITICAL - 2025-12-02 14:49:07 --> CodeIgniter\Database\Exceptions\DatabaseException: Unknown column 'kategori_mapel.id_kategori' in 'on clause'
[Method: GET, Route: dashboard/pengajar/materi]
in SYSTEMPATH\Database\BaseConnection.php on line 684.
 1 SYSTEMPATH\Database\BaseBuilder.php(1649): CodeIgniter\Database\BaseConnection->query('SELECT `materi`.*, `kategori_mapel`.`nama_kategori`
FROM `materi`
JOIN `kategori_mapel` ON `kategori_mapel`.`id_kategori` = `materi`.`id_kategori`
WHERE `materi`.`pengajar` = :materi.pengajar:
ORDER BY `materi`.`id` DESC', [...], false)
 2 SYSTEMPATH\Model.php(286): CodeIgniter\Database\BaseBuilder->get()
 3 SYSTEMPATH\BaseModel.php(677): CodeIgniter\Model->doFindAll(0, 0)
 4 APPPATH\Models\MateriModel.php(38): CodeIgniter\BaseModel->findAll()
 5 APPPATH\Controllers\Materi.php(26): App\Models\MateriModel->getMateriByPengajar('1ag')
 6 SYSTEMPATH\CodeIgniter.php(933): App\Controllers\Materi->index()
 7 SYSTEMPATH\CodeIgniter.php(507): CodeIgniter\CodeIgniter->runController(Object(App\Controllers\Materi))
 8 SYSTEMPATH\CodeIgniter.php(354): CodeIgniter\CodeIgniter->handleRequest(null, Object(Config\Cache), false)
 9 SYSTEMPATH\Boot.php(363): CodeIgniter\CodeIgniter->run()
10 SYSTEMPATH\Boot.php(68): CodeIgniter\Boot::runCodeIgniter(Object(CodeIgniter\CodeIgniter))
11 FCPATH\index.php(59): CodeIgniter\Boot::bootWeb(Object(Config\Paths))
12 SYSTEMPATH\rewrite.php(44): require_once('C:\\xampp\\htdocs\\LangkahPeduliNew\\public\\index.php')
CRITICAL - 2025-12-02 14:49:07 --> [Caused by] CodeIgniter\Database\Exceptions\DatabaseException: Unknown column 'kategori_mapel.id_kategori' in 'on clause'
in SYSTEMPATH\Database\MySQLi\Connection.php on line 332.
 1 SYSTEMPATH\Database\BaseConnection.php(729): CodeIgniter\Database\MySQLi\Connection->execute('SELECT `materi`.*, `kategori_mapel`.`nama_kategori`
FROM `materi`
JOIN `kategori_mapel` ON `kategori_mapel`.`id_kategori` = `materi`.`id_kategori`
WHERE `materi`.`pengajar` = \'1ag\'
ORDER BY `materi`.`id` DESC')
 2 SYSTEMPATH\Database\BaseConnection.php(646): CodeIgniter\Database\BaseConnection->simpleQuery('SELECT `materi`.*, `kategori_mapel`.`nama_kategori`
FROM `materi`
JOIN `kategori_mapel` ON `kategori_mapel`.`id_kategori` = `materi`.`id_kategori`
WHERE `materi`.`pengajar` = \'1ag\'
ORDER BY `materi`.`id` DESC')
 3 SYSTEMPATH\Database\BaseBuilder.php(1649): CodeIgniter\Database\BaseConnection->query('SELECT `materi`.*, `kategori_mapel`.`nama_kategori`
FROM `materi`
JOIN `kategori_mapel` ON `kategori_mapel`.`id_kategori` = `materi`.`id_kategori`
WHERE `materi`.`pengajar` = :materi.pengajar:
ORDER BY `materi`.`id` DESC', [...], false)
 4 SYSTEMPATH\Model.php(286): CodeIgniter\Database\BaseBuilder->get()
 5 SYSTEMPATH\BaseModel.php(677): CodeIgniter\Model->doFindAll(0, 0)
 6 APPPATH\Models\MateriModel.php(38): CodeIgniter\BaseModel->findAll()
 7 APPPATH\Controllers\Materi.php(26): App\Models\MateriModel->getMateriByPengajar('1ag')
 8 SYSTEMPATH\CodeIgniter.php(933): App\Controllers\Materi->index()
 9 SYSTEMPATH\CodeIgniter.php(507): CodeIgniter\CodeIgniter->runController(Object(App\Controllers\Materi))
10 SYSTEMPATH\CodeIgniter.php(354): CodeIgniter\CodeIgniter->handleRequest(null, Object(Config\Cache), false)
11 SYSTEMPATH\Boot.php(363): CodeIgniter\CodeIgniter->run()
12 SYSTEMPATH\Boot.php(68): CodeIgniter\Boot::runCodeIgniter(Object(CodeIgniter\CodeIgniter))
13 FCPATH\index.php(59): CodeIgniter\Boot::bootWeb(Object(Config\Paths))
14 SYSTEMPATH\rewrite.php(44): require_once('C:\\xampp\\htdocs\\LangkahPeduliNew\\public\\index.php')
CRITICAL - 2025-12-02 14:49:07 --> [Caused by] mysqli_sql_exception: Unknown column 'kategori_mapel.id_kategori' in 'on clause'
in SYSTEMPATH\Database\MySQLi\Connection.php on line 327.
 1 SYSTEMPATH\Database\MySQLi\Connection.php(327): mysqli->query('SELECT `materi`.*, `kategori_mapel`.`nama_kategori`
FROM `materi`
JOIN `kategori_mapel` ON `kategori_mapel`.`id_kategori` = `materi`.`id_kategori`
WHERE `materi`.`pengajar` = \'1ag\'
ORDER BY `materi`.`id` DESC', 0)
 2 SYSTEMPATH\Database\BaseConnection.php(729): CodeIgniter\Database\MySQLi\Connection->execute('SELECT `materi`.*, `kategori_mapel`.`nama_kategori`
FROM `materi`
JOIN `kategori_mapel` ON `kategori_mapel`.`id_kategori` = `materi`.`id_kategori`
WHERE `materi`.`pengajar` = \'1ag\'
ORDER BY `materi`.`id` DESC')
 3 SYSTEMPATH\Database\BaseConnection.php(646): CodeIgniter\Database\BaseConnection->simpleQuery('SELECT `materi`.*, `kategori_mapel`.`nama_kategori`
FROM `materi`
JOIN `kategori_mapel` ON `kategori_mapel`.`id_kategori` = `materi`.`id_kategori`
WHERE `materi`.`pengajar` = \'1ag\'
ORDER BY `materi`.`id` DESC')
 4 SYSTEMPATH\Database\BaseBuilder.php(1649): CodeIgniter\Database\BaseConnection->query('SELECT `materi`.*, `kategori_mapel`.`nama_kategori`
FROM `materi`
JOIN `kategori_mapel` ON `kategori_mapel`.`id_kategori` = `materi`.`id_kategori`
WHERE `materi`.`pengajar` = :materi.pengajar:
ORDER BY `materi`.`id` DESC', [...], false)
 5 SYSTEMPATH\Model.php(286): CodeIgniter\Database\BaseBuilder->get()
 6 SYSTEMPATH\BaseModel.php(677): CodeIgniter\Model->doFindAll(0, 0)
 7 APPPATH\Models\MateriModel.php(38): CodeIgniter\BaseModel->findAll()
 8 APPPATH\Controllers\Materi.php(26): App\Models\MateriModel->getMateriByPengajar('1ag')
 9 SYSTEMPATH\CodeIgniter.php(933): App\Controllers\Materi->index()
10 SYSTEMPATH\CodeIgniter.php(507): CodeIgniter\CodeIgniter->runController(Object(App\Controllers\Materi))
11 SYSTEMPATH\CodeIgniter.php(354): CodeIgniter\CodeIgniter->handleRequest(null, Object(Config\Cache), false)
12 SYSTEMPATH\Boot.php(363): CodeIgniter\CodeIgniter->run()
13 SYSTEMPATH\Boot.php(68): CodeIgniter\Boot::runCodeIgniter(Object(CodeIgniter\CodeIgniter))
14 FCPATH\index.php(59): CodeIgniter\Boot::bootWeb(Object(Config\Paths))
15 SYSTEMPATH\rewrite.php(44): require_once('C:\\xampp\\htdocs\\LangkahPeduliNew\\public\\index.php')
DEBUG - 2025-12-02 14:49:43 --> Session: Class initialized using 'CodeIgniter\Session\Handlers\FileHandler' driver.
DEBUG - 2025-12-02 14:51:53 --> Session: Class initialized using 'CodeIgniter\Session\Handlers\FileHandler' driver.
DEBUG - 2025-12-02 14:53:15 --> Session: Class initialized using 'CodeIgniter\Session\Handlers\FileHandler' driver.
DEBUG - 2025-12-02 14:53:25 --> Session: Class initialized using 'CodeIgniter\Session\Handlers\FileHandler' driver.
DEBUG - 2025-12-02 14:53:25 --> Session: Class initialized using 'CodeIgniter\Session\Handlers\FileHandler' driver.
DEBUG - 2025-12-02 14:53:46 --> Session: Class initialized using 'CodeIgniter\Session\Handlers\FileHandler' driver.
DEBUG - 2025-12-02 14:53:57 --> Session: Class initialized using 'CodeIgniter\Session\Handlers\FileHandler' driver.
DEBUG - 2025-12-02 14:56:27 --> Session: Class initialized using 'CodeIgniter\Session\Handlers\FileHandler' driver.
DEBUG - 2025-12-02 14:57:23 --> Session: Class initialized using 'CodeIgniter\Session\Handlers\FileHandler' driver.
DEBUG - 2025-12-02 14:57:28 --> Session: Class initialized using 'CodeIgniter\Session\Handlers\FileHandler' driver.
DEBUG - 2025-12-02 14:57:46 --> Session: Class initialized using 'CodeIgniter\Session\Handlers\FileHandler' driver.
DEBUG - 2025-12-02 14:57:50 --> Session: Class initialized using 'CodeIgniter\Session\Handlers\FileHandler' driver.
DEBUG - 2025-12-02 14:58:18 --> Session: Class initialized using 'CodeIgniter\Session\Handlers\FileHandler' driver.
DEBUG - 2025-12-02 14:58:19 --> Session: Class initialized using 'CodeIgniter\Session\Handlers\FileHandler' driver.
DEBUG - 2025-12-02 14:58:31 --> Session: Class initialized using 'CodeIgniter\Session\Handlers\FileHandler' driver.
DEBUG - 2025-12-02 14:58:35 --> Session: Class initialized using 'CodeIgniter\Session\Handlers\FileHandler' driver.
DEBUG - 2025-12-02 14:58:43 --> Session: Class initialized using 'CodeIgniter\Session\Handlers\FileHandler' driver.
DEBUG - 2025-12-02 14:58:44 --> Session: Class initialized using 'CodeIgniter\Session\Handlers\FileHandler' driver.
DEBUG - 2025-12-02 14:58:47 --> Session: Class initialized using 'CodeIgniter\Session\Handlers\FileHandler' driver.
DEBUG - 2025-12-02 14:58:49 --> Session: Class initialized using 'CodeIgniter\Session\Handlers\FileHandler' driver.
DEBUG - 2025-12-02 14:58:51 --> Session: Class initialized using 'CodeIgniter\Session\Handlers\FileHandler' driver.
CRITICAL - 2025-12-02 14:58:55 --> CodeIgniter\View\Exceptions\ViewException: Invalid file: "layouts/dashboard_pengajar.php"
[Method: GET, Route: dashboard/pengajar/soal/tambah/9]
in SYSTEMPATH\Exceptions\FrameworkException.php on line 39.
 1 SYSTEMPATH\View\View.php(214): CodeIgniter\Exceptions\FrameworkException::forInvalidFile('layouts/dashboard_pengajar.php')
 2 SYSTEMPATH\View\View.php(242): CodeIgniter\View\View->render('layouts/dashboard_pengajar', [], true)
 3 SYSTEMPATH\Common.php(1167): CodeIgniter\View\View->render('dashboard/pengajar/tambah_soal', [], true)
 4 APPPATH\Controllers\Soal.php(30): view('dashboard/pengajar/tambah_soal', [...])
 5 SYSTEMPATH\CodeIgniter.php(933): App\Controllers\Soal->create('9')
 6 SYSTEMPATH\CodeIgniter.php(507): CodeIgniter\CodeIgniter->runController(Object(App\Controllers\Soal))
 7 SYSTEMPATH\CodeIgniter.php(354): CodeIgniter\CodeIgniter->handleRequest(null, Object(Config\Cache), false)
 8 SYSTEMPATH\Boot.php(363): CodeIgniter\CodeIgniter->run()
 9 SYSTEMPATH\Boot.php(68): CodeIgniter\Boot::runCodeIgniter(Object(CodeIgniter\CodeIgniter))
10 FCPATH\index.php(59): CodeIgniter\Boot::bootWeb(Object(Config\Paths))
11 SYSTEMPATH\rewrite.php(44): require_once('C:\\xampp\\htdocs\\LangkahPeduliNew\\public\\index.php')
DEBUG - 2025-12-02 14:59:31 --> Session: Class initialized using 'CodeIgniter\Session\Handlers\FileHandler' driver.
DEBUG - 2025-12-02 14:59:43 --> Session: Class initialized using 'CodeIgniter\Session\Handlers\FileHandler' driver.
DEBUG - 2025-12-02 14:59:43 --> Session: Class initialized using 'CodeIgniter\Session\Handlers\FileHandler' driver.
DEBUG - 2025-12-02 14:59:48 --> Session: Class initialized using 'CodeIgniter\Session\Handlers\FileHandler' driver.
